codigo_ibge,codigo_siafi,uf,municipio,ano,valor_fpm_anual,meses_com_dados,rank_sc_maior_fpm
4200051,9939,SC,Abdon Batista,1997,808691.81,12,132
4200101,8001,SC,Abelardo Luz,1997,1617383.64,12,51
4200200,8003,SC,Agrolândia,1997,808691.81,12,132
4200309,8005,SC,Agronômica,1997,808691.81,12,132
4200705,8013,SC,Alfredo Wagner,1997,1078255.76,12,95
4200754,886,SC,Alto Bela Vista,1997,808691.81,12,132
4200804,8015,SC,Anchieta,1997,1347819.73,12,75
4200903,8017,SC,Angelina,1997,808691.81,12,132
4201000,8019,SC,Anita Garibaldi,1997,1078255.76,12,95
4201109,8021,SC,Anitápolis,1997,808691.81,12,132
4201208,8023,SC,Antônio Carlos,1997,808691.81,12,132
4201257,9941,SC,Apiúna,1997,1078255.76,12,95
4201273,5597,SC,Arabutã,1997,808691.81,12,132
4201307,8025,SC,Araquari,1997,1347819.73,12,75
4201406,8027,SC,Araranguá,1997,2965203.36,12,14
4201505,8029,SC,Armazém,1997,808691.81,12,132
4201604,8031,SC,Arroio Trinta,1997,808691.81,12,132
4201653,5599,SC,Arvoredo,1997,808691.81,12,132
4201703,8033,SC,Ascurra,1997,808691.81,12,132
4201802,8035,SC,Atalanta,1997,808691.81,12,132
4201901,8037,SC,Aurora,1997,808691.81,12,132
4201950,888,SC,Balneário Arroio do Silva,1997,808691.81,12,132
4202057,5549,SC,Balneário Barra do Sul,1997,808691.81,12,132
4202008,8039,SC,Balneário Camboriú,1997,2695639.44,12,21
4202073,890,SC,Balneário Gaivota,1997,808691.81,12,132
4212809,8251,SC,Balneário Piçarras,1997,1078255.76,12,95
4202081,892,SC,Bandeirante,1997,808691.81,12,132
4202099,894,SC,Barra Bonita,1997,808691.81,12,132
4202107,8041,SC,Barra Velha,1997,1617383.64,12,51
4202131,896,SC,Bela Vista do Toldo,1997,808691.81,12,132
4202156,5745,SC,Belmonte,1997,808691.81,12,132
4202206,8043,SC,Benedito Novo,1997,1078255.76,12,95
4202305,8045,SC,Biguaçu,1997,2156511.56,12,29
4202404,8047,SC,Blumenau,1997,8280085.75,12,2
4202438,898,SC,Bocaina do Sul,1997,808691.81,12,132
4202503,8389,SC,Bom Jardim da Serra,1997,808691.81,12,132
4202537,900,SC,Bom Jesus,1997,808691.81,12,132
4202578,902,SC,Bom Jesus do Oeste,1997,808691.81,12,132
4202602,8049,SC,Bom Retiro,1997,808691.81,12,132
4202453,5537,SC,Bombinhas,1997,808691.81,12,132
4202701,8051,SC,Botuverá,1997,808691.81,12,132
4202800,8053,SC,Braço do Norte,1997,1617383.64,12,51
4202859,5557,SC,Braço do Trombudo,1997,808691.81,12,132
4202875,904,SC,Brunópolis,1997,808691.81,12,132
4202909,8055,SC,Brusque,1997,2965203.36,12,14
4203105,8059,SC,Caibi,1997,1078255.76,12,95
4203154,5553,SC,Calmon,1997,808691.81,12,132
4203204,8061,SC,Camboriú,1997,1886947.59,12,38
4203303,8063,SC,Campo Alegre,1997,1078255.76,12,95
4203402,8065,SC,Campo Belo do Sul,1997,1617383.64,12,51
4203501,8067,SC,Campo Erê,1997,2156511.56,12,29
4203600,8069,SC,Campos Novos,1997,2695639.44,12,21
4203709,8071,SC,Canelinha,1997,808691.81,12,132
4203808,8073,SC,Canoinhas,1997,3234767.33,12,13
4203907,8075,SC,Capinzal,1997,1347819.73,12,75
4203956,5545,SC,Capivari de Baixo,1997,1347819.73,12,75
4203253,906,SC,Capão Alto,1997,808691.81,12,132
4204004,8077,SC,Catanduvas,1997,1347819.73,12,75
4204103,8079,SC,Caxambu do Sul,1997,1078255.76,12,95
4203006,8057,SC,Caçador,1997,2965203.36,12,14
4204152,9943,SC,Celso Ramos,1997,808691.81,12,132
4204178,5567,SC,Cerro Negro,1997,808691.81,12,132
4204194,908,SC,Chapadão do Lageado,1997,808691.81,12,132
4204202,8081,SC,Chapecó,1997,4582587.1,12,7
4204251,5543,SC,Cocal do Sul,1997,1078255.76,12,95
4204301,8083,SC,Concórdia,1997,3504331.29,12,10
4204350,5579,SC,Cordilheira Alta,1997,808691.81,12,132
4204400,8085,SC,Coronel Freitas,1997,1347819.73,12,75
4204459,5735,SC,Coronel Martins,1997,808691.81,12,132
4204558,8395,SC,Correia Pinto,1997,1617383.64,12,51
4204509,8087,SC,Corupá,1997,1078255.76,12,95
4204608,8089,SC,Criciúma,1997,8280085.75,12,2
4204707,8091,SC,Cunha Porã,1997,1078255.76,12,95
4204756,910,SC,Cunhataí,1997,808691.81,12,132
4204806,8093,SC,Curitibanos,1997,2695639.44,12,21
4204905,8095,SC,Descanso,1997,1886947.59,12,38
4205001,8097,SC,Dionísio Cerqueira,1997,1617383.64,12,51
4205100,8099,SC,Dona Emma,1997,808691.81,12,132
4205159,9945,SC,Doutor Pedrinho,1997,808691.81,12,132
4205175,912,SC,Entre Rios,1997,808691.81,12,132
4205191,914,SC,Ermo,1997,808691.81,12,132
4205209,8101,SC,Erval Velho,1997,808691.81,12,132
4205308,8103,SC,Faxinal dos Guedes,1997,1078255.76,12,95
4205357,916,SC,Flor do Sertão,1997,808691.81,12,132
4205407,8105,SC,Florianópolis,1997,15663752.45,12,1
4205431,5581,SC,Formosa do Sul,1997,808691.81,12,132
4205456,973,SC,Forquilhinha,1997,1347819.73,12,75
4205506,8107,SC,Fraiburgo,1997,1886947.59,12,38
4205555,918,SC,Frei Rogério,1997,808691.81,12,132
4205605,8109,SC,Galvão,1997,808691.81,12,132
4205704,8113,SC,Garopaba,1997,1347819.73,12,75
4205803,8115,SC,Garuva,1997,808691.81,12,132
4205902,8117,SC,Gaspar,1997,2156511.56,12,29
4206009,8111,SC,Governador Celso Ramos,1997,1078255.76,12,95
4206207,8121,SC,Gravatal,1997,1078255.76,12,95
4206108,8119,SC,Grão Pará,1997,808691.81,12,132
4206306,8123,SC,Guabiruba,1997,1078255.76,12,95
4206405,8125,SC,Guaraciaba,1997,1347819.73,12,75
4206504,8127,SC,Guaramirim,1997,1617383.64,12,51
4206603,8129,SC,Guarujá do Sul,1997,808691.81,12,132
4206652,5583,SC,Guatambú,1997,808691.81,12,132
4206702,8131,SC,Herval DOeste,1997,1617383.64,12,51
4206751,920,SC,Ibiam,1997,808691.81,12,132
4206801,8133,SC,Ibicaré,1997,808691.81,12,132
4206900,8135,SC,Ibirama,1997,1617383.64,12,51
4207106,8139,SC,Ilhota,1997,808691.81,12,132
4207205,8141,SC,Imaruí,1997,1617383.64,12,51
4207304,8143,SC,Imbituba,1997,2426075.51,12,25
4207403,8145,SC,Imbuia,1997,808691.81,12,132
4207502,8147,SC,Indaial,1997,2156511.56,12,29
4207577,922,SC,Iomerê,1997,808691.81,12,132
4207601,8149,SC,Ipira,1997,808691.81,12,132
4207650,9951,SC,Iporã do Oeste,1997,808691.81,12,132
4207684,5737,SC,Ipuaçu,1997,808691.81,12,132
4207700,8151,SC,Ipumirim,1997,808691.81,12,132
4207759,9953,SC,Iraceminha,1997,808691.81,12,132
4207809,8153,SC,Irani,1997,808691.81,12,132
4207858,5585,SC,Irati,1997,808691.81,12,132
4207908,8155,SC,Irineópolis,1997,808691.81,12,132
4208104,8159,SC,Itaiópolis,1997,1886947.59,12,38
4208203,8161,SC,Itajaí,1997,4582587.1,12,7
4208302,8163,SC,Itapema,1997,1078255.76,12,95
4208401,8165,SC,Itapiranga,1997,1886947.59,12,38
4208450,9985,SC,Itapoá,1997,808691.81,12,132
4208500,8167,SC,Ituporanga,1997,1617383.64,12,51
4208005,8157,SC,Itá,1997,1078255.76,12,95
4207007,8137,SC,Içara,1997,2426075.51,12,25
4208609,8169,SC,Jaborá,1997,808691.81,12,132
4208708,8171,SC,Jacinto Machado,1997,1347819.73,12,75
4208807,8173,SC,Jaguaruna,1997,1886947.59,12,38
4208906,8175,SC,Jaraguá do Sul,1997,3504331.29,12,10
4208955,5587,SC,Jardinópolis,1997,808691.81,12,132
4209003,8177,SC,Joaçaba,1997,2156511.56,12,29
4209102,8179,SC,Joinville,1997,8280085.75,12,2
4209151,9957,SC,José Boiteux,1997,808691.81,12,132
4209177,924,SC,Jupiá,1997,808691.81,12,132
4209201,8181,SC,Lacerdópolis,1997,808691.81,12,132
4209300,8183,SC,Lages,1997,8280085.75,12,2
4209409,8185,SC,Laguna,1997,2965203.36,12,14
4209458,5739,SC,Lajeado Grande,1997,808691.81,12,132
4209508,8187,SC,Laurentino,1997,808691.81,12,132
4209607,8189,SC,Lauro Muller,1997,1347819.73,12,75
4209706,8191,SC,Lebon Régis,1997,1078255.76,12,95
4209805,8193,SC,Leoberto Leal,1997,808691.81,12,132
4209854,9961,SC,Lindóia do Sul,1997,808691.81,12,132
4209904,8195,SC,Lontras,1997,808691.81,12,132
4210001,8197,SC,Luiz Alves,1997,808691.81,12,132
4210035,926,SC,Luzerna,1997,808691.81,12,132
4210050,5575,SC,Macieira,1997,808691.81,12,132
4210100,8199,SC,Mafra,1997,2695639.44,12,21
4210209,8201,SC,Major Gercino,1997,808691.81,12,132
4210308,8203,SC,Major Vieira,1997,808691.81,12,132
4210407,8391,SC,Maracajá,1997,808691.81,12,132
4210506,8205,SC,Maravilha,1997,1886947.59,12,38
4210555,9963,SC,Marema,1997,808691.81,12,132
4210605,8207,SC,Massaranduba,1997,1078255.76,12,95
4210704,8209,SC,Matos Costa,1997,808691.81,12,132
4210803,8211,SC,Meleiro,1997,1078255.76,12,95
4210852,5559,SC,Mirim Doce,1997,808691.81,12,132
4210902,8213,SC,Modelo,1997,1078255.76,12,95
4211009,8215,SC,Mondaí,1997,1617383.64,12,51
4211058,5561,SC,Monte Carlo,1997,808691.81,12,132
4211108,8217,SC,Monte Castelo,1997,808691.81,12,132
4211256,5539,SC,Morro Grande,1997,808691.81,12,132
4211207,8219,SC,Morro da Fumaça,1997,1078255.76,12,95
4211306,8221,SC,Navegantes,1997,1886947.59,12,38
4211405,8223,SC,Nova Erechim,1997,808691.81,12,132
4211454,5589,SC,Nova Itaberaba,1997,808691.81,12,132
4211504,8225,SC,Nova Trento,1997,1078255.76,12,95
4211603,8227,SC,Nova Veneza,1997,1078255.76,12,95
4211652,5591,SC,Novo Horizonte,1997,808691.81,12,132
4211702,8229,SC,Orleans,1997,1617383.64,12,51
4211751,8397,SC,Otacílio Costa,1997,1617383.64,12,51
4211801,8231,SC,Ouro,1997,808691.81,12,132
4211850,5741,SC,Ouro Verde,1997,808691.81,12,132
4211876,928,SC,Paial,1997,808691.81,12,132
4211892,930,SC,Painel,1997,808691.81,12,132
4211900,8233,SC,Palhoça,1997,3504331.29,12,10
4212007,8235,SC,Palma Sola,1997,1078255.76,12,95
4212056,932,SC,Palmeira,1997,808691.81,12,132
4212106,8237,SC,Palmitos,1997,1617383.64,12,51
4212205,8239,SC,Papanduva,1997,1347819.73,12,75
4212239,5747,SC,Paraíso,1997,808691.81,12,132
4212254,5541,SC,Passo de Torres,1997,808691.81,12,132
4212270,5743,SC,Passos Maia,1997,808691.81,12,132
4212304,8241,SC,Paulo Lopes,1997,808691.81,12,132
4212403,8243,SC,Pedras Grandes,1997,808691.81,12,132
4212502,8245,SC,Penha,1997,1347819.73,12,75
4212601,8247,SC,Peritiba,1997,808691.81,12,132
4212700,8249,SC,Petrolândia,1997,808691.81,12,132
4212908,8253,SC,Pinhalzinho,1997,1078255.76,12,95
4213005,8255,SC,Pinheiro Preto,1997,808691.81,12,132
4213104,8257,SC,Piratuba,1997,808691.81,12,132
4213153,5593,SC,Planalto Alegre,1997,808691.81,12,132
4213203,8259,SC,Pomerode,1997,1617383.64,12,51
4213302,8261,SC,Ponte Alta,1997,808691.81,12,132
4213351,5569,SC,Ponte Alta do Norte,1997,808691.81,12,132
4213401,8263,SC,Ponte Serrada,1997,1617383.64,12,51
4213500,8265,SC,Porto Belo,1997,1078255.76,12,95
4213609,8267,SC,Porto União,1997,2156511.56,12,29
4213708,8269,SC,Pouso Redondo,1997,1078255.76,12,95
4213807,8271,SC,Praia Grande,1997,808691.81,12,132
4213906,8273,SC,Presidente Castelo Branco,1997,808691.81,12,132
4214003,8275,SC,Presidente Getúlio,1997,1078255.76,12,95
4214102,8277,SC,Presidente Nereu,1997,808691.81,12,132
4214151,934,SC,Princesa,1997,808691.81,12,132
4214201,8279,SC,Quilombo,1997,2156511.56,12,29
4214300,8281,SC,Rancho Queimado,1997,808691.81,12,132
4214904,8293,SC,Rio Fortuna,1997,808691.81,12,132
4215000,8295,SC,Rio Negrinho,1997,1886947.59,12,38
4215059,5571,SC,Rio Rufino,1997,808691.81,12,132
4214409,8283,SC,Rio das Antas,1997,808691.81,12,132
4214508,8285,SC,Rio do Campo,1997,808691.81,12,132
4214607,8287,SC,Rio do Oeste,1997,808691.81,12,132
4214805,8291,SC,Rio do Sul,1997,2965203.36,12,14
4214706,8289,SC,Rio dos Cedros,1997,1078255.76,12,95
4215075,5749,SC,Riqueza,1997,808691.81,12,132
4215109,8297,SC,Rodeio,1997,1078255.76,12,95
4215208,8299,SC,Romelândia,1997,1078255.76,12,95
4215307,8301,SC,Salete,1997,808691.81,12,132
4215356,936,SC,Saltinho,1997,808691.81,12,132
4215406,8303,SC,Salto Veloso,1997,808691.81,12,132
4215455,5547,SC,Sangão,1997,808691.81,12,132
4215505,8305,SC,Santa Cecília,1997,1347819.73,12,75
4215554,5751,SC,Santa Helena,1997,808691.81,12,132
4215604,8307,SC,Santa Rosa de Lima,1997,808691.81,12,132
4215653,9967,SC,Santa Rosa do Sul,1997,808691.81,12,132
4215679,5555,SC,Santa Terezinha,1997,808691.81,12,132
4215687,938,SC,Santa Terezinha do Progresso,1997,808691.81,12,132
4215695,940,SC,Santiago do Sul,1997,808691.81,12,132
4215703,8309,SC,Santo Amaro da Imperatriz,1997,1347819.73,12,75
4217303,8341,SC,Saudades,1997,1078255.76,12,95
4217402,8343,SC,Schroeder,1997,808691.81,12,132
4217501,8345,SC,Seara,1997,1617383.64,12,51
4217550,9989,SC,Serra Alta,1997,808691.81,12,132
4217600,8347,SC,Siderópolis,1997,1347819.73,12,75
4217709,8349,SC,Sombrio,1997,1617383.64,12,51
4217758,5595,SC,Sul Brasil,1997,808691.81,12,132
4215802,8311,SC,São Bento do Sul,1997,2965203.36,12,14
4215752,942,SC,São Bernardino,1997,808691.81,12,132
4215901,8313,SC,São Bonifácio,1997,808691.81,12,132
4216008,8315,SC,São Carlos,1997,1347819.73,12,75
4216057,5573,SC,São Cristovão do Sul,1997,808691.81,12,132
4216107,8317,SC,São Domingos,1997,1617383.64,12,51
4216206,8319,SC,São Francisco do Sul,1997,1886947.59,12,38
4216503,8325,SC,São Joaquim,1997,1886947.59,12,38
4216602,8327,SC,São José,1997,4852151.0,12,6
4216701,8329,SC,São José do Cedro,1997,1886947.59,12,38
4216800,8331,SC,São José do Cerrito,1997,1347819.73,12,75
4216305,8321,SC,São João Batista,1997,1347819.73,12,75
4216354,5551,SC,São João do Itaperiú,1997,808691.81,12,132
4216255,5753,SC,São João do Oeste,1997,808691.81,12,132
4216404,8323,SC,São João do Sul,1997,808691.81,12,132
4216909,8333,SC,São Lourenço do Oeste,1997,2156511.56,12,29
4217006,8335,SC,São Ludgero,1997,808691.81,12,132
4217105,8337,SC,São Martinho,1997,808691.81,12,132
4217204,8339,SC,São Miguel DOeste,1997,2965203.36,12,14
4217154,5755,SC,São Miguel da Boa Vista,1997,808691.81,12,132
4217253,944,SC,São Pedro de Alcântara,1997,808691.81,12,132
4217808,8351,SC,Taió,1997,1617383.64,12,51
4217907,8353,SC,Tangará,1997,1078255.76,12,95
4217956,946,SC,Tigrinhos,1997,808691.81,12,132
4218004,8355,SC,Tijucas,1997,1617383.64,12,51
4218103,8393,SC,Timbé do Sul,1997,808691.81,12,132
4218202,8357,SC,Timbó,1997,1886947.59,12,38
4218251,9971,SC,Timbó Grande,1997,808691.81,12,132
4218350,948,SC,Treviso,1997,808691.81,12,132
4218509,8363,SC,Treze Tílias,1997,808691.81,12,132
4218400,8361,SC,Treze de Maio,1997,808691.81,12,132
4218608,8365,SC,Trombudo Central,1997,808691.81,12,132
4218301,8359,SC,Três Barras,1997,1617383.64,12,51
4218707,8367,SC,Tubarão,1997,4043459.18,12,9
4218756,9991,SC,Tunápolis,1997,808691.81,12,132
4218806,8369,SC,Turvo,1997,1347819.73,12,75
4218855,9973,SC,União do Oeste,1997,1078255.76,12,95
4218905,8371,SC,Urubici,1997,1078255.76,12,95
4218954,9975,SC,Urupema,1997,808691.81,12,132
4219002,8373,SC,Urussanga,1997,2156511.56,12,29
4219150,5563,SC,Vargem,1997,808691.81,12,132
4219176,5565,SC,Vargem Bonita,1997,808691.81,12,132
4219101,8375,SC,Vargeão,1997,808691.81,12,132
4219200,8377,SC,Vidal Ramos,1997,808691.81,12,132
4219309,8379,SC,Videira,1997,2426075.51,12,25
4219358,9977,SC,Vitor Meireles,1997,808691.81,12,132
4219408,8381,SC,Witmarsum,1997,808691.81,12,132
4219507,8383,SC,Xanxerê,1997,2426075.51,12,25
4219606,8385,SC,Xavantina,1997,808691.81,12,132
4219705,8387,SC,Xaxim,1997,1617383.64,12,51
4219853,950,SC,Zortéa,1997,808692.79,12,131
4200408,8007,SC,Água Doce,1997,808691.81,12,132
4200556,5577,SC,Águas Frias,1997,808691.81,12,132
4200606,8011,SC,Águas Mornas,1997,808691.81,12,132
4200507,8009,SC,Águas de Chapecó,1997,808691.81,12,132
4200051,9939,SC,Abdon Batista,1998,804233.95,12,132
4200101,8001,SC,Abelardo Luz,1998,1608467.5,12,51
4200200,8003,SC,Agrolândia,1998,804233.95,12,132
4200309,8005,SC,Agronômica,1998,804233.95,12,132
4200705,8013,SC,Alfredo Wagner,1998,1072311.75,12,96
4200754,886,SC,Alto Bela Vista,1998,804233.95,12,132
4200804,8015,SC,Anchieta,1998,1340389.66,12,78
4200903,8017,SC,Angelina,1998,804233.95,12,132
4201000,8019,SC,Anita Garibaldi,1998,1072311.75,12,96
4201109,8021,SC,Anitápolis,1998,804233.95,12,132
4201208,8023,SC,Antônio Carlos,1998,804233.95,12,132
4201257,9941,SC,Apiúna,1998,1072311.75,12,96
4201273,5597,SC,Arabutã,1998,804233.95,12,132
4201307,8025,SC,Araquari,1998,1608467.5,12,51
4201406,8027,SC,Araranguá,1998,2948856.83,12,15
4201505,8029,SC,Armazém,1998,804233.95,12,132
4201604,8031,SC,Arroio Trinta,1998,804233.95,12,132
4201653,5599,SC,Arvoredo,1998,804233.95,12,132
4201703,8033,SC,Ascurra,1998,804233.95,12,132
4201802,8035,SC,Atalanta,1998,804233.95,12,132
4201901,8037,SC,Aurora,1998,804233.95,12,132
4201950,888,SC,Balneário Arroio do Silva,1998,804233.95,12,132
4202057,5549,SC,Balneário Barra do Sul,1998,804233.95,12,132
4202008,8039,SC,Balneário Camboriú,1998,2948856.83,12,15
4202073,890,SC,Balneário Gaivota,1998,804233.95,12,132
4212809,8251,SC,Balneário Piçarras,1998,1072311.75,12,96
4202081,892,SC,Bandeirante,1998,804233.95,12,132
4202099,894,SC,Barra Bonita,1998,804233.95,12,132
4202107,8041,SC,Barra Velha,1998,1608467.5,12,51
4202131,896,SC,Bela Vista do Toldo,1998,804233.95,12,132
4202156,5745,SC,Belmonte,1998,804233.95,12,132
4202206,8043,SC,Benedito Novo,1998,1072311.75,12,96
4202305,8045,SC,Biguaçu,1998,2412701.11,12,25
4202404,8047,SC,Blumenau,1998,8069259.34,12,2
4202438,898,SC,Bocaina do Sul,1998,804233.95,12,132
4202503,8389,SC,Bom Jardim da Serra,1998,804233.95,12,132
4202537,900,SC,Bom Jesus,1998,804233.95,12,132
4202578,902,SC,Bom Jesus do Oeste,1998,804233.95,12,132
4202602,8049,SC,Bom Retiro,1998,804233.95,12,132
4202453,5537,SC,Bombinhas,1998,804233.95,12,132
4202701,8051,SC,Botuverá,1998,804233.95,12,132
4202800,8053,SC,Braço do Norte,1998,1608467.5,12,51
4202859,5557,SC,Braço do Trombudo,1998,804233.95,12,132
4202875,904,SC,Brunópolis,1998,804233.95,12,132
4202909,8055,SC,Brusque,1998,3216934.69,12,13
4203105,8059,SC,Caibi,1998,1072311.75,12,96
4203154,5553,SC,Calmon,1998,804233.95,12,132
4203204,8061,SC,Camboriú,1998,2144623.21,12,31
4203303,8063,SC,Campo Alegre,1998,1072311.75,12,96
4203402,8065,SC,Campo Belo do Sul,1998,1608467.5,12,51
4203501,8067,SC,Campo Erê,1998,2144623.21,12,31
4203600,8069,SC,Campos Novos,1998,2680778.9699999997,12,22
4203709,8071,SC,Canelinha,1998,804233.95,12,132
4203808,8073,SC,Canoinhas,1998,3216934.69,12,13
4203907,8075,SC,Capinzal,1998,1340389.66,12,78
4203956,5545,SC,Capivari de Baixo,1998,1608467.5,12,51
4203253,906,SC,Capão Alto,1998,804233.95,12,132
4204004,8077,SC,Catanduvas,1998,1340389.66,12,78
4204103,8079,SC,Caxambu do Sul,1998,1072311.75,12,96
4203006,8057,SC,Caçador,1998,2948856.83,12,15
4204152,9943,SC,Celso Ramos,1998,804233.95,12,132
4204178,5567,SC,Cerro Negro,1998,804233.95,12,132
4204194,908,SC,Chapadão do Lageado,1998,804233.95,12,132
4204202,8081,SC,Chapecó,1998,4825401.83,12,7
4204251,5543,SC,Cocal do Sul,1998,1072311.75,12,96
4204301,8083,SC,Concórdia,1998,3485012.4699999997,12,12
4204350,5579,SC,Cordilheira Alta,1998,804233.95,12,132
4204400,8085,SC,Coronel Freitas,1998,1340389.66,12,78
4204459,5735,SC,Coronel Martins,1998,804233.95,12,132
4204558,8395,SC,Correia Pinto,1998,1608467.5,12,51
4204509,8087,SC,Corupá,1998,1072311.75,12,96
4204608,8089,SC,Criciúma,1998,8069259.34,12,2
4204707,8091,SC,Cunha Porã,1998,1072311.75,12,96
4204756,910,SC,Cunhataí,1998,804233.95,12,132
4204806,8093,SC,Curitibanos,1998,2680778.9699999997,12,22
4204905,8095,SC,Descanso,1998,1876545.3900000001,12,42
4205001,8097,SC,Dionísio Cerqueira,1998,1608467.5,12,51
4205100,8099,SC,Dona Emma,1998,804233.95,12,132
4205159,9945,SC,Doutor Pedrinho,1998,804233.95,12,132
4205175,912,SC,Entre Rios,1998,804233.95,12,132
4205191,914,SC,Ermo,1998,804233.95,12,132
4205209,8101,SC,Erval Velho,1998,804233.95,12,132
4205308,8103,SC,Faxinal dos Guedes,1998,1072311.75,12,96
4205357,916,SC,Flor do Sertão,1998,804233.95,12,132
4205407,8105,SC,Florianópolis,1998,15664856.32,12,1
4205431,5581,SC,Formosa do Sul,1998,804233.95,12,132
4205456,973,SC,Forquilhinha,1998,1340389.66,12,78
4205506,8107,SC,Fraiburgo,1998,2144623.21,12,31
4205555,918,SC,Frei Rogério,1998,804233.95,12,132
4205605,8109,SC,Galvão,1998,804233.95,12,132
4205704,8113,SC,Garopaba,1998,1340389.66,12,78
4205803,8115,SC,Garuva,1998,1072311.75,12,96
4205902,8117,SC,Gaspar,1998,2412701.11,12,25
4206009,8111,SC,Governador Celso Ramos,1998,1072311.75,12,96
4206207,8121,SC,Gravatal,1998,1072311.75,12,96
4206108,8119,SC,Grão Pará,1998,804233.95,12,132
4206306,8123,SC,Guabiruba,1998,1072311.75,12,96
4206405,8125,SC,Guaraciaba,1998,1340389.66,12,78
4206504,8127,SC,Guaramirim,1998,1608467.5,12,51
4206603,8129,SC,Guarujá do Sul,1998,804233.95,12,132
4206652,5583,SC,Guatambú,1998,804233.95,12,132
4206702,8131,SC,Herval DOeste,1998,1608467.5,12,51
4206751,920,SC,Ibiam,1998,804233.95,12,132
4206801,8133,SC,Ibicaré,1998,804233.95,12,132
4206900,8135,SC,Ibirama,1998,1608467.5,12,51
4207106,8139,SC,Ilhota,1998,804233.95,12,132
4207205,8141,SC,Imaruí,1998,1608467.5,12,51
4207304,8143,SC,Imbituba,1998,2412701.11,12,25
4207403,8145,SC,Imbuia,1998,804233.95,12,132
4207502,8147,SC,Indaial,1998,2144623.21,12,31
4207577,922,SC,Iomerê,1998,804233.95,12,132
4207601,8149,SC,Ipira,1998,804233.95,12,132
4207650,9951,SC,Iporã do Oeste,1998,804233.95,12,132
4207684,5737,SC,Ipuaçu,1998,804233.95,12,132
4207700,8151,SC,Ipumirim,1998,804233.95,12,132
4207759,9953,SC,Iraceminha,1998,804233.95,12,132
4207809,8153,SC,Irani,1998,804233.95,12,132
4207858,5585,SC,Irati,1998,804233.95,12,132
4207908,8155,SC,Irineópolis,1998,804233.95,12,132
4208104,8159,SC,Itaiópolis,1998,1876545.3900000001,12,42
4208203,8161,SC,Itajaí,1998,4825401.83,12,7
4208302,8163,SC,Itapema,1998,1608467.5,12,51
4208401,8165,SC,Itapiranga,1998,1876545.3900000001,12,42
4208450,9985,SC,Itapoá,1998,804233.95,12,132
4208500,8167,SC,Ituporanga,1998,1608467.5,12,51
4208005,8157,SC,Itá,1998,1072311.75,12,96
4207007,8137,SC,Içara,1998,2412701.11,12,25
4208609,8169,SC,Jaborá,1998,804233.95,12,132
4208708,8171,SC,Jacinto Machado,1998,1340389.66,12,78
4208807,8173,SC,Jaguaruna,1998,1876545.3900000001,12,42
4208906,8175,SC,Jaraguá do Sul,1998,4021168.31,12,9
4208955,5587,SC,Jardinópolis,1998,804233.95,12,132
4209003,8177,SC,Joaçaba,1998,2144623.21,12,31
4209102,8179,SC,Joinville,1998,8069259.34,12,2
4209151,9957,SC,José Boiteux,1998,804233.95,12,132
4209177,924,SC,Jupiá,1998,804233.95,12,132
4209201,8181,SC,Lacerdópolis,1998,804233.95,12,132
4209300,8183,SC,Lages,1998,8069259.34,12,2
4209409,8185,SC,Laguna,1998,2948856.83,12,15
4209458,5739,SC,Lajeado Grande,1998,804233.95,12,132
4209508,8187,SC,Laurentino,1998,804233.95,12,132
4209607,8189,SC,Lauro Muller,1998,1340389.66,12,78
4209706,8191,SC,Lebon Régis,1998,1072311.75,12,96
4209805,8193,SC,Leoberto Leal,1998,804233.95,12,132
4209854,9961,SC,Lindóia do Sul,1998,804233.95,12,132
4209904,8195,SC,Lontras,1998,804233.95,12,132
4210001,8197,SC,Luiz Alves,1998,804233.95,12,132
4210035,926,SC,Luzerna,1998,804233.95,12,132
4210050,5575,SC,Macieira,1998,804233.95,12,132
4210100,8199,SC,Mafra,1998,2680778.9699999997,12,22
4210209,8201,SC,Major Gercino,1998,804233.95,12,132
4210308,8203,SC,Major Vieira,1998,804233.95,12,132
4210407,8391,SC,Maracajá,1998,804233.95,12,132
4210506,8205,SC,Maravilha,1998,1876545.3900000001,12,42
4210555,9963,SC,Marema,1998,804233.95,12,132
4210605,8207,SC,Massaranduba,1998,1072311.75,12,96
4210704,8209,SC,Matos Costa,1998,804233.95,12,132
4210803,8211,SC,Meleiro,1998,1072311.75,12,96
4210852,5559,SC,Mirim Doce,1998,804233.95,12,132
4210902,8213,SC,Modelo,1998,1072311.75,12,96
4211009,8215,SC,Mondaí,1998,1608467.5,12,51
4211058,5561,SC,Monte Carlo,1998,804233.95,12,132
4211108,8217,SC,Monte Castelo,1998,804233.95,12,132
4211256,5539,SC,Morro Grande,1998,804233.95,12,132
4211207,8219,SC,Morro da Fumaça,1998,1072311.75,12,96
4211306,8221,SC,Navegantes,1998,2144623.21,12,31
4211405,8223,SC,Nova Erechim,1998,804233.95,12,132
4211454,5589,SC,Nova Itaberaba,1998,804233.95,12,132
4211504,8225,SC,Nova Trento,1998,1072311.75,12,96
4211603,8227,SC,Nova Veneza,1998,1072311.75,12,96
4211652,5591,SC,Novo Horizonte,1998,804233.95,12,132
4211702,8229,SC,Orleans,1998,1608467.5,12,51
4211751,8397,SC,Otacílio Costa,1998,1608467.5,12,51
4211801,8231,SC,Ouro,1998,804233.95,12,132
4211850,5741,SC,Ouro Verde,1998,804233.95,12,132
4211876,928,SC,Paial,1998,804233.95,12,132
4211892,930,SC,Painel,1998,804233.95,12,132
4211900,8233,SC,Palhoça,1998,3753090.4,12,11
4212007,8235,SC,Palma Sola,1998,1072311.75,12,96
4212056,932,SC,Palmeira,1998,804233.95,12,132
4212106,8237,SC,Palmitos,1998,1608467.5,12,51
4212205,8239,SC,Papanduva,1998,1340389.66,12,78
4212239,5747,SC,Paraíso,1998,804233.95,12,132
4212254,5541,SC,Passo de Torres,1998,804233.95,12,132
4212270,5743,SC,Passos Maia,1998,804233.95,12,132
4212304,8241,SC,Paulo Lopes,1998,804233.95,12,132
4212403,8243,SC,Pedras Grandes,1998,804233.95,12,132
4212502,8245,SC,Penha,1998,1340389.66,12,78
4212601,8247,SC,Peritiba,1998,804233.95,12,132
4212700,8249,SC,Petrolândia,1998,804233.95,12,132
4212908,8253,SC,Pinhalzinho,1998,1072311.75,12,96
4213005,8255,SC,Pinheiro Preto,1998,804233.95,12,132
4213104,8257,SC,Piratuba,1998,804233.95,12,132
4213153,5593,SC,Planalto Alegre,1998,804233.95,12,132
4213203,8259,SC,Pomerode,1998,1608467.5,12,51
4213302,8261,SC,Ponte Alta,1998,804233.95,12,132
4213351,5569,SC,Ponte Alta do Norte,1998,804233.95,12,132
4213401,8263,SC,Ponte Serrada,1998,1608467.5,12,51
4213500,8265,SC,Porto Belo,1998,1072311.75,12,96
4213609,8267,SC,Porto União,1998,2144623.21,12,31
4213708,8269,SC,Pouso Redondo,1998,1072311.75,12,96
4213807,8271,SC,Praia Grande,1998,804233.95,12,132
4213906,8273,SC,Presidente Castelo Branco,1998,804233.95,12,132
4214003,8275,SC,Presidente Getúlio,1998,1072311.75,12,96
4214102,8277,SC,Presidente Nereu,1998,804233.95,12,132
4214151,934,SC,Princesa,1998,804233.95,12,132
4214201,8279,SC,Quilombo,1998,2144623.21,12,31
4214300,8281,SC,Rancho Queimado,1998,804233.95,12,132
4214904,8293,SC,Rio Fortuna,1998,804233.95,12,132
4215000,8295,SC,Rio Negrinho,1998,2144623.21,12,31
4215059,5571,SC,Rio Rufino,1998,804233.95,12,132
4214409,8283,SC,Rio das Antas,1998,804233.95,12,132
4214508,8285,SC,Rio do Campo,1998,804233.95,12,132
4214607,8287,SC,Rio do Oeste,1998,804233.95,12,132
4214805,8291,SC,Rio do Sul,1998,2948856.83,12,15
4214706,8289,SC,Rio dos Cedros,1998,1072311.75,12,96
4215075,5749,SC,Riqueza,1998,804233.95,12,132
4215109,8297,SC,Rodeio,1998,1072311.75,12,96
4215208,8299,SC,Romelândia,1998,1072311.75,12,96
4215307,8301,SC,Salete,1998,804233.95,12,132
4215356,936,SC,Saltinho,1998,804233.95,12,132
4215406,8303,SC,Salto Veloso,1998,804233.95,12,132
4215455,5547,SC,Sangão,1998,804233.95,12,132
4215505,8305,SC,Santa Cecília,1998,1340389.66,12,78
4215554,5751,SC,Santa Helena,1998,804233.95,12,132
4215604,8307,SC,Santa Rosa de Lima,1998,804233.95,12,132
4215653,9967,SC,Santa Rosa do Sul,1998,804233.95,12,132
4215679,5555,SC,Santa Terezinha,1998,804233.95,12,132
4215687,938,SC,Santa Terezinha do Progresso,1998,804233.95,12,132
4215695,940,SC,Santiago do Sul,1998,804233.95,12,132
4215703,8309,SC,Santo Amaro da Imperatriz,1998,1340389.66,12,78
4217303,8341,SC,Saudades,1998,1072311.75,12,96
4217402,8343,SC,Schroeder,1998,804233.95,12,132
4217501,8345,SC,Seara,1998,1608467.5,12,51
4217550,9989,SC,Serra Alta,1998,804233.95,12,132
4217600,8347,SC,Siderópolis,1998,1340389.66,12,78
4217709,8349,SC,Sombrio,1998,1608467.5,12,51
4217758,5595,SC,Sul Brasil,1998,804233.95,12,132
4215802,8311,SC,São Bento do Sul,1998,2948856.83,12,15
4215752,942,SC,São Bernardino,1998,804233.95,12,132
4215901,8313,SC,São Bonifácio,1998,804233.95,12,132
4216008,8315,SC,São Carlos,1998,1340389.66,12,78
4216057,5573,SC,São Cristovão do Sul,1998,804233.95,12,132
4216107,8317,SC,São Domingos,1998,1608467.5,12,51
4216206,8319,SC,São Francisco do Sul,1998,1876545.3900000001,12,42
4216503,8325,SC,São Joaquim,1998,1876545.3900000001,12,42
4216602,8327,SC,São José,1998,5093479.7,12,6
4216701,8329,SC,São José do Cedro,1998,1876545.3900000001,12,42
4216800,8331,SC,São José do Cerrito,1998,1340389.66,12,78
4216305,8321,SC,São João Batista,1998,1340389.66,12,78
4216354,5551,SC,São João do Itaperiú,1998,804233.95,12,132
4216255,5753,SC,São João do Oeste,1998,804233.95,12,132
4216404,8323,SC,São João do Sul,1998,804233.95,12,132
4216909,8333,SC,São Lourenço do Oeste,1998,2144623.21,12,31
4217006,8335,SC,São Ludgero,1998,804233.95,12,132
4217105,8337,SC,São Martinho,1998,804233.95,12,132
4217204,8339,SC,São Miguel DOeste,1998,2948856.83,12,15
4217154,5755,SC,São Miguel da Boa Vista,1998,804233.95,12,132
4217253,944,SC,São Pedro de Alcântara,1998,804233.95,12,132
4217808,8351,SC,Taió,1998,1608467.5,12,51
4217907,8353,SC,Tangará,1998,1072311.75,12,96
4217956,946,SC,Tigrinhos,1998,804233.95,12,132
4218004,8355,SC,Tijucas,1998,1608467.5,12,51
4218103,8393,SC,Timbé do Sul,1998,804233.95,12,132
4218202,8357,SC,Timbó,1998,1876545.3900000001,12,42
4218251,9971,SC,Timbó Grande,1998,804233.95,12,132
4218350,948,SC,Treviso,1998,804233.95,12,132
4218509,8363,SC,Treze Tílias,1998,804233.95,12,132
4218400,8361,SC,Treze de Maio,1998,804233.95,12,132
4218608,8365,SC,Trombudo Central,1998,804233.95,12,132
4218301,8359,SC,Três Barras,1998,1608467.5,12,51
4218707,8367,SC,Tubarão,1998,4021168.31,12,9
4218756,9991,SC,Tunápolis,1998,804233.95,12,132
4218806,8369,SC,Turvo,1998,1340389.66,12,78
4218855,9973,SC,União do Oeste,1998,1072311.75,12,96
4218905,8371,SC,Urubici,1998,1072311.75,12,96
4218954,9975,SC,Urupema,1998,804233.95,12,132
4219002,8373,SC,Urussanga,1998,2144623.21,12,31
4219150,5563,SC,Vargem,1998,804233.95,12,132
4219176,5565,SC,Vargem Bonita,1998,804233.95,12,132
4219101,8375,SC,Vargeão,1998,804233.95,12,132
4219200,8377,SC,Vidal Ramos,1998,804233.95,12,132
4219309,8379,SC,Videira,1998,2412701.11,12,25
4219358,9977,SC,Vitor Meireles,1998,804233.95,12,132
4219408,8381,SC,Witmarsum,1998,804233.95,12,132
4219507,8383,SC,Xanxerê,1998,2412701.11,12,25
4219606,8385,SC,Xavantina,1998,804233.95,12,132
4219705,8387,SC,Xaxim,1998,1608467.5,12,51
4219853,950,SC,Zortéa,1998,804230.59,12,293
4200408,8007,SC,Água Doce,1998,804233.95,12,132
4200556,5577,SC,Águas Frias,1998,804233.95,12,132
4200606,8011,SC,Águas Mornas,1998,804233.95,12,132
4200507,8009,SC,Águas de Chapecó,1998,804233.95,12,132
4200051,9939,SC,Abdon Batista,1999,913348.42,12,134
4200101,8001,SC,Abelardo Luz,1999,1727953.12,12,66
4200200,8003,SC,Agrolândia,1999,913348.42,12,134
4200309,8005,SC,Agronômica,1999,913348.42,12,134
4200705,8013,SC,Alfredo Wagner,1999,1132107.43,12,112
4200754,886,SC,Alto Bela Vista,1999,913348.42,12,134
4200804,8015,SC,Anchieta,1999,1370445.69,12,93
4200903,8017,SC,Angelina,1999,913348.42,12,134
4201000,8019,SC,Anita Garibaldi,1999,1132107.43,12,112
4201109,8021,SC,Anitápolis,1999,913348.42,12,134
4201208,8023,SC,Antônio Carlos,1999,913348.42,12,134
4201257,9941,SC,Apiúna,1999,1132107.43,12,112
4201273,5597,SC,Arabutã,1999,913348.42,12,134
4201307,8025,SC,Araquari,1999,1826696.3399999999,12,52
4201406,8027,SC,Araranguá,1999,3348942.87,12,17
4201505,8029,SC,Armazém,1999,913348.42,12,134
4201604,8031,SC,Arroio Trinta,1999,913348.42,12,134
4201653,5599,SC,Arvoredo,1999,913348.42,12,134
4201703,8033,SC,Ascurra,1999,913348.42,12,134
4201802,8035,SC,Atalanta,1999,913348.42,12,134
4201901,8037,SC,Aurora,1999,913348.42,12,134
4201950,888,SC,Balneário Arroio do Silva,1999,913348.42,12,134
4202057,5549,SC,Balneário Barra do Sul,1999,913348.42,12,134
4202008,8039,SC,Balneário Camboriú,1999,3653392.25,12,14
4202073,890,SC,Balneário Gaivota,1999,913348.42,12,134
4212809,8251,SC,Balneário Piçarras,1999,1132107.43,12,112
4202081,892,SC,Bandeirante,1999,913348.42,12,134
4202099,894,SC,Barra Bonita,1999,913348.42,12,134
4202107,8041,SC,Barra Velha,1999,1727953.12,12,66
4202131,896,SC,Bela Vista do Toldo,1999,913348.42,12,134
4202156,5745,SC,Belmonte,1999,913348.42,12,134
4202206,8043,SC,Benedito Novo,1999,1132107.43,12,112
4202305,8045,SC,Biguaçu,1999,2740044.29,12,26
4202404,8047,SC,Blumenau,1999,8862928.05,12,2
4202438,898,SC,Bocaina do Sul,1999,913348.42,12,134
4202503,8389,SC,Bom Jardim da Serra,1999,913348.42,12,134
4202537,900,SC,Bom Jesus,1999,913348.42,12,134
4202578,902,SC,Bom Jesus do Oeste,1999,913348.42,12,134
4202602,8049,SC,Bom Retiro,1999,913348.42,12,134
4202453,5537,SC,Bombinhas,1999,913348.42,12,134
4202701,8051,SC,Botuverá,1999,913348.42,12,134
4202800,8053,SC,Braço do Norte,1999,1826696.3399999999,12,52
4202859,5557,SC,Braço do Trombudo,1999,913348.42,12,134
4202875,904,SC,Brunópolis,1999,913348.42,12,134
4202909,8055,SC,Brusque,1999,3957841.52,12,12
4203105,8059,SC,Caibi,1999,1132107.43,12,112
4203154,5553,SC,Calmon,1999,913348.42,12,134
4203204,8061,SC,Camboriú,1999,2435594.97,12,32
4203303,8063,SC,Campo Alegre,1999,1217797.69,12,97
4203402,8065,SC,Campo Belo do Sul,1999,1608783.9100000001,12,76
4203501,8067,SC,Campo Erê,1999,2145044.98,12,40
4203600,8069,SC,Campos Novos,1999,2800475.25,12,25
4203709,8071,SC,Canelinha,1999,913348.42,12,134
4203808,8073,SC,Canoinhas,1999,3455905.64,12,16
4203907,8075,SC,Capinzal,1999,1522247.06,12,79
4203956,5545,SC,Capivari de Baixo,1999,1826696.3399999999,12,52
4203253,906,SC,Capão Alto,1999,913348.42,12,134
4204004,8077,SC,Catanduvas,1999,1370445.69,12,93
4204103,8079,SC,Caxambu do Sul,1999,1132107.43,12,112
4203006,8057,SC,Caçador,1999,3653392.25,12,14
4204152,9943,SC,Celso Ramos,1999,913348.42,12,134
4204178,5567,SC,Cerro Negro,1999,913348.42,12,134
4204194,908,SC,Chapadão do Lageado,1999,913348.42,12,134
4204202,8081,SC,Chapecó,1999,5480088.06,12,7
4204251,5543,SC,Cocal do Sul,1999,1217797.69,12,97
4204301,8083,SC,Concórdia,1999,3753828.46,12,13
4204350,5579,SC,Cordilheira Alta,1999,913348.42,12,134
4204400,8085,SC,Coronel Freitas,1999,1430030.29,12,85
4204459,5735,SC,Coronel Martins,1999,913348.42,12,134
4204558,8395,SC,Correia Pinto,1999,1668368.56,12,71
4204509,8087,SC,Corupá,1999,1217797.69,12,97
4204608,8089,SC,Criciúma,1999,8862926.95,12,3
4204707,8091,SC,Cunha Porã,1999,1217797.69,12,97
4204756,910,SC,Cunhataí,1999,913348.42,12,134
4204806,8093,SC,Curitibanos,1999,2860059.81,12,24
4204905,8095,SC,Descanso,1999,1847122.24,12,51
4205001,8097,SC,Dionísio Cerqueira,1999,1727953.12,12,66
4205100,8099,SC,Dona Emma,1999,913348.42,12,134
4205159,9945,SC,Doutor Pedrinho,1999,913348.42,12,134
4205175,912,SC,Entre Rios,1999,913348.42,12,134
4205191,914,SC,Ermo,1999,913348.42,12,134
4205209,8101,SC,Erval Velho,1999,913348.42,12,134
4205308,8103,SC,Faxinal dos Guedes,1999,1217797.69,12,97
4205357,916,SC,Flor do Sertão,1999,913348.42,12,134
4205407,8105,SC,Florianópolis,1999,17470350.73,12,1
4205431,5581,SC,Formosa do Sul,1999,913348.42,12,134
4205456,973,SC,Forquilhinha,1999,1826696.3399999999,12,52
4205506,8107,SC,Fraiburgo,1999,2435594.97,12,32
4205555,918,SC,Frei Rogério,1999,913348.42,12,134
4205605,8109,SC,Galvão,1999,913348.42,12,134
4205704,8113,SC,Garopaba,1999,1430030.29,12,85
4205803,8115,SC,Garuva,1999,1217797.69,12,97
4205902,8117,SC,Gaspar,1999,2740044.29,12,26
4206009,8111,SC,Governador Celso Ramos,1999,1217797.69,12,97
4206207,8121,SC,Gravatal,1999,1132107.43,12,112
4206108,8119,SC,Grão Pará,1999,913348.42,12,134
4206306,8123,SC,Guabiruba,1999,1217797.69,12,97
4206405,8125,SC,Guaraciaba,1999,1430030.29,12,85
4206504,8127,SC,Guaramirim,1999,1826696.3399999999,12,52
4206603,8129,SC,Guarujá do Sul,1999,913348.42,12,134
4206652,5583,SC,Guatambú,1999,913348.42,12,134
4206702,8131,SC,Herval DOeste,1999,1826696.3399999999,12,52
4206751,920,SC,Ibiam,1999,913348.42,12,134
4206801,8133,SC,Ibicaré,1999,913348.42,12,134
4206900,8135,SC,Ibirama,1999,1668368.56,12,71
4207106,8139,SC,Ilhota,1999,1217797.69,12,97
4207205,8141,SC,Imaruí,1999,1668368.56,12,71
4207304,8143,SC,Imbituba,1999,2621721.67,12,31
4207403,8145,SC,Imbuia,1999,913348.42,12,134
4207502,8147,SC,Indaial,1999,2740044.29,12,26
4207577,922,SC,Iomerê,1999,913348.42,12,134
4207601,8149,SC,Ipira,1999,913348.42,12,134
4207650,9951,SC,Iporã do Oeste,1999,913348.42,12,134
4207684,5737,SC,Ipuaçu,1999,913348.42,12,134
4207700,8151,SC,Ipumirim,1999,913348.42,12,134
4207759,9953,SC,Iraceminha,1999,913348.42,12,134
4207809,8153,SC,Irani,1999,913348.42,12,134
4207858,5585,SC,Irati,1999,913348.42,12,134
4207908,8155,SC,Irineópolis,1999,913348.42,12,134
4208104,8159,SC,Itaiópolis,1999,2025875.97,12,45
4208203,8161,SC,Itajaí,1999,5480088.06,12,7
4208302,8163,SC,Itapema,1999,1826696.3399999999,12,52
4208401,8165,SC,Itapiranga,1999,1966291.45,12,48
4208450,9985,SC,Itapoá,1999,913348.42,12,134
4208500,8167,SC,Ituporanga,1999,1826696.3399999999,12,52
4208005,8157,SC,Itá,1999,1132107.43,12,112
4207007,8137,SC,Içara,1999,3044493.56,12,22
4208609,8169,SC,Jaborá,1999,913348.42,12,134
4208708,8171,SC,Jacinto Machado,1999,1430030.29,12,85
4208807,8173,SC,Jaguaruna,1999,1966291.45,12,48
4208906,8175,SC,Jaraguá do Sul,1999,4566740.21,12,9
4208955,5587,SC,Jardinópolis,1999,913348.42,12,134
4209003,8177,SC,Joaçaba,1999,2264214.16,12,37
4209102,8179,SC,Joinville,1999,8862926.95,12,3
4209151,9957,SC,José Boiteux,1999,913348.42,12,134
4209177,924,SC,Jupiá,1999,913348.42,12,134
4209201,8181,SC,Lacerdópolis,1999,913348.42,12,134
4209300,8183,SC,Lages,1999,8007961.31,12,6
4209409,8185,SC,Laguna,1999,3157982.72,12,20
4209458,5739,SC,Lajeado Grande,1999,913348.42,12,134
4209508,8187,SC,Laurentino,1999,913348.42,12,134
4209607,8189,SC,Lauro Muller,1999,1430030.29,12,85
4209706,8191,SC,Lebon Régis,1999,1217797.69,12,97
4209805,8193,SC,Leoberto Leal,1999,913348.42,12,134
4209854,9961,SC,Lindóia do Sul,1999,913348.42,12,134
4209904,8195,SC,Lontras,1999,913348.42,12,134
4210001,8197,SC,Luiz Alves,1999,913348.42,12,134
4210035,926,SC,Luzerna,1999,913348.42,12,134
4210050,5575,SC,Macieira,1999,913348.42,12,134
4210100,8199,SC,Mafra,1999,3044493.56,12,22
4210209,8201,SC,Major Gercino,1999,913348.42,12,134
4210308,8203,SC,Major Vieira,1999,913348.42,12,134
4210407,8391,SC,Maracajá,1999,913348.42,12,134
4210506,8205,SC,Maravilha,1999,2025875.97,12,45
4210555,9963,SC,Marema,1999,913348.42,12,134
4210605,8207,SC,Massaranduba,1999,1217797.69,12,97
4210704,8209,SC,Matos Costa,1999,913348.42,12,134
4210803,8211,SC,Meleiro,1999,1132107.43,12,112
4210852,5559,SC,Mirim Doce,1999,913348.42,12,134
4210902,8213,SC,Modelo,1999,1132107.43,12,112
4211009,8215,SC,Mondaí,1999,1608783.9100000001,12,76
4211058,5561,SC,Monte Carlo,1999,913348.42,12,134
4211108,8217,SC,Monte Castelo,1999,913348.42,12,134
4211256,5539,SC,Morro Grande,1999,913348.42,12,134
4211207,8219,SC,Morro da Fumaça,1999,1522247.06,12,79
4211306,8221,SC,Navegantes,1999,2435594.97,12,32
4211405,8223,SC,Nova Erechim,1999,913348.42,12,134
4211454,5589,SC,Nova Itaberaba,1999,913348.42,12,134
4211504,8225,SC,Nova Trento,1999,1132107.43,12,112
4211603,8227,SC,Nova Veneza,1999,1132107.43,12,112
4211652,5591,SC,Novo Horizonte,1999,913348.42,12,134
4211702,8229,SC,Orleans,1999,1826696.3399999999,12,52
4211751,8397,SC,Otacílio Costa,1999,1668368.56,12,71
4211801,8231,SC,Ouro,1999,913348.42,12,134
4211850,5741,SC,Ouro Verde,1999,913348.42,12,134
4211876,928,SC,Paial,1999,913348.42,12,134
4211892,930,SC,Painel,1999,913348.42,12,134
4211900,8233,SC,Palhoça,1999,4262290.85,12,11
4212007,8235,SC,Palma Sola,1999,1132107.43,12,112
4212056,932,SC,Palmeira,1999,913348.42,12,134
4212106,8237,SC,Palmitos,1999,1826696.3399999999,12,52
4212205,8239,SC,Papanduva,1999,1522247.06,12,79
4212239,5747,SC,Paraíso,1999,913348.42,12,134
4212254,5541,SC,Passo de Torres,1999,913348.42,12,134
4212270,5743,SC,Passos Maia,1999,913348.42,12,134
4212304,8241,SC,Paulo Lopes,1999,913348.42,12,134
4212403,8243,SC,Pedras Grandes,1999,913348.42,12,134
4212502,8245,SC,Penha,1999,1522247.06,12,79
4212601,8247,SC,Peritiba,1999,913348.42,12,134
4212700,8249,SC,Petrolândia,1999,913348.42,12,134
4212908,8253,SC,Pinhalzinho,1999,1217797.69,12,97
4213005,8255,SC,Pinheiro Preto,1999,913348.42,12,134
4213104,8257,SC,Piratuba,1999,913348.42,12,134
4213153,5593,SC,Planalto Alegre,1999,913348.42,12,134
4213203,8259,SC,Pomerode,1999,1826696.3399999999,12,52
4213302,8261,SC,Ponte Alta,1999,913348.42,12,134
4213351,5569,SC,Ponte Alta do Norte,1999,913348.42,12,134
4213401,8263,SC,Ponte Serrada,1999,1668368.56,12,71
4213500,8265,SC,Porto Belo,1999,1132107.43,12,112
4213609,8267,SC,Porto União,1999,2435594.97,12,32
4213708,8269,SC,Pouso Redondo,1999,1217797.69,12,97
4213807,8271,SC,Praia Grande,1999,913348.42,12,134
4213906,8273,SC,Presidente Castelo Branco,1999,913348.42,12,134
4214003,8275,SC,Presidente Getúlio,1999,1217797.69,12,97
4214102,8277,SC,Presidente Nereu,1999,913348.42,12,134
4214151,934,SC,Princesa,1999,913348.42,12,134
4214201,8279,SC,Quilombo,1999,2145044.98,12,40
4214300,8281,SC,Rancho Queimado,1999,913348.42,12,134
4214904,8293,SC,Rio Fortuna,1999,913348.42,12,134
4215000,8295,SC,Rio Negrinho,1999,2435594.97,12,32
4215059,5571,SC,Rio Rufino,1999,913348.42,12,134
4214409,8283,SC,Rio das Antas,1999,913348.42,12,134
4214508,8285,SC,Rio do Campo,1999,913348.42,12,134
4214607,8287,SC,Rio do Oeste,1999,913348.42,12,134
4214805,8291,SC,Rio do Sul,1999,3217567.34,12,19
4214706,8289,SC,Rio dos Cedros,1999,1132107.43,12,112
4215075,5749,SC,Riqueza,1999,913348.42,12,134
4215109,8297,SC,Rodeio,1999,1132107.43,12,112
4215208,8299,SC,Romelândia,1999,1132107.43,12,112
4215307,8301,SC,Salete,1999,913348.42,12,134
4215356,936,SC,Saltinho,1999,913348.42,12,134
4215406,8303,SC,Salto Veloso,1999,913348.42,12,134
4215455,5547,SC,Sangão,1999,913348.42,12,134
4215505,8305,SC,Santa Cecília,1999,1430030.29,12,85
4215554,5751,SC,Santa Helena,1999,913348.42,12,134
4215604,8307,SC,Santa Rosa de Lima,1999,913348.42,12,134
4215653,9967,SC,Santa Rosa do Sul,1999,913348.42,12,134
4215679,5555,SC,Santa Terezinha,1999,913348.42,12,134
4215687,938,SC,Santa Terezinha do Progresso,1999,913348.42,12,134
4215695,940,SC,Santiago do Sul,1999,913348.42,12,134
4215703,8309,SC,Santo Amaro da Imperatriz,1999,1522247.06,12,79
4217303,8341,SC,Saudades,1999,1132107.43,12,112
4217402,8343,SC,Schroeder,1999,913348.42,12,134
4217501,8345,SC,Seara,1999,1727953.12,12,66
4217550,9989,SC,Serra Alta,1999,913348.42,12,134
4217600,8347,SC,Siderópolis,1999,1430030.29,12,85
4217709,8349,SC,Sombrio,1999,1826696.3399999999,12,52
4217758,5595,SC,Sul Brasil,1999,913348.42,12,134
4215802,8311,SC,São Bento do Sul,1999,3348942.87,12,17
4215752,942,SC,São Bernardino,1999,913348.42,12,134
4215901,8313,SC,São Bonifácio,1999,913348.42,12,134
4216008,8315,SC,São Carlos,1999,1370445.69,12,93
4216057,5573,SC,São Cristovão do Sul,1999,913348.42,12,134
4216107,8317,SC,São Domingos,1999,1608783.9100000001,12,76
4216206,8319,SC,São Francisco do Sul,1999,2131145.66,12,42
4216503,8325,SC,São Joaquim,1999,2025875.97,12,45
4216602,8327,SC,São José,1999,8558477.54,12,5
4216701,8329,SC,São José do Cedro,1999,1906706.79,12,50
4216800,8331,SC,São José do Cerrito,1999,1370445.69,12,93
4216305,8321,SC,São João Batista,1999,1522247.06,12,79
4216354,5551,SC,São João do Itaperiú,1999,913348.42,12,134
4216255,5753,SC,São João do Oeste,1999,913348.42,12,134
4216404,8323,SC,São João do Sul,1999,913348.42,12,134
4216909,8333,SC,São Lourenço do Oeste,1999,2264214.16,12,37
4217006,8335,SC,São Ludgero,1999,913348.42,12,134
4217105,8337,SC,São Martinho,1999,913348.42,12,134
4217204,8339,SC,São Miguel DOeste,1999,3098398.19,12,21
4217154,5755,SC,São Miguel da Boa Vista,1999,913348.42,12,134
4217253,944,SC,São Pedro de Alcântara,1999,913348.42,12,134
4217808,8351,SC,Taió,1999,1727953.12,12,66
4217907,8353,SC,Tangará,1999,1132107.43,12,112
4217956,946,SC,Tigrinhos,1999,913348.42,12,134
4218004,8355,SC,Tijucas,1999,1826696.3399999999,12,52
4218103,8393,SC,Timbé do Sul,1999,913348.42,12,134
4218202,8357,SC,Timbó,1999,2131145.66,12,42
4218251,9971,SC,Timbó Grande,1999,913348.42,12,134
4218350,948,SC,Treviso,1999,913348.42,12,134
4218509,8363,SC,Treze Tílias,1999,913348.42,12,134
4218400,8361,SC,Treze de Maio,1999,913348.42,12,134
4218608,8365,SC,Trombudo Central,1999,913348.42,12,134
4218301,8359,SC,Três Barras,1999,1826696.3399999999,12,52
4218707,8367,SC,Tubarão,1999,4409258.7,12,10
4218756,9991,SC,Tunápolis,1999,913348.42,12,134
4218806,8369,SC,Turvo,1999,1430030.29,12,85
4218855,9973,SC,União do Oeste,1999,1132107.43,12,112
4218905,8371,SC,Urubici,1999,1217797.69,12,97
4218954,9975,SC,Urupema,1999,913348.42,12,134
4219002,8373,SC,Urussanga,1999,2264214.16,12,37
4219150,5563,SC,Vargem,1999,913348.42,12,134
4219176,5565,SC,Vargem Bonita,1999,913348.42,12,134
4219101,8375,SC,Vargeão,1999,913348.42,12,134
4219200,8377,SC,Vidal Ramos,1999,913348.42,12,134
4219309,8379,SC,Videira,1999,2740044.29,12,26
4219358,9977,SC,Vitor Meireles,1999,913348.42,12,134
4219408,8381,SC,Witmarsum,1999,913348.42,12,134
4219507,8383,SC,Xanxerê,1999,2740044.29,12,26
4219606,8385,SC,Xavantina,1999,913348.42,12,134
4219705,8387,SC,Xaxim,1999,2131145.66,12,42
4219853,950,SC,Zortéa,1999,913363.52,12,133
4200408,8007,SC,Água Doce,1999,913348.42,12,134
4200556,5577,SC,Águas Frias,1999,913348.42,12,134
4200606,8011,SC,Águas Mornas,1999,913348.42,12,134
4200507,8009,SC,Águas de Chapecó,1999,913348.42,12,134
4200051,9939,SC,Abdon Batista,2000,1016179.88,12,134
4200101,8001,SC,Abelardo Luz,2000,1818392.88,12,67
4200200,8003,SC,Agrolândia,2000,1016179.88,12,134
4200309,8005,SC,Agronômica,2000,1016179.88,12,134
4200705,8013,SC,Alfredo Wagner,2000,1168966.98,12,114
4200754,886,SC,Alto Bela Vista,2000,1016179.88,12,134
4200804,8015,SC,Anchieta,2000,1363794.81,12,93
4200903,8017,SC,Angelina,2000,1016179.88,12,134
4201000,8019,SC,Anita Garibaldi,2000,1168966.98,12,114
4201109,8021,SC,Anitápolis,2000,1016179.88,12,134
4201208,8023,SC,Antônio Carlos,2000,1016179.88,12,134
4201257,9941,SC,Apiúna,2000,1168966.98,12,114
4201273,5597,SC,Arabutã,2000,1016179.88,12,134
4201307,8025,SC,Araquari,2000,2032359.25,12,46
4201406,8027,SC,Araranguá,2000,3725991.4899999998,12,17
4201505,8029,SC,Armazém,2000,1016179.88,12,134
4201604,8031,SC,Arroio Trinta,2000,1016179.88,12,134
4201653,5599,SC,Arvoredo,2000,1016179.88,12,134
4201703,8033,SC,Ascurra,2000,1016179.88,12,134
4201802,8035,SC,Atalanta,2000,1016179.88,12,134
4201901,8037,SC,Aurora,2000,1016179.88,12,134
4201950,888,SC,Balneário Arroio do Silva,2000,1016179.88,12,134
4202057,5549,SC,Balneário Barra do Sul,2000,1016179.88,12,134
4202008,8039,SC,Balneário Camboriú,2000,4064718.0,12,13
4202073,890,SC,Balneário Gaivota,2000,1016179.88,12,134
4212809,8251,SC,Balneário Piçarras,2000,1354906.31,12,97
4202081,892,SC,Bandeirante,2000,1016179.88,12,134
4202099,894,SC,Barra Bonita,2000,1016179.88,12,134
4202107,8041,SC,Barra Velha,2000,1818392.88,12,67
4202131,896,SC,Bela Vista do Toldo,2000,1016179.88,12,134
4202156,5745,SC,Belmonte,2000,1016179.88,12,134
4202206,8043,SC,Benedito Novo,2000,1168966.98,12,114
4202305,8045,SC,Biguaçu,2000,3048538.64,12,25
4202404,8047,SC,Blumenau,2000,9502177.83,12,4
4202438,898,SC,Bocaina do Sul,2000,1016179.88,12,134
4202503,8389,SC,Bom Jardim da Serra,2000,1016179.88,12,134
4202537,900,SC,Bom Jesus,2000,1016179.88,12,134
4202578,902,SC,Bom Jesus do Oeste,2000,1016179.88,12,134
4202602,8049,SC,Bom Retiro,2000,1016179.88,12,134
4202453,5537,SC,Bombinhas,2000,1016179.88,12,134
4202701,8051,SC,Botuverá,2000,1016179.88,12,134
4202800,8053,SC,Braço do Norte,2000,2032359.25,12,46
4202859,5557,SC,Braço do Trombudo,2000,1016179.88,12,134
4202875,904,SC,Brunópolis,2000,1016179.88,12,134
4202909,8055,SC,Brusque,2000,4403444.49,12,12
4203105,8059,SC,Caibi,2000,1168966.98,12,114
4203154,5553,SC,Calmon,2000,1016179.88,12,134
4203204,8061,SC,Camboriú,2000,3048538.64,12,25
4203303,8063,SC,Campo Alegre,2000,1354906.31,12,97
4203402,8065,SC,Campo Belo do Sul,2000,1558622.46,12,82
4203501,8067,SC,Campo Erê,2000,1948277.9,12,64
4203600,8069,SC,Campos Novos,2000,2857474.04,12,31
4203709,8071,SC,Canelinha,2000,1016179.88,12,134
4203808,8073,SC,Canoinhas,2000,3636785.18,12,19
4203907,8075,SC,Capinzal,2000,2032359.25,12,46
4203956,5545,SC,Capivari de Baixo,2000,2032359.25,12,46
4203253,906,SC,Capão Alto,2000,1016179.88,12,134
4204004,8077,SC,Catanduvas,2000,1363794.81,12,93
4204103,8079,SC,Caxambu do Sul,2000,1168966.98,12,114
4203006,8057,SC,Caçador,2000,4064718.0,12,13
4204152,9943,SC,Celso Ramos,2000,1016179.88,12,134
4204178,5567,SC,Cerro Negro,2000,1016179.88,12,134
4204194,908,SC,Chapadão do Lageado,2000,1016179.88,12,134
4204202,8081,SC,Chapecó,2000,9147112.36,12,5
4204251,5543,SC,Cocal do Sul,2000,1354906.31,12,97
4204301,8083,SC,Concórdia,2000,3961497.9699999997,12,16
4204350,5579,SC,Cordilheira Alta,2000,1016179.88,12,134
4204400,8085,SC,Coronel Freitas,2000,1493679.97,12,85
4204459,5735,SC,Coronel Martins,2000,1016179.88,12,134
4204558,8395,SC,Correia Pinto,2000,1688507.66,12,78
4204509,8087,SC,Corupá,2000,1354906.31,12,97
4204608,8089,SC,Criciúma,2000,9502178.459999999,12,2
4204707,8091,SC,Cunha Porã,2000,1354906.31,12,97
4204756,910,SC,Cunhataí,2000,1016179.88,12,134
4204806,8093,SC,Curitibanos,2000,2987359.23,12,30
4204905,8095,SC,Descanso,2000,1753450.32,12,73
4205001,8097,SC,Dionísio Cerqueira,2000,1818392.88,12,67
4205100,8099,SC,Dona Emma,2000,1016179.88,12,134
4205159,9945,SC,Doutor Pedrinho,2000,1016179.88,12,134
4205175,912,SC,Entre Rios,2000,1016179.88,12,134
4205191,914,SC,Ermo,2000,1016179.88,12,134
4205209,8101,SC,Erval Velho,2000,1016179.88,12,134
4205308,8103,SC,Faxinal dos Guedes,2000,1354906.31,12,97
4205357,916,SC,Flor do Sertão,2000,1016179.88,12,134
4205407,8105,SC,Florianópolis,2000,17236184.07,12,1
4205431,5581,SC,Formosa do Sul,2000,1016179.88,12,134
4205456,973,SC,Forquilhinha,2000,2032359.25,12,46
4205506,8107,SC,Fraiburgo,2000,2709812.11,12,33
4205555,918,SC,Frei Rogério,2000,1016179.88,12,134
4205605,8109,SC,Galvão,2000,1016179.88,12,134
4205704,8113,SC,Garopaba,2000,1493679.97,12,85
4205803,8115,SC,Garuva,2000,1354906.31,12,97
4205902,8117,SC,Gaspar,2000,3387265.08,12,21
4206009,8111,SC,Governador Celso Ramos,2000,1354906.31,12,97
4206207,8121,SC,Gravatal,2000,1168966.98,12,114
4206108,8119,SC,Grão Pará,2000,1016179.88,12,134
4206306,8123,SC,Guabiruba,2000,1354906.31,12,97
4206405,8125,SC,Guaraciaba,2000,1493679.97,12,85
4206504,8127,SC,Guaramirim,2000,2032359.25,12,46
4206603,8129,SC,Guarujá do Sul,2000,1016179.88,12,134
4206652,5583,SC,Guatambú,2000,1016179.88,12,134
4206702,8131,SC,Herval DOeste,2000,2032359.25,12,46
4206751,920,SC,Ibiam,2000,1016179.88,12,134
4206801,8133,SC,Ibicaré,2000,1016179.88,12,134
4206900,8135,SC,Ibirama,2000,1688507.66,12,78
4207106,8139,SC,Ilhota,2000,1354906.31,12,97
4207205,8141,SC,Imaruí,2000,1688507.66,12,78
4207304,8143,SC,Imbituba,2000,2792531.56,12,32
4207403,8145,SC,Imbuia,2000,1016179.88,12,134
4207502,8147,SC,Indaial,2000,3048538.64,12,25
4207577,922,SC,Iomerê,2000,1016179.88,12,134
4207601,8149,SC,Ipira,2000,1016179.88,12,134
4207650,9951,SC,Iporã do Oeste,2000,1016179.88,12,134
4207684,5737,SC,Ipuaçu,2000,1016179.88,12,134
4207700,8151,SC,Ipumirim,2000,1016179.88,12,134
4207759,9953,SC,Iraceminha,2000,1016179.88,12,134
4207809,8153,SC,Irani,2000,1016179.88,12,134
4207858,5585,SC,Irati,2000,1016179.88,12,134
4207908,8155,SC,Irineópolis,2000,1016179.88,12,134
4208104,8159,SC,Itaiópolis,2000,2143105.76,12,43
4208203,8161,SC,Itajaí,2000,9147112.36,12,5
4208302,8163,SC,Itapema,2000,2032359.25,12,46
4208401,8165,SC,Itapiranga,2000,2013220.64,12,62
4208450,9985,SC,Itapoá,2000,1016179.88,12,134
4208500,8167,SC,Ituporanga,2000,2032359.25,12,46
4208005,8157,SC,Itá,2000,1168966.98,12,114
4207007,8137,SC,Içara,2000,3387265.08,12,21
4208609,8169,SC,Jaborá,2000,1016179.88,12,134
4208708,8171,SC,Jacinto Machado,2000,1493679.97,12,85
4208807,8173,SC,Jaguaruna,2000,2013220.64,12,62
4208906,8175,SC,Jaraguá do Sul,2000,5419623.8,12,9
4208955,5587,SC,Jardinópolis,2000,1016179.88,12,134
4209003,8177,SC,Joaçaba,2000,2337933.4,12,40
4209102,8179,SC,Joinville,2000,9502178.459999999,12,2
4209151,9957,SC,José Boiteux,2000,1016179.88,12,134
4209177,924,SC,Jupiá,2000,1016179.88,12,134
4209201,8181,SC,Lacerdópolis,2000,1016179.88,12,134
4209300,8183,SC,Lages,2000,7947198.09,12,8
4209409,8185,SC,Laguna,2000,3312072.25,12,23
4209458,5739,SC,Lajeado Grande,2000,1016179.88,12,134
4209508,8187,SC,Laurentino,2000,1016179.88,12,134
4209607,8189,SC,Lauro Muller,2000,1493679.97,12,85
4209706,8191,SC,Lebon Régis,2000,1354906.31,12,97
4209805,8193,SC,Leoberto Leal,2000,1016179.88,12,134
4209854,9961,SC,Lindóia do Sul,2000,1016179.88,12,134
4209904,8195,SC,Lontras,2000,1016179.88,12,134
4210001,8197,SC,Luiz Alves,2000,1016179.88,12,134
4210035,926,SC,Luzerna,2000,1016179.88,12,134
4210050,5575,SC,Macieira,2000,1016179.88,12,134
4210100,8199,SC,Mafra,2000,3725991.4899999998,12,17
4210209,8201,SC,Major Gercino,2000,1016179.88,12,134
4210308,8203,SC,Major Vieira,2000,1016179.88,12,134
4210407,8391,SC,Maracajá,2000,1016179.88,12,134
4210506,8205,SC,Maravilha,2000,2143105.76,12,43
4210555,9963,SC,Marema,2000,1016179.88,12,134
4210605,8207,SC,Massaranduba,2000,1354906.31,12,97
4210704,8209,SC,Matos Costa,2000,1016179.88,12,134
4210803,8211,SC,Meleiro,2000,1168966.98,12,114
4210852,5559,SC,Mirim Doce,2000,1016179.88,12,134
4210902,8213,SC,Modelo,2000,1168966.98,12,114
4211009,8215,SC,Mondaí,2000,1558622.46,12,82
4211058,5561,SC,Monte Carlo,2000,1016179.88,12,134
4211108,8217,SC,Monte Castelo,2000,1016179.88,12,134
4211256,5539,SC,Morro Grande,2000,1016179.88,12,134
4211207,8219,SC,Morro da Fumaça,2000,1693632.82,12,74
4211306,8221,SC,Navegantes,2000,2709812.11,12,33
4211405,8223,SC,Nova Erechim,2000,1016179.88,12,134
4211454,5589,SC,Nova Itaberaba,2000,1016179.88,12,134
4211504,8225,SC,Nova Trento,2000,1168966.98,12,114
4211603,8227,SC,Nova Veneza,2000,1168966.98,12,114
4211652,5591,SC,Novo Horizonte,2000,1016179.88,12,134
4211702,8229,SC,Orleans,2000,2032359.25,12,46
4211751,8397,SC,Otacílio Costa,2000,1818392.88,12,67
4211801,8231,SC,Ouro,2000,1016179.88,12,134
4211850,5741,SC,Ouro Verde,2000,1016179.88,12,134
4211876,928,SC,Paial,2000,1016179.88,12,134
4211892,930,SC,Painel,2000,1016179.88,12,134
4211900,8233,SC,Palhoça,2000,4742170.86,12,10
4212007,8235,SC,Palma Sola,2000,1168966.98,12,114
4212056,932,SC,Palmeira,2000,1016179.88,12,134
4212106,8237,SC,Palmitos,2000,2032359.25,12,46
4212205,8239,SC,Papanduva,2000,1693632.82,12,74
4212239,5747,SC,Paraíso,2000,1016179.88,12,134
4212254,5541,SC,Passo de Torres,2000,1016179.88,12,134
4212270,5743,SC,Passos Maia,2000,1016179.88,12,134
4212304,8241,SC,Paulo Lopes,2000,1016179.88,12,134
4212403,8243,SC,Pedras Grandes,2000,1016179.88,12,134
4212502,8245,SC,Penha,2000,2032359.25,12,46
4212601,8247,SC,Peritiba,2000,1016179.88,12,134
4212700,8249,SC,Petrolândia,2000,1016179.88,12,134
4212908,8253,SC,Pinhalzinho,2000,1354906.31,12,97
4213005,8255,SC,Pinheiro Preto,2000,1016179.88,12,134
4213104,8257,SC,Piratuba,2000,1016179.88,12,134
4213153,5593,SC,Planalto Alegre,2000,1016179.88,12,134
4213203,8259,SC,Pomerode,2000,2032359.25,12,46
4213302,8261,SC,Ponte Alta,2000,1016179.88,12,134
4213351,5569,SC,Ponte Alta do Norte,2000,1016179.88,12,134
4213401,8263,SC,Ponte Serrada,2000,1688507.66,12,78
4213500,8265,SC,Porto Belo,2000,1168966.98,12,114
4213609,8267,SC,Porto União,2000,2709812.11,12,33
4213708,8269,SC,Pouso Redondo,2000,1354906.31,12,97
4213807,8271,SC,Praia Grande,2000,1016179.88,12,134
4213906,8273,SC,Presidente Castelo Branco,2000,1016179.88,12,134
4214003,8275,SC,Presidente Getúlio,2000,1354906.31,12,97
4214102,8277,SC,Presidente Nereu,2000,1016179.88,12,134
4214151,934,SC,Princesa,2000,1016179.88,12,134
4214201,8279,SC,Quilombo,2000,1948277.9,12,64
4214300,8281,SC,Rancho Queimado,2000,1016179.88,12,134
4214904,8293,SC,Rio Fortuna,2000,1016179.88,12,134
4215000,8295,SC,Rio Negrinho,2000,2709812.11,12,33
4215059,5571,SC,Rio Rufino,2000,1016179.88,12,134
4214409,8283,SC,Rio das Antas,2000,1016179.88,12,134
4214508,8285,SC,Rio do Campo,2000,1016179.88,12,134
4214607,8287,SC,Rio do Oeste,2000,1016179.88,12,134
4214805,8291,SC,Rio do Sul,2000,3441957.42,12,20
4214706,8289,SC,Rio dos Cedros,2000,1168966.98,12,114
4215075,5749,SC,Riqueza,2000,1016179.88,12,134
4215109,8297,SC,Rodeio,2000,1168966.98,12,114
4215208,8299,SC,Romelândia,2000,1168966.98,12,114
4215307,8301,SC,Salete,2000,1016179.88,12,134
4215356,936,SC,Saltinho,2000,1016179.88,12,134
4215406,8303,SC,Salto Veloso,2000,1016179.88,12,134
4215455,5547,SC,Sangão,2000,1016179.88,12,134
4215505,8305,SC,Santa Cecília,2000,1493679.97,12,85
4215554,5751,SC,Santa Helena,2000,1016179.88,12,134
4215604,8307,SC,Santa Rosa de Lima,2000,1016179.88,12,134
4215653,9967,SC,Santa Rosa do Sul,2000,1016179.88,12,134
4215679,5555,SC,Santa Terezinha,2000,1016179.88,12,134
4215687,938,SC,Santa Terezinha do Progresso,2000,1016179.88,12,134
4215695,940,SC,Santiago do Sul,2000,1016179.88,12,134
4215703,8309,SC,Santo Amaro da Imperatriz,2000,1693632.82,12,74
4217303,8341,SC,Saudades,2000,1168966.98,12,114
4217402,8343,SC,Schroeder,2000,1354906.31,12,97
4217501,8345,SC,Seara,2000,1818392.88,12,67
4217550,9989,SC,Serra Alta,2000,1016179.88,12,134
4217600,8347,SC,Siderópolis,2000,1493679.97,12,85
4217709,8349,SC,Sombrio,2000,2032359.25,12,46
4217758,5595,SC,Sul Brasil,2000,1016179.88,12,134
4215802,8311,SC,São Bento do Sul,2000,4064718.0,12,13
4215752,942,SC,São Bernardino,2000,1016179.88,12,134
4215901,8313,SC,São Bonifácio,2000,1016179.88,12,134
4216008,8315,SC,São Carlos,2000,1363794.81,12,93
4216057,5573,SC,São Cristovão do Sul,2000,1016179.88,12,134
4216107,8317,SC,São Domingos,2000,1558622.46,12,82
4216206,8319,SC,São Francisco do Sul,2000,2709812.11,12,33
4216503,8325,SC,São Joaquim,2000,2143105.76,12,43
4216602,8327,SC,São José,2000,9147112.36,12,5
4216701,8329,SC,São José do Cedro,2000,1883335.48,12,66
4216800,8331,SC,São José do Cerrito,2000,1363794.81,12,93
4216305,8321,SC,São João Batista,2000,1693632.82,12,74
4216354,5551,SC,São João do Itaperiú,2000,1016179.88,12,134
4216255,5753,SC,São João do Oeste,2000,1016179.88,12,134
4216404,8323,SC,São João do Sul,2000,1016179.88,12,134
4216909,8333,SC,São Lourenço do Oeste,2000,2337933.4,12,40
4217006,8335,SC,São Ludgero,2000,1016179.88,12,134
4217105,8337,SC,São Martinho,2000,1016179.88,12,134
4217204,8339,SC,São Miguel DOeste,2000,3182187.04,12,24
4217154,5755,SC,São Miguel da Boa Vista,2000,1016179.88,12,134
4217253,944,SC,São Pedro de Alcântara,2000,1016179.88,12,134
4217808,8351,SC,Taió,2000,1818392.88,12,67
4217907,8353,SC,Tangará,2000,1168966.98,12,114
4217956,946,SC,Tigrinhos,2000,1016179.88,12,134
4218004,8355,SC,Tijucas,2000,2032359.25,12,46
4218103,8393,SC,Timbé do Sul,2000,1016179.88,12,134
4218202,8357,SC,Timbó,2000,2371085.65,12,38
4218251,9971,SC,Timbó Grande,2000,1016179.88,12,134
4218350,948,SC,Treviso,2000,1016179.88,12,134
4218509,8363,SC,Treze Tílias,2000,1016179.88,12,134
4218400,8361,SC,Treze de Maio,2000,1016179.88,12,134
4218608,8365,SC,Trombudo Central,2000,1016179.88,12,134
4218301,8359,SC,Três Barras,2000,2032359.25,12,46
4218707,8367,SC,Tubarão,2000,4740808.93,12,11
4218756,9991,SC,Tunápolis,2000,1016179.88,12,134
4218806,8369,SC,Turvo,2000,1493679.97,12,85
4218855,9973,SC,União do Oeste,2000,1168966.98,12,114
4218905,8371,SC,Urubici,2000,1354906.31,12,97
4218954,9975,SC,Urupema,2000,1016179.88,12,134
4219002,8373,SC,Urussanga,2000,2337933.4,12,40
4219150,5563,SC,Vargem,2000,1016179.88,12,134
4219176,5565,SC,Vargem Bonita,2000,1016179.88,12,134
4219101,8375,SC,Vargeão,2000,1016179.88,12,134
4219200,8377,SC,Vidal Ramos,2000,1016179.88,12,134
4219309,8379,SC,Videira,2000,3048538.64,12,25
4219358,9977,SC,Vitor Meireles,2000,1016179.88,12,134
4219408,8381,SC,Witmarsum,2000,1016179.88,12,134
4219507,8383,SC,Xanxerê,2000,3048538.64,12,25
4219606,8385,SC,Xavantina,2000,1016179.88,12,134
4219705,8387,SC,Xaxim,2000,2371085.65,12,38
4219853,950,SC,Zortéa,2000,1016179.38,12,293
4200408,8007,SC,Água Doce,2000,1016179.88,12,134
4200556,5577,SC,Águas Frias,2000,1016179.88,12,134
4200606,8011,SC,Águas Mornas,2000,1016179.88,12,134
4200507,8009,SC,Águas de Chapecó,2000,1016179.88,12,134
4200051,9939,SC,Abdon Batista,2001,1178237.29,12,134
4200101,8001,SC,Abelardo Luz,2001,2132666.46,12,68
4200200,8003,SC,Agrolândia,2001,1178237.29,12,134
4200309,8005,SC,Agronômica,2001,1178237.29,12,134
4200705,8013,SC,Alfredo Wagner,2001,1374965.72,12,118
4200754,886,SC,Alto Bela Vista,2001,1178237.29,12,134
4200804,8015,SC,Anchieta,2001,1613379.65,12,95
4200903,8017,SC,Angelina,2001,1178237.29,12,134
4201000,8019,SC,Anita Garibaldi,2001,1450083.1099999999,12,114
4201109,8021,SC,Anitápolis,2001,1178237.29,12,134
4201208,8023,SC,Antônio Carlos,2001,1178237.29,12,134
4201257,9941,SC,Apiúna,2001,1374965.72,12,118
4201273,5597,SC,Arabutã,2001,1178237.29,12,134
4201307,8025,SC,Araquari,2001,2356474.0,12,55
4201406,8027,SC,Araranguá,2001,4320201.88,12,18
4201505,8029,SC,Armazém,2001,1178237.29,12,134
4201604,8031,SC,Arroio Trinta,2001,1178237.29,12,134
4201653,5599,SC,Arvoredo,2001,1178237.29,12,134
4201703,8033,SC,Ascurra,2001,1178237.29,12,134
4201802,8035,SC,Atalanta,2001,1178237.29,12,134
4201901,8037,SC,Aurora,2001,1178237.29,12,134
4201950,888,SC,Balneário Arroio do Silva,2001,1178237.29,12,134
4202057,5549,SC,Balneário Barra do Sul,2001,1178237.29,12,134
4202008,8039,SC,Balneário Camboriú,2001,4905395.24,12,13
4202073,890,SC,Balneário Gaivota,2001,1178237.29,12,134
4212809,8251,SC,Balneário Piçarras,2001,1570982.93,12,98
4202081,892,SC,Bandeirante,2001,1178237.29,12,134
4202099,894,SC,Barra Bonita,2001,1178237.29,12,134
4202107,8041,SC,Barra Velha,2001,2132666.46,12,68
4202131,896,SC,Bela Vista do Toldo,2001,1178237.29,12,134
4202156,5745,SC,Belmonte,2001,1178237.29,12,134
4202206,8043,SC,Benedito Novo,2001,1374965.72,12,118
4202305,8045,SC,Biguaçu,2001,3927456.36,12,22
4202404,8047,SC,Blumenau,2001,11366166.280000001,12,5
4202438,898,SC,Bocaina do Sul,2001,1178237.29,12,134
4202503,8389,SC,Bom Jardim da Serra,2001,1178237.29,12,134
4202537,900,SC,Bom Jesus,2001,1178237.29,12,134
4202578,902,SC,Bom Jesus do Oeste,2001,1178237.29,12,134
4202602,8049,SC,Bom Retiro,2001,1178237.29,12,134
4202453,5537,SC,Bombinhas,2001,1178237.29,12,134
4202701,8051,SC,Botuverá,2001,1178237.29,12,134
4202800,8053,SC,Braço do Norte,2001,2548921.7399999998,12,45
4202859,5557,SC,Braço do Trombudo,2001,1178237.29,12,134
4202875,904,SC,Brunópolis,2001,1178237.29,12,134
4202909,8055,SC,Brusque,2001,5105693.1,12,12
4203105,8059,SC,Caibi,2001,1374965.72,12,118
4203154,5553,SC,Calmon,2001,1178237.29,12,134
4203204,8061,SC,Camboriú,2001,3534710.86,12,26
4203303,8063,SC,Campo Alegre,2001,1570982.93,12,98
4203402,8065,SC,Campo Belo do Sul,2001,1851793.54,12,82
4203501,8067,SC,Campo Erê,2001,2384946.41,12,51
4203600,8069,SC,Campos Novos,2001,3367195.1399999997,12,31
4203709,8071,SC,Canelinha,2001,1178237.29,12,134
4203808,8073,SC,Canoinhas,2001,4321657.22,12,17
4203907,8075,SC,Capinzal,2001,2356474.0,12,55
4203956,5545,SC,Capivari de Baixo,2001,2356474.0,12,55
4203253,906,SC,Capão Alto,2001,1178237.29,12,134
4204004,8077,SC,Catanduvas,2001,1613379.65,12,95
4204103,8079,SC,Caxambu do Sul,2001,1374965.72,12,118
4203006,8057,SC,Caçador,2001,4712947.53,12,14
4204152,9943,SC,Celso Ramos,2001,1178237.29,12,134
4204178,5567,SC,Cerro Negro,2001,1178237.29,12,134
4204194,908,SC,Chapadão do Lageado,2001,1178237.29,12,134
4204202,8081,SC,Chapecó,2001,10973422.05,12,6
4204251,5543,SC,Cocal do Sul,2001,1763430.6,12,87
4204301,8083,SC,Concórdia,2001,4700507.55,12,16
4204350,5579,SC,Cordilheira Alta,2001,1178237.29,12,134
4204400,8085,SC,Coronel Freitas,2001,1669704.54,12,92
4204459,5735,SC,Coronel Martins,2001,1178237.29,12,134
4204558,8395,SC,Correia Pinto,2001,2133068.5100000002,12,67
4204509,8087,SC,Corupá,2001,1570982.93,12,98
4204608,8089,SC,Criciúma,2001,11366167.540000001,12,2
4204707,8091,SC,Cunha Porã,2001,1570982.93,12,98
4204756,910,SC,Cunhataí,2001,1178237.29,12,134
4204806,8093,SC,Curitibanos,2001,3507631.61,12,30
4204905,8095,SC,Descanso,2001,2090207.59,12,74
4205001,8097,SC,Dionísio Cerqueira,2001,2132666.46,12,68
4205100,8099,SC,Dona Emma,2001,1178237.29,12,134
4205159,9945,SC,Doutor Pedrinho,2001,1178237.29,12,134
4205175,912,SC,Entre Rios,2001,1178237.29,12,134
4205191,914,SC,Ermo,2001,1178237.29,12,134
4205209,8101,SC,Erval Velho,2001,1178237.29,12,134
4205308,8103,SC,Faxinal dos Guedes,2001,1570982.93,12,98
4205357,916,SC,Flor do Sertão,2001,1178237.29,12,134
4205407,8105,SC,Florianópolis,2001,21830676.759999998,12,1
4205431,5581,SC,Formosa do Sul,2001,1178237.29,12,134
4205456,973,SC,Forquilhinha,2001,2356474.0,12,55
4205506,8107,SC,Fraiburgo,2001,3141965.22,12,35
4205555,918,SC,Frei Rogério,2001,1178237.29,12,134
4205605,8109,SC,Galvão,2001,1178237.29,12,134
4205704,8113,SC,Garopaba,2001,1753816.15,12,88
4205803,8115,SC,Garuva,2001,1570982.93,12,98
4205902,8117,SC,Gaspar,2001,3927456.36,12,22
4206009,8111,SC,Governador Celso Ramos,2001,1570982.93,12,98
4206207,8121,SC,Gravatal,2001,1374965.72,12,118
4206108,8119,SC,Grão Pará,2001,1178237.29,12,134
4206306,8123,SC,Guabiruba,2001,1570982.93,12,98
4206405,8125,SC,Guaraciaba,2001,1753816.15,12,88
4206504,8127,SC,Guaramirim,2001,2548921.7399999998,12,45
4206603,8129,SC,Guarujá do Sul,2001,1178237.29,12,134
4206652,5583,SC,Guatambú,2001,1178237.29,12,134
4206702,8131,SC,Herval DOeste,2001,2356474.0,12,55
4206751,920,SC,Ibiam,2001,1178237.29,12,134
4206801,8133,SC,Ibicaré,2001,1178237.29,12,134
4206900,8135,SC,Ibirama,2001,2048554.92,12,75
4207106,8139,SC,Ilhota,2001,1570982.93,12,98
4207205,8141,SC,Imaruí,2001,1992230.06,12,76
4207304,8143,SC,Imbituba,2001,3269217.65,12,34
4207403,8145,SC,Imbuia,2001,1178237.29,12,134
4207502,8147,SC,Indaial,2001,3534710.86,12,26
4207577,922,SC,Iomerê,2001,1178237.29,12,134
4207601,8149,SC,Ipira,2001,1178237.29,12,134
4207650,9951,SC,Iporã do Oeste,2001,1178237.29,12,134
4207684,5737,SC,Ipuaçu,2001,1178237.29,12,134
4207700,8151,SC,Ipumirim,2001,1178237.29,12,134
4207759,9953,SC,Iraceminha,2001,1178237.29,12,134
4207809,8153,SC,Irani,2001,1178237.29,12,134
4207858,5585,SC,Irati,2001,1178237.29,12,134
4207908,8155,SC,Irineópolis,2001,1178237.29,12,134
4208104,8159,SC,Itaiópolis,2001,2511516.84,12,48
4208203,8161,SC,Itajaí,2001,10973422.05,12,6
4208302,8163,SC,Itapema,2001,2548921.7399999998,12,45
4208401,8165,SC,Itapiranga,2001,2371080.42,12,53
4208450,9985,SC,Itapoá,2001,1178237.29,12,134
4208500,8167,SC,Ituporanga,2001,2356474.0,12,55
4208005,8157,SC,Itá,2001,1374965.72,12,118
4207007,8137,SC,Içara,2001,3927456.36,12,22
4208609,8169,SC,Jaborá,2001,1178237.29,12,134
4208708,8171,SC,Jacinto Machado,2001,1669704.54,12,92
4208807,8173,SC,Jaguaruna,2001,2371080.42,12,53
4208906,8175,SC,Jaraguá do Sul,2001,6283929.82,12,9
4208955,5587,SC,Jardinópolis,2001,1178237.29,12,134
4209003,8177,SC,Joaçaba,2001,2806255.65,12,38
4209102,8179,SC,Joinville,2001,11366167.540000001,12,2
4209151,9957,SC,José Boiteux,2001,1178237.29,12,134
4209177,924,SC,Jupiá,2001,1178237.29,12,134
4209201,8181,SC,Lacerdópolis,2001,1178237.29,12,134
4209300,8183,SC,Lages,2001,10148978.5,12,8
4209409,8185,SC,Laguna,2001,3942806.89,12,21
4209458,5739,SC,Lajeado Grande,2001,1178237.29,12,134
4209508,8187,SC,Laurentino,2001,1178237.29,12,134
4209607,8189,SC,Lauro Muller,2001,1833631.57,12,85
4209706,8191,SC,Lebon Régis,2001,1570982.93,12,98
4209805,8193,SC,Leoberto Leal,2001,1178237.29,12,134
4209854,9961,SC,Lindóia do Sul,2001,1178237.29,12,134
4209904,8195,SC,Lontras,2001,1178237.29,12,134
4210001,8197,SC,Luiz Alves,2001,1178237.29,12,134
4210035,926,SC,Luzerna,2001,1178237.29,12,134
4210050,5575,SC,Macieira,2001,1178237.29,12,134
4210100,8199,SC,Mafra,2001,4127754.21,12,20
4210209,8201,SC,Major Gercino,2001,1178237.29,12,134
4210308,8203,SC,Major Vieira,2001,1178237.29,12,134
4210407,8391,SC,Maracajá,2001,1178237.29,12,134
4210506,8205,SC,Maravilha,2001,2511516.84,12,48
4210555,9963,SC,Marema,2001,1178237.29,12,134
4210605,8207,SC,Massaranduba,2001,1570982.93,12,98
4210704,8209,SC,Matos Costa,2001,1178237.29,12,134
4210803,8211,SC,Meleiro,2001,1374965.72,12,118
4210852,5559,SC,Mirim Doce,2001,1178237.29,12,134
4210902,8213,SC,Modelo,2001,1374965.72,12,118
4211009,8215,SC,Mondaí,2001,1851793.54,12,82
4211058,5561,SC,Monte Carlo,2001,1178237.29,12,134
4211108,8217,SC,Monte Castelo,2001,1178237.29,12,134
4211256,5539,SC,Morro Grande,2001,1178237.29,12,134
4211207,8219,SC,Morro da Fumaça,2001,1963728.35,12,78
4211306,8221,SC,Navegantes,2001,3334412.97,12,32
4211405,8223,SC,Nova Erechim,2001,1178237.29,12,134
4211454,5589,SC,Nova Itaberaba,2001,1178237.29,12,134
4211504,8225,SC,Nova Trento,2001,1374965.72,12,118
4211603,8227,SC,Nova Veneza,2001,1450083.1099999999,12,114
4211652,5591,SC,Novo Horizonte,2001,1178237.29,12,134
4211702,8229,SC,Orleans,2001,2356474.0,12,55
4211751,8397,SC,Otacílio Costa,2001,2132666.46,12,68
4211801,8231,SC,Ouro,2001,1178237.29,12,134
4211850,5741,SC,Ouro Verde,2001,1178237.29,12,134
4211876,928,SC,Paial,2001,1178237.29,12,134
4211892,930,SC,Painel,2001,1178237.29,12,134
4211900,8233,SC,Palhoça,2001,6083631.96,12,10
4212007,8235,SC,Palma Sola,2001,1374965.72,12,118
4212056,932,SC,Palmeira,2001,1178237.29,12,134
4212106,8237,SC,Palmitos,2001,2271960.41,12,66
4212205,8239,SC,Papanduva,2001,1963728.35,12,78
4212239,5747,SC,Paraíso,2001,1178237.29,12,134
4212254,5541,SC,Passo de Torres,2001,1178237.29,12,134
4212270,5743,SC,Passos Maia,2001,1178237.29,12,134
4212304,8241,SC,Paulo Lopes,2001,1178237.29,12,134
4212403,8243,SC,Pedras Grandes,2001,1178237.29,12,134
4212502,8245,SC,Penha,2001,2356474.0,12,55
4212601,8247,SC,Peritiba,2001,1178237.29,12,134
4212700,8249,SC,Petrolândia,2001,1178237.29,12,134
4212908,8253,SC,Pinhalzinho,2001,1570982.93,12,98
4213005,8255,SC,Pinheiro Preto,2001,1178237.29,12,134
4213104,8257,SC,Piratuba,2001,1178237.29,12,134
4213153,5593,SC,Planalto Alegre,2001,1178237.29,12,134
4213203,8259,SC,Pomerode,2001,2556771.85,12,42
4213302,8261,SC,Ponte Alta,2001,1178237.29,12,134
4213351,5569,SC,Ponte Alta do Norte,2001,1178237.29,12,134
4213401,8263,SC,Ponte Serrada,2001,1992230.06,12,76
4213500,8265,SC,Porto Belo,2001,1450083.1099999999,12,114
4213609,8267,SC,Porto União,2001,3141965.22,12,35
4213708,8269,SC,Pouso Redondo,2001,1570982.93,12,98
4213807,8271,SC,Praia Grande,2001,1178237.29,12,134
4213906,8273,SC,Presidente Castelo Branco,2001,1178237.29,12,134
4214003,8275,SC,Presidente Getúlio,2001,1570982.93,12,98
4214102,8277,SC,Presidente Nereu,2001,1178237.29,12,134
4214151,934,SC,Princesa,2001,1178237.29,12,134
4214201,8279,SC,Quilombo,2001,2384946.41,12,51
4214300,8281,SC,Rancho Queimado,2001,1178237.29,12,134
4214904,8293,SC,Rio Fortuna,2001,1178237.29,12,134
4215000,8295,SC,Rio Negrinho,2001,3334412.97,12,32
4215059,5571,SC,Rio Rufino,2001,1178237.29,12,134
4214409,8283,SC,Rio das Antas,2001,1178237.29,12,134
4214508,8285,SC,Rio do Campo,2001,1178237.29,12,134
4214607,8287,SC,Rio do Oeste,2001,1178237.29,12,134
4214805,8291,SC,Rio do Sul,2001,4134922.6,12,19
4214706,8289,SC,Rio dos Cedros,2001,1374965.72,12,118
4215075,5749,SC,Riqueza,2001,1178237.29,12,134
4215109,8297,SC,Rodeio,2001,1450083.1099999999,12,114
4215208,8299,SC,Romelândia,2001,1374965.72,12,118
4215307,8301,SC,Salete,2001,1178237.29,12,134
4215356,936,SC,Saltinho,2001,1178237.29,12,134
4215406,8303,SC,Salto Veloso,2001,1178237.29,12,134
4215455,5547,SC,Sangão,2001,1178237.29,12,134
4215505,8305,SC,Santa Cecília,2001,1833631.57,12,85
4215554,5751,SC,Santa Helena,2001,1178237.29,12,134
4215604,8307,SC,Santa Rosa de Lima,2001,1178237.29,12,134
4215653,9967,SC,Santa Rosa do Sul,2001,1178237.29,12,134
4215679,5555,SC,Santa Terezinha,2001,1178237.29,12,134
4215687,938,SC,Santa Terezinha do Progresso,2001,1178237.29,12,134
4215695,940,SC,Santiago do Sul,2001,1178237.29,12,134
4215703,8309,SC,Santo Amaro da Imperatriz,2001,1963728.35,12,78
4217303,8341,SC,Saudades,2001,1374965.72,12,118
4217402,8343,SC,Schroeder,2001,1570982.93,12,98
4217501,8345,SC,Seara,2001,2132666.46,12,68
4217550,9989,SC,Serra Alta,2001,1178237.29,12,134
4217600,8347,SC,Siderópolis,2001,1753816.15,12,88
4217709,8349,SC,Sombrio,2001,2556771.85,12,42
4217758,5595,SC,Sul Brasil,2001,1178237.29,12,134
4215802,8311,SC,São Bento do Sul,2001,4712947.53,12,14
4215752,942,SC,São Bernardino,2001,1178237.29,12,134
4215901,8313,SC,São Bonifácio,2001,1178237.29,12,134
4216008,8315,SC,São Carlos,2001,1613379.65,12,95
4216057,5573,SC,São Cristovão do Sul,2001,1178237.29,12,134
4216107,8317,SC,São Domingos,2001,1851793.54,12,82
4216206,8319,SC,São Francisco do Sul,2001,3141965.22,12,35
4216503,8325,SC,São Joaquim,2001,2511516.84,12,48
4216602,8327,SC,São José,2001,11366166.82,12,4
4216701,8329,SC,São José do Cedro,2001,2286968.87,12,65
4216800,8331,SC,São José do Cerrito,2001,1669704.54,12,92
4216305,8321,SC,São João Batista,2001,1963728.35,12,78
4216354,5551,SC,São João do Itaperiú,2001,1178237.29,12,134
4216255,5753,SC,São João do Oeste,2001,1178237.29,12,134
4216404,8323,SC,São João do Sul,2001,1178237.29,12,134
4216909,8333,SC,São Lourenço do Oeste,2001,2749930.79,12,39
4217006,8335,SC,São Ludgero,2001,1178237.29,12,134
4217105,8337,SC,São Martinho,2001,1178237.29,12,134
4217204,8339,SC,São Miguel DOeste,2001,3746045.52,12,25
4217154,5755,SC,São Miguel da Boa Vista,2001,1178237.29,12,134
4217253,944,SC,São Pedro de Alcântara,2001,1178237.29,12,134
4217808,8351,SC,Taió,2001,2132666.46,12,68
4217907,8353,SC,Tangará,2001,1374965.72,12,118
4217956,946,SC,Tigrinhos,2001,1178237.29,12,134
4218004,8355,SC,Tijucas,2001,2356474.0,12,55
4218103,8393,SC,Timbé do Sul,2001,1178237.29,12,134
4218202,8357,SC,Timbó,2001,2749219.59,12,41
4218251,9971,SC,Timbó Grande,2001,1178237.29,12,134
4218350,948,SC,Treviso,2001,1178237.29,12,134
4218509,8363,SC,Treze Tílias,2001,1178237.29,12,134
4218400,8361,SC,Treze de Maio,2001,1178237.29,12,134
4218608,8365,SC,Trombudo Central,2001,1178237.29,12,134
4218301,8359,SC,Três Barras,2001,2356474.0,12,55
4218707,8367,SC,Tubarão,2001,5542319.9,12,11
4218756,9991,SC,Tunápolis,2001,1178237.29,12,134
4218806,8369,SC,Turvo,2001,1753816.15,12,88
4218855,9973,SC,União do Oeste,2001,1374965.72,12,118
4218905,8371,SC,Urubici,2001,1570982.93,12,98
4218954,9975,SC,Urupema,2001,1178237.29,12,134
4219002,8373,SC,Urussanga,2001,2749930.79,12,39
4219150,5563,SC,Vargem,2001,1178237.29,12,134
4219176,5565,SC,Vargem Bonita,2001,1178237.29,12,134
4219101,8375,SC,Vargeão,2001,1178237.29,12,134
4219200,8377,SC,Vidal Ramos,2001,1178237.29,12,134
4219309,8379,SC,Videira,2001,3534710.86,12,26
4219358,9977,SC,Vitor Meireles,2001,1178237.29,12,134
4219408,8381,SC,Witmarsum,2001,1178237.29,12,134
4219507,8383,SC,Xanxerê,2001,3534710.86,12,26
4219606,8385,SC,Xavantina,2001,1178237.29,12,134
4219705,8387,SC,Xaxim,2001,2556771.85,12,42
4219853,950,SC,Zortéa,2001,1178233.84,12,293
4200408,8007,SC,Água Doce,2001,1178237.29,12,134
4200556,5577,SC,Águas Frias,2001,1178237.29,12,134
4200606,8011,SC,Águas Mornas,2001,1178237.29,12,134
4200507,8009,SC,Águas de Chapecó,2001,1178237.29,12,134
4200051,9939,SC,Abdon Batista,2002,1453648.69,12,135
4200101,8001,SC,Abelardo Luz,2002,2620331.65,12,68
4200200,8003,SC,Agrolândia,2002,1453648.69,12,135
4200309,8005,SC,Agronômica,2002,1453648.69,12,135
4200705,8013,SC,Alfredo Wagner,2002,1684561.7,12,118
4200754,886,SC,Alto Bela Vista,2002,1453648.69,12,135
4200804,8015,SC,Anchieta,2002,1965467.96,12,95
4200903,8017,SC,Angelina,2002,1453648.69,12,135
4201000,8019,SC,Anita Garibaldi,2002,1685262.75,12,117
4201109,8021,SC,Anitápolis,2002,1453648.69,12,135
4201208,8023,SC,Antônio Carlos,2002,1453648.69,12,135
4201257,9941,SC,Apiúna,2002,1684561.7,12,118
4201273,5597,SC,Arabutã,2002,1453648.69,12,135
4201307,8025,SC,Araquari,2002,2907296.91,12,51
4201406,8027,SC,Araranguá,2002,5330043.899999999,12,18
4201505,8029,SC,Armazém,2002,1453648.69,12,135
4201604,8031,SC,Arroio Trinta,2002,1453648.69,12,135
4201653,5599,SC,Arvoredo,2002,1453648.69,12,135
4201703,8033,SC,Ascurra,2002,1453648.69,12,135
4201802,8035,SC,Atalanta,2002,1453648.69,12,135
4201901,8037,SC,Aurora,2002,1453648.69,12,135
4201950,888,SC,Balneário Arroio do Silva,2002,1453648.69,12,135
4202057,5549,SC,Balneário Barra do Sul,2002,1453648.69,12,135
4202008,8039,SC,Balneário Camboriú,2002,6298069.67,12,13
4202073,890,SC,Balneário Gaivota,2002,1453648.69,12,135
4212809,8251,SC,Balneário Piçarras,2002,1938198.05,12,98
4202081,892,SC,Bandeirante,2002,1453648.69,12,135
4202099,894,SC,Barra Bonita,2002,1453648.69,12,135
4202107,8041,SC,Barra Velha,2002,2620331.65,12,68
4202131,896,SC,Bela Vista do Toldo,2002,1453648.69,12,135
4202156,5745,SC,Belmonte,2002,1453648.69,12,135
4202206,8043,SC,Benedito Novo,2002,1684561.7,12,118
4202305,8045,SC,Biguaçu,2002,4844421.49,12,24
4202404,8047,SC,Blumenau,2002,14067726.29,12,2
4202438,898,SC,Bocaina do Sul,2002,1453648.69,12,135
4202503,8389,SC,Bom Jardim da Serra,2002,1453648.69,12,135
4202537,900,SC,Bom Jesus,2002,1453648.69,12,135
4202578,902,SC,Bom Jesus do Oeste,2002,1453648.69,12,135
4202602,8049,SC,Bom Retiro,2002,1453648.69,12,135
4202453,5537,SC,Bombinhas,2002,1453648.69,12,135
4202701,8051,SC,Botuverá,2002,1453648.69,12,135
4202800,8053,SC,Braço do Norte,2002,3390773.35,12,40
4202859,5557,SC,Braço do Trombudo,2002,1453648.69,12,135
4202875,904,SC,Brunópolis,2002,1453648.69,12,135
4202909,8055,SC,Brusque,2002,6299142.64,12,12
4203105,8059,SC,Caibi,2002,1684561.7,12,118
4203154,5553,SC,Calmon,2002,1453648.69,12,135
4203204,8061,SC,Camboriú,2002,4360945.04,12,26
4203303,8063,SC,Campo Alegre,2002,1938198.05,12,98
4203402,8065,SC,Campo Belo do Sul,2002,2246374.06,12,84
4203501,8067,SC,Campo Erê,2002,2808712.11,12,65
4203600,8069,SC,Campos Novos,2002,4117913.96,12,33
4203709,8071,SC,Canelinha,2002,1453648.69,12,135
4203808,8073,SC,Canoinhas,2002,5427229.98,12,17
4203907,8075,SC,Capinzal,2002,2907296.91,12,51
4203956,5545,SC,Capivari de Baixo,2002,2907296.91,12,51
4203253,906,SC,Capão Alto,2002,1453648.69,12,135
4204004,8077,SC,Catanduvas,2002,1965467.96,12,95
4204103,8079,SC,Caxambu do Sul,2002,1684561.7,12,118
4203006,8057,SC,Caçador,2002,5814593.21,12,15
4204152,9943,SC,Celso Ramos,2002,1453648.69,12,135
4204178,5567,SC,Cerro Negro,2002,1453648.69,12,135
4204194,908,SC,Chapadão do Lageado,2002,1453648.69,12,135
4204202,8081,SC,Chapecó,2002,13583125.129999999,12,7
4204251,5543,SC,Cocal do Sul,2002,2421674.48,12,83
4204301,8083,SC,Concórdia,2002,5895114.91,12,14
4204350,5579,SC,Cordilheira Alta,2002,1453648.69,12,135
4204400,8085,SC,Coronel Freitas,2002,2152446.69,12,88
4204459,5735,SC,Coronel Martins,2002,1453648.69,12,135
4204558,8395,SC,Correia Pinto,2002,2906207.7,12,62
4204509,8087,SC,Corupá,2002,1938198.05,12,98
4204608,8089,SC,Criciúma,2002,14067726.21,12,3
4204707,8091,SC,Cunha Porã,2002,1685851.73,12,116
4204756,910,SC,Cunhataí,2002,1453648.69,12,135
4204806,8093,SC,Curitibanos,2002,4304892.63,12,32
4204905,8095,SC,Descanso,2002,2527280.32,12,75
4205001,8097,SC,Dionísio Cerqueira,2002,2620331.65,12,68
4205100,8099,SC,Dona Emma,2002,1453648.69,12,135
4205159,9945,SC,Doutor Pedrinho,2002,1453648.69,12,135
4205175,912,SC,Entre Rios,2002,1453648.69,12,135
4205191,914,SC,Ermo,2002,1453648.69,12,135
4205209,8101,SC,Erval Velho,2002,1453648.69,12,135
4205308,8103,SC,Faxinal dos Guedes,2002,1938198.05,12,98
4205357,916,SC,Flor do Sertão,2002,1453648.69,12,135
4205407,8105,SC,Florianópolis,2002,27002035.009999998,12,1
4205431,5581,SC,Formosa do Sul,2002,1453648.69,12,135
4205456,973,SC,Forquilhinha,2002,2907296.91,12,51
4205506,8107,SC,Fraiburgo,2002,3876395.72,12,35
4205555,918,SC,Frei Rogério,2002,1453648.69,12,135
4205605,8109,SC,Galvão,2002,1453648.69,12,135
4205704,8113,SC,Garopaba,2002,2152446.69,12,88
4205803,8115,SC,Garuva,2002,1938198.05,12,98
4205902,8117,SC,Gaspar,2002,4845494.46,12,22
4206009,8111,SC,Governador Celso Ramos,2002,1938198.05,12,98
4206207,8121,SC,Gravatal,2002,1684561.7,12,118
4206108,8119,SC,Grão Pará,2002,1453648.69,12,135
4206306,8123,SC,Guabiruba,2002,1938198.05,12,98
4206405,8125,SC,Guaraciaba,2002,2152446.69,12,88
4206504,8127,SC,Guaramirim,2002,3390773.35,12,40
4206603,8129,SC,Guarujá do Sul,2002,1453648.69,12,135
4206652,5583,SC,Guatambú,2002,1453648.69,12,135
4206702,8131,SC,Herval DOeste,2002,2907296.91,12,51
4206751,920,SC,Ibiam,2002,1453648.69,12,135
4206801,8133,SC,Ibicaré,2002,1453648.69,12,135
4206900,8135,SC,Ibirama,2002,2619920.22,12,74
4207106,8139,SC,Ilhota,2002,1938198.05,12,98
4207205,8141,SC,Imaruí,2002,2433352.9,12,76
4207304,8143,SC,Imbituba,2002,4023986.47,12,34
4207403,8145,SC,Imbuia,2002,1453648.69,12,135
4207502,8147,SC,Indaial,2002,4360945.04,12,26
4207577,922,SC,Iomerê,2002,1453648.69,12,135
4207601,8149,SC,Ipira,2002,1453648.69,12,135
4207650,9951,SC,Iporã do Oeste,2002,1453648.69,12,135
4207684,5737,SC,Ipuaçu,2002,1453648.69,12,135
4207700,8151,SC,Ipumirim,2002,1453648.69,12,135
4207759,9953,SC,Iraceminha,2002,1453648.69,12,135
4207809,8153,SC,Irani,2002,1453648.69,12,135
4207858,5585,SC,Irati,2002,1453648.69,12,135
4207908,8155,SC,Irineópolis,2002,1453648.69,12,135
4208104,8159,SC,Itaiópolis,2002,3088216.66,12,46
4208203,8161,SC,Itajaí,2002,13583125.129999999,12,7
4208302,8163,SC,Itapema,2002,3390773.35,12,40
4208401,8165,SC,Itapiranga,2002,2901237.9,12,63
4208450,9985,SC,Itapoá,2002,1453648.69,12,135
4208500,8167,SC,Ituporanga,2002,2907296.91,12,51
4208005,8157,SC,Itá,2002,1684561.7,12,118
4207007,8137,SC,Içara,2002,4845494.46,12,22
4208609,8169,SC,Jaborá,2002,1453648.69,12,135
4208708,8171,SC,Jacinto Machado,2002,2152446.69,12,88
4208807,8173,SC,Jaguaruna,2002,2901237.9,12,63
4208906,8175,SC,Jaraguá do Sul,2002,7752790.83,12,9
4208955,5587,SC,Jardinópolis,2002,1453648.69,12,135
4209003,8177,SC,Joaçaba,2002,3555690.13,12,38
4209102,8179,SC,Joinville,2002,14067726.21,12,3
4209151,9957,SC,José Boiteux,2002,1453648.69,12,135
4209177,924,SC,Jupiá,2002,1453648.69,12,135
4209201,8181,SC,Lacerdópolis,2002,1453648.69,12,135
4209300,8183,SC,Lages,2002,14062800.56,12,6
4209409,8185,SC,Laguna,2002,4959345.05,12,20
4209458,5739,SC,Lajeado Grande,2002,1453648.69,12,135
4209508,8187,SC,Laurentino,2002,1453648.69,12,135
4209607,8189,SC,Lauro Muller,2002,2153191.58,12,87
4209706,8191,SC,Lebon Régis,2002,1938198.05,12,98
4209805,8193,SC,Leoberto Leal,2002,1453648.69,12,135
4209854,9961,SC,Lindóia do Sul,2002,1453648.69,12,135
4209904,8195,SC,Lontras,2002,1453648.69,12,135
4210001,8197,SC,Luiz Alves,2002,1453648.69,12,135
4210035,926,SC,Luzerna,2002,1453648.69,12,135
4210050,5575,SC,Macieira,2002,1453648.69,12,135
4210100,8199,SC,Mafra,2002,4846567.45,12,21
4210209,8201,SC,Major Gercino,2002,1453648.69,12,135
4210308,8203,SC,Major Vieira,2002,1453648.69,12,135
4210407,8391,SC,Maracajá,2002,1453648.69,12,135
4210506,8205,SC,Maravilha,2002,3088216.66,12,46
4210555,9963,SC,Marema,2002,1453648.69,12,135
4210605,8207,SC,Massaranduba,2002,1938198.05,12,98
4210704,8209,SC,Matos Costa,2002,1453648.69,12,135
4210803,8211,SC,Meleiro,2002,1684561.7,12,118
4210852,5559,SC,Mirim Doce,2002,1453648.69,12,135
4210902,8213,SC,Modelo,2002,1684561.7,12,118
4211009,8215,SC,Mondaí,2002,2246374.06,12,84
4211058,5561,SC,Monte Carlo,2002,1453648.69,12,135
4211108,8217,SC,Monte Castelo,2002,1453648.69,12,135
4211256,5539,SC,Morro Grande,2002,1453648.69,12,135
4211207,8219,SC,Morro da Fumaça,2002,2422747.46,12,78
4211306,8221,SC,Navegantes,2002,4359872.09,12,30
4211405,8223,SC,Nova Erechim,2002,1453648.69,12,135
4211454,5589,SC,Nova Itaberaba,2002,1453648.69,12,135
4211504,8225,SC,Nova Trento,2002,1684561.7,12,118
4211603,8227,SC,Nova Veneza,2002,1937609.07,12,113
4211652,5591,SC,Novo Horizonte,2002,1453648.69,12,135
4211702,8229,SC,Orleans,2002,2907296.91,12,51
4211751,8397,SC,Otacílio Costa,2002,2620331.65,12,68
4211801,8231,SC,Ouro,2002,1453648.69,12,135
4211850,5741,SC,Ouro Verde,2002,1453648.69,12,135
4211876,928,SC,Paial,2002,1453648.69,12,135
4211892,930,SC,Painel,2002,1453648.69,12,135
4211900,8233,SC,Palhoça,2002,7750644.91,12,10
4212007,8235,SC,Palma Sola,2002,1684561.7,12,118
4212056,932,SC,Palmeira,2002,1453648.69,12,135
4212106,8237,SC,Palmitos,2002,2621009.43,12,67
4212205,8239,SC,Papanduva,2002,2422747.46,12,78
4212239,5747,SC,Paraíso,2002,1453648.69,12,135
4212254,5541,SC,Passo de Torres,2002,1453648.69,12,135
4212270,5743,SC,Passos Maia,2002,1453648.69,12,135
4212304,8241,SC,Paulo Lopes,2002,1453648.69,12,135
4212403,8243,SC,Pedras Grandes,2002,1453648.69,12,135
4212502,8245,SC,Penha,2002,2907296.91,12,51
4212601,8247,SC,Peritiba,2002,1453648.69,12,135
4212700,8249,SC,Petrolândia,2002,1453648.69,12,135
4212908,8253,SC,Pinhalzinho,2002,1938198.05,12,98
4213005,8255,SC,Pinheiro Preto,2002,1453648.69,12,135
4213104,8257,SC,Piratuba,2002,1453648.69,12,135
4213153,5593,SC,Planalto Alegre,2002,1453648.69,12,135
4213203,8259,SC,Pomerode,2002,2907296.91,12,51
4213302,8261,SC,Ponte Alta,2002,1453648.69,12,135
4213351,5569,SC,Ponte Alta do Norte,2002,1453648.69,12,135
4213401,8263,SC,Ponte Serrada,2002,2433352.9,12,76
4213500,8265,SC,Porto Belo,2002,1937609.07,12,113
4213609,8267,SC,Porto União,2002,3876395.72,12,35
4213708,8269,SC,Pouso Redondo,2002,1938198.05,12,98
4213807,8271,SC,Praia Grande,2002,1453648.69,12,135
4213906,8273,SC,Presidente Castelo Branco,2002,1453648.69,12,135
4214003,8275,SC,Presidente Getúlio,2002,1938198.05,12,98
4214102,8277,SC,Presidente Nereu,2002,1453648.69,12,135
4214151,934,SC,Princesa,2002,1453648.69,12,135
4214201,8279,SC,Quilombo,2002,2994753.73,12,49
4214300,8281,SC,Rancho Queimado,2002,1453648.69,12,135
4214904,8293,SC,Rio Fortuna,2002,1453648.69,12,135
4215000,8295,SC,Rio Negrinho,2002,4359872.09,12,30
4215059,5571,SC,Rio Rufino,2002,1453648.69,12,135
4214409,8283,SC,Rio das Antas,2002,1453648.69,12,135
4214508,8285,SC,Rio do Campo,2002,1453648.69,12,135
4214607,8287,SC,Rio do Oeste,2002,1453648.69,12,135
4214805,8291,SC,Rio do Sul,2002,5329144.17,12,19
4214706,8289,SC,Rio dos Cedros,2002,1684561.7,12,118
4215075,5749,SC,Riqueza,2002,1453648.69,12,135
4215109,8297,SC,Rodeio,2002,1937609.07,12,113
4215208,8299,SC,Romelândia,2002,1684561.7,12,118
4215307,8301,SC,Salete,2002,1453648.69,12,135
4215356,936,SC,Saltinho,2002,1453648.69,12,135
4215406,8303,SC,Salto Veloso,2002,1453648.69,12,135
4215455,5547,SC,Sangão,2002,1453648.69,12,135
4215505,8305,SC,Santa Cecília,2002,2422114.08,12,82
4215554,5751,SC,Santa Helena,2002,1453648.69,12,135
4215604,8307,SC,Santa Rosa de Lima,2002,1453648.69,12,135
4215653,9967,SC,Santa Rosa do Sul,2002,1453648.69,12,135
4215679,5555,SC,Santa Terezinha,2002,1453648.69,12,135
4215687,938,SC,Santa Terezinha do Progresso,2002,1453648.69,12,135
4215695,940,SC,Santiago do Sul,2002,1453648.69,12,135
4215703,8309,SC,Santo Amaro da Imperatriz,2002,2422747.46,12,78
4217303,8341,SC,Saudades,2002,1684561.7,12,118
4217402,8343,SC,Schroeder,2002,1938198.05,12,98
4217501,8345,SC,Seara,2002,2620331.65,12,68
4217550,9989,SC,Serra Alta,2002,1453648.69,12,135
4217600,8347,SC,Siderópolis,2002,2152446.69,12,88
4217709,8349,SC,Sombrio,2002,2907296.91,12,51
4217758,5595,SC,Sul Brasil,2002,1453648.69,12,135
4215802,8311,SC,São Bento do Sul,2002,5814593.21,12,15
4215752,942,SC,São Bernardino,2002,1453648.69,12,135
4215901,8313,SC,São Bonifácio,2002,1453648.69,12,135
4216008,8315,SC,São Carlos,2002,1965467.96,12,95
4216057,5573,SC,São Cristovão do Sul,2002,1453648.69,12,135
4216107,8317,SC,São Domingos,2002,2246374.06,12,84
4216206,8319,SC,São Francisco do Sul,2002,3876395.72,12,35
4216503,8325,SC,São Joaquim,2002,3088216.66,12,46
4216602,8327,SC,São José,2002,14066603.14,12,5
4216701,8329,SC,São José do Cedro,2002,2714784.7800000003,12,66
4216800,8331,SC,São José do Cerrito,2002,2152035.2600000002,12,94
4216305,8321,SC,São João Batista,2002,2422747.46,12,78
4216354,5551,SC,São João do Itaperiú,2002,1453648.69,12,135
4216255,5753,SC,São João do Oeste,2002,1453648.69,12,135
4216404,8323,SC,São João do Sul,2002,1453648.69,12,135
4216909,8333,SC,São Lourenço do Oeste,2002,3369122.7800000003,12,44
4217006,8335,SC,São Ludgero,2002,1453648.69,12,135
4217105,8337,SC,São Martinho,2002,1453648.69,12,135
4217204,8339,SC,São Miguel DOeste,2002,4585798.92,12,25
4217154,5755,SC,São Miguel da Boa Vista,2002,1453648.69,12,135
4217253,944,SC,São Pedro de Alcântara,2002,1453648.69,12,135
4217808,8351,SC,Taió,2002,2620331.65,12,68
4217907,8353,SC,Tangará,2002,1684561.7,12,118
4217956,946,SC,Tigrinhos,2002,1453648.69,12,135
4218004,8355,SC,Tijucas,2002,3388977.2800000003,12,43
4218103,8393,SC,Timbé do Sul,2002,1453648.69,12,135
4218202,8357,SC,Timbó,2002,3391846.3200000003,12,39
4218251,9971,SC,Timbó Grande,2002,1453648.69,12,135
4218350,948,SC,Treviso,2002,1453648.69,12,135
4218509,8363,SC,Treze Tílias,2002,1453648.69,12,135
4218400,8361,SC,Treze de Maio,2002,1453648.69,12,135
4218608,8365,SC,Trombudo Central,2002,1453648.69,12,135
4218301,8359,SC,Três Barras,2002,2907296.91,12,51
4218707,8367,SC,Tubarão,2002,6831296.23,12,11
4218756,9991,SC,Tunápolis,2002,1453648.69,12,135
4218806,8369,SC,Turvo,2002,2152446.69,12,88
4218855,9973,SC,União do Oeste,2002,1684561.7,12,118
4218905,8371,SC,Urubici,2002,1938198.05,12,98
4218954,9975,SC,Urupema,2002,1453648.69,12,135
4219002,8373,SC,Urussanga,2002,3369122.7800000003,12,44
4219150,5563,SC,Vargem,2002,1453648.69,12,135
4219176,5565,SC,Vargem Bonita,2002,1453648.69,12,135
4219101,8375,SC,Vargeão,2002,1453648.69,12,135
4219200,8377,SC,Vidal Ramos,2002,1453648.69,12,135
4219309,8379,SC,Videira,2002,4360945.04,12,26
4219358,9977,SC,Vitor Meireles,2002,1453648.69,12,135
4219408,8381,SC,Witmarsum,2002,1453648.69,12,135
4219507,8383,SC,Xanxerê,2002,4360945.04,12,26
4219606,8385,SC,Xavantina,2002,1453648.69,12,135
4219705,8387,SC,Xaxim,2002,2908369.88,12,50
4219853,950,SC,Zortéa,2002,1453652.46,12,134
4200408,8007,SC,Água Doce,2002,1453648.69,12,135
4200556,5577,SC,Águas Frias,2002,1453648.69,12,135
4200606,8011,SC,Águas Mornas,2002,1453648.69,12,135
4200507,8009,SC,Águas de Chapecó,2002,1453648.69,12,135
4200051,9939,SC,Abdon Batista,2003,1518727.79,12,135
4200101,8001,SC,Abelardo Luz,2003,3037133.5,12,61
4200200,8003,SC,Agrolândia,2003,1518727.79,12,135
4200309,8005,SC,Agronômica,2003,1518727.79,12,135
4200705,8013,SC,Alfredo Wagner,2003,1700116.6,12,118
4200754,886,SC,Alto Bela Vista,2003,1518727.79,12,135
4200804,8015,SC,Anchieta,2003,1943056.45,12,114
4200903,8017,SC,Angelina,2003,1518727.79,12,135
4201000,8019,SC,Anita Garibaldi,2003,2024774.67,12,108
4201109,8021,SC,Anitápolis,2003,1518727.79,12,135
4201208,8023,SC,Antônio Carlos,2003,1518727.79,12,135
4201257,9941,SC,Apiúna,2003,1700116.6,12,118
4201273,5597,SC,Arabutã,2003,1518727.79,12,135
4201307,8025,SC,Araquari,2003,3037455.13,12,51
4201406,8027,SC,Araranguá,2003,5568667.2,12,18
4201505,8029,SC,Armazém,2003,1518727.79,12,135
4201604,8031,SC,Arroio Trinta,2003,1518727.79,12,135
4201653,5599,SC,Arvoredo,2003,1518727.79,12,135
4201703,8033,SC,Ascurra,2003,1518727.79,12,135
4201802,8035,SC,Atalanta,2003,1518727.79,12,135
4201901,8037,SC,Aurora,2003,1518727.79,12,135
4201950,888,SC,Balneário Arroio do Silva,2003,1518727.79,12,135
4202057,5549,SC,Balneário Barra do Sul,2003,1518727.79,12,135
4202008,8039,SC,Balneário Camboriú,2003,6580795.67,12,13
4202073,890,SC,Balneário Gaivota,2003,1518727.79,12,135
4212809,8251,SC,Balneário Piçarras,2003,2024970.29,12,95
4202081,892,SC,Bandeirante,2003,1518727.79,12,135
4202099,894,SC,Barra Bonita,2003,1518727.79,12,135
4202107,8041,SC,Barra Velha,2003,2671567.48,12,69
4202131,896,SC,Bela Vista do Toldo,2003,1518727.79,12,135
4202156,5745,SC,Belmonte,2003,1518727.79,12,135
4202206,8043,SC,Benedito Novo,2003,1700116.6,12,118
4202305,8045,SC,Biguaçu,2003,5567734.56,12,20
4202404,8047,SC,Blumenau,2003,14030596.46,12,3
4202438,898,SC,Bocaina do Sul,2003,1518727.79,12,135
4202503,8389,SC,Bom Jardim da Serra,2003,1518727.79,12,135
4202537,900,SC,Bom Jesus,2003,1518727.79,12,135
4202578,902,SC,Bom Jesus do Oeste,2003,1518727.79,12,135
4202602,8049,SC,Bom Retiro,2003,1518727.79,12,135
4202453,5537,SC,Bombinhas,2003,1518727.79,12,135
4202701,8051,SC,Botuverá,2003,1518727.79,12,135
4202800,8053,SC,Braço do Norte,2003,3543341.19,12,40
4202859,5557,SC,Braço do Trombudo,2003,1518727.79,12,135
4202875,904,SC,Brunópolis,2003,1518727.79,12,135
4202909,8055,SC,Brusque,2003,6581152.07,12,12
4203105,8059,SC,Caibi,2003,1700116.6,12,118
4203154,5553,SC,Calmon,2003,1518727.79,12,135
4203204,8061,SC,Camboriú,2003,5061848.55,12,25
4203303,8063,SC,Campo Alegre,2003,2024970.29,12,95
4203402,8065,SC,Campo Belo do Sul,2003,2185996.06,12,86
4203501,8067,SC,Campo Erê,2003,2671939.92,12,66
4203600,8069,SC,Campos Novos,2003,4128897.78,12,33
4203709,8071,SC,Canelinha,2003,1518727.79,12,135
4203808,8073,SC,Canoinhas,2003,5585783.12,12,17
4203907,8075,SC,Capinzal,2003,3037455.13,12,51
4203956,5545,SC,Capivari de Baixo,2003,3037455.13,12,51
4203253,906,SC,Capão Alto,2003,1518727.79,12,135
4204004,8077,SC,Catanduvas,2003,1943056.45,12,114
4204103,8079,SC,Caxambu do Sul,2003,1700116.6,12,118
4203006,8057,SC,Caçador,2003,6074909.64,12,14
4204152,9943,SC,Celso Ramos,2003,1518727.79,12,135
4204178,5567,SC,Cerro Negro,2003,1518727.79,12,135
4204194,908,SC,Chapadão do Lageado,2003,1518727.79,12,135
4204202,8081,SC,Chapecó,2003,13600673.83,12,7
4204251,5543,SC,Cocal do Sul,2003,2530856.24,12,81
4204301,8083,SC,Concórdia,2003,6071508.54,12,16
4204350,5579,SC,Cordilheira Alta,2003,1518727.79,12,135
4204400,8085,SC,Coronel Freitas,2003,2185842.03,12,90
4204459,5735,SC,Coronel Martins,2003,1518727.79,12,135
4204558,8395,SC,Correia Pinto,2003,3037093.35,12,62
4204509,8087,SC,Corupá,2003,2024970.29,12,95
4204608,8089,SC,Criciúma,2003,14030595.68,12,4
4204707,8091,SC,Cunha Porã,2003,1700398.02,12,117
4204756,910,SC,Cunhataí,2003,1518727.79,12,135
4204806,8093,SC,Curitibanos,2003,4371683.35,12,32
4204905,8095,SC,Descanso,2003,2428935.99,12,83
4205001,8097,SC,Dionísio Cerqueira,2003,2671567.48,12,69
4205100,8099,SC,Dona Emma,2003,1518727.79,12,135
4205159,9945,SC,Doutor Pedrinho,2003,1518727.79,12,135
4205175,912,SC,Entre Rios,2003,1518727.79,12,135
4205191,914,SC,Ermo,2003,1518727.79,12,135
4205209,8101,SC,Erval Velho,2003,1518727.79,12,135
4205308,8103,SC,Faxinal dos Guedes,2003,2024970.29,12,95
4205357,916,SC,Flor do Sertão,2003,1518727.79,12,135
4205407,8105,SC,Florianópolis,2003,25643115.5,12,1
4205431,5581,SC,Formosa do Sul,2003,1518727.79,12,135
4205456,973,SC,Forquilhinha,2003,3037455.13,12,51
4205506,8107,SC,Fraiburgo,2003,4049939.98,12,35
4205555,918,SC,Frei Rogério,2003,1518727.79,12,135
4205605,8109,SC,Galvão,2003,1518727.79,12,135
4205704,8113,SC,Garopaba,2003,2530911.1,12,80
4205803,8115,SC,Garuva,2003,2024970.29,12,95
4205902,8117,SC,Gaspar,2003,5062424.79,12,23
4206009,8111,SC,Governador Celso Ramos,2003,2024970.29,12,95
4206207,8121,SC,Gravatal,2003,2024688.87,12,112
4206108,8119,SC,Grão Pará,2003,1518727.79,12,135
4206306,8123,SC,Guabiruba,2003,2530636.4,12,82
4206405,8125,SC,Guaraciaba,2003,2185842.03,12,90
4206504,8127,SC,Guaramirim,2003,3543341.19,12,40
4206603,8129,SC,Guarujá do Sul,2003,1518727.79,12,135
4206652,5583,SC,Guatambú,2003,1518727.79,12,135
4206702,8131,SC,Herval DOeste,2003,3037455.13,12,51
4206751,920,SC,Ibiam,2003,1518727.79,12,135
4206801,8133,SC,Ibicaré,2003,1518727.79,12,135
4206900,8135,SC,Ibirama,2003,2671430.81,12,74
4207106,8139,SC,Ilhota,2003,2024970.29,12,95
4207205,8141,SC,Imaruí,2003,2428781.88,12,84
4207304,8143,SC,Imbituba,2003,4128743.64,12,34
4207403,8145,SC,Imbuia,2003,1518727.79,12,135
4207502,8147,SC,Indaial,2003,4556182.390000001,12,27
4207577,922,SC,Iomerê,2003,1518727.79,12,135
4207601,8149,SC,Ipira,2003,1518727.79,12,135
4207650,9951,SC,Iporã do Oeste,2003,1518727.79,12,135
4207684,5737,SC,Ipuaçu,2003,1518727.79,12,135
4207700,8151,SC,Ipumirim,2003,1518727.79,12,135
4207759,9953,SC,Iraceminha,2003,1518727.79,12,135
4207809,8153,SC,Irani,2003,1518727.79,12,135
4207858,5585,SC,Irati,2003,1518727.79,12,135
4207908,8155,SC,Irineópolis,2003,1518727.79,12,135
4208104,8159,SC,Itaiópolis,2003,3157292.85,12,47
4208203,8161,SC,Itajaí,2003,13600673.83,12,7
4208302,8163,SC,Itapema,2003,3543341.19,12,40
4208401,8165,SC,Itapiranga,2003,2914507.24,12,64
4208450,9985,SC,Itapoá,2003,1518727.79,12,135
4208500,8167,SC,Ituporanga,2003,3037455.13,12,51
4208005,8157,SC,Itá,2003,1700116.6,12,118
4207007,8137,SC,Içara,2003,5062424.79,12,23
4208609,8169,SC,Jaborá,2003,1518727.79,12,135
4208708,8171,SC,Jacinto Machado,2003,2185842.03,12,90
4208807,8173,SC,Jaguaruna,2003,2914507.24,12,64
4208906,8175,SC,Jaraguá do Sul,2003,8099879.26,12,9
4208955,5587,SC,Jardinópolis,2003,1518727.79,12,135
4209003,8177,SC,Joaçaba,2003,3642881.53,12,38
4209102,8179,SC,Joinville,2003,14030595.68,12,4
4209151,9957,SC,José Boiteux,2003,1518727.79,12,135
4209177,924,SC,Jupiá,2003,1518727.79,12,135
4209201,8181,SC,Lacerdópolis,2003,1518727.79,12,135
4209300,8183,SC,Lages,2003,14028959.6,12,6
4209409,8185,SC,Laguna,2003,5100057.72,12,21
4209458,5739,SC,Lajeado Grande,2003,1518727.79,12,135
4209508,8187,SC,Laurentino,2003,1518727.79,12,135
4209607,8189,SC,Lauro Muller,2003,2185933.19,12,89
4209706,8191,SC,Lebon Régis,2003,2024970.29,12,95
4209805,8193,SC,Leoberto Leal,2003,1518727.79,12,135
4209854,9961,SC,Lindóia do Sul,2003,1518727.79,12,135
4209904,8195,SC,Lontras,2003,1518727.79,12,135
4210001,8197,SC,Luiz Alves,2003,1518727.79,12,135
4210035,926,SC,Luzerna,2003,1518727.79,12,135
4210050,5575,SC,Macieira,2003,1518727.79,12,135
4210100,8199,SC,Mafra,2003,5062781.18,12,22
4210209,8201,SC,Major Gercino,2003,1518727.79,12,135
4210308,8203,SC,Major Vieira,2003,1518727.79,12,135
4210407,8391,SC,Maracajá,2003,1518727.79,12,135
4210506,8205,SC,Maravilha,2003,3157292.85,12,47
4210555,9963,SC,Marema,2003,1518727.79,12,135
4210605,8207,SC,Massaranduba,2003,2024970.29,12,95
4210704,8209,SC,Matos Costa,2003,1518727.79,12,135
4210803,8211,SC,Meleiro,2003,1700116.6,12,118
4210852,5559,SC,Mirim Doce,2003,1518727.79,12,135
4210902,8213,SC,Modelo,2003,1700116.6,12,118
4211009,8215,SC,Mondaí,2003,2185996.06,12,86
4211058,5561,SC,Monte Carlo,2003,1518727.79,12,135
4211108,8217,SC,Monte Castelo,2003,1518727.79,12,135
4211256,5539,SC,Morro Grande,2003,1518727.79,12,135
4211207,8219,SC,Morro da Fumaça,2003,2531212.64,12,75
4211306,8221,SC,Navegantes,2003,4555826.01,12,30
4211405,8223,SC,Nova Erechim,2003,1518727.79,12,135
4211454,5589,SC,Nova Itaberaba,2003,1518727.79,12,135
4211504,8225,SC,Nova Trento,2003,1700116.6,12,118
4211603,8227,SC,Nova Veneza,2003,2024774.67,12,108
4211652,5591,SC,Novo Horizonte,2003,1518727.79,12,135
4211702,8229,SC,Orleans,2003,3037455.13,12,51
4211751,8397,SC,Otacílio Costa,2003,2671567.48,12,69
4211801,8231,SC,Ouro,2003,1518727.79,12,135
4211850,5741,SC,Ouro Verde,2003,1518727.79,12,135
4211876,928,SC,Paial,2003,1518727.79,12,135
4211892,930,SC,Painel,2003,1518727.79,12,135
4211900,8233,SC,Palhoça,2003,8099166.47,12,10
4212007,8235,SC,Palma Sola,2003,1700116.6,12,118
4212056,932,SC,Palmeira,2003,1518727.79,12,135
4212106,8237,SC,Palmitos,2003,2671792.59,12,67
4212205,8239,SC,Papanduva,2003,2531212.64,12,75
4212239,5747,SC,Paraíso,2003,1518727.79,12,135
4212254,5541,SC,Passo de Torres,2003,1518727.79,12,135
4212270,5743,SC,Passos Maia,2003,1518727.79,12,135
4212304,8241,SC,Paulo Lopes,2003,1518727.79,12,135
4212403,8243,SC,Pedras Grandes,2003,1518727.79,12,135
4212502,8245,SC,Penha,2003,3037455.13,12,51
4212601,8247,SC,Peritiba,2003,1518727.79,12,135
4212700,8249,SC,Petrolândia,2003,1518727.79,12,135
4212908,8253,SC,Pinhalzinho,2003,2024970.29,12,95
4213005,8255,SC,Pinheiro Preto,2003,1518727.79,12,135
4213104,8257,SC,Piratuba,2003,1518727.79,12,135
4213153,5593,SC,Planalto Alegre,2003,1518727.79,12,135
4213203,8259,SC,Pomerode,2003,3037455.13,12,51
4213302,8261,SC,Ponte Alta,2003,1518727.79,12,135
4213351,5569,SC,Ponte Alta do Norte,2003,1518727.79,12,135
4213401,8263,SC,Ponte Serrada,2003,2428781.88,12,84
4213500,8265,SC,Porto Belo,2003,2024774.67,12,108
4213609,8267,SC,Porto União,2003,4049939.98,12,35
4213708,8269,SC,Pouso Redondo,2003,2024970.29,12,95
4213807,8271,SC,Praia Grande,2003,1518727.79,12,135
4213906,8273,SC,Presidente Castelo Branco,2003,1518727.79,12,135
4214003,8275,SC,Presidente Getúlio,2003,2024970.29,12,95
4214102,8277,SC,Presidente Nereu,2003,1518727.79,12,135
4214151,934,SC,Princesa,2003,1518727.79,12,135
4214201,8279,SC,Quilombo,2003,2914524.56,12,63
4214300,8281,SC,Rancho Queimado,2003,1518727.79,12,135
4214904,8293,SC,Rio Fortuna,2003,1518727.79,12,135
4215000,8295,SC,Rio Negrinho,2003,4555826.01,12,30
4215059,5571,SC,Rio Rufino,2003,1518727.79,12,135
4214409,8283,SC,Rio das Antas,2003,1518727.79,12,135
4214508,8285,SC,Rio do Campo,2003,1518727.79,12,135
4214607,8287,SC,Rio do Oeste,2003,1518727.79,12,135
4214805,8291,SC,Rio do Sul,2003,5568368.37,12,19
4214706,8289,SC,Rio dos Cedros,2003,1700116.6,12,118
4215075,5749,SC,Riqueza,2003,1518727.79,12,135
4215109,8297,SC,Rodeio,2003,2024774.67,12,108
4215208,8299,SC,Romelândia,2003,1700116.6,12,118
4215307,8301,SC,Salete,2003,1518727.79,12,135
4215356,936,SC,Saltinho,2003,1518727.79,12,135
4215406,8303,SC,Salto Veloso,2003,1518727.79,12,135
4215455,5547,SC,Sangão,2003,1518727.79,12,135
4215505,8305,SC,Santa Cecília,2003,2531002.26,12,79
4215554,5751,SC,Santa Helena,2003,1518727.79,12,135
4215604,8307,SC,Santa Rosa de Lima,2003,1518727.79,12,135
4215653,9967,SC,Santa Rosa do Sul,2003,1518727.79,12,135
4215679,5555,SC,Santa Terezinha,2003,1518727.79,12,135
4215687,938,SC,Santa Terezinha do Progresso,2003,1518727.79,12,135
4215695,940,SC,Santiago do Sul,2003,1518727.79,12,135
4215703,8309,SC,Santo Amaro da Imperatriz,2003,2531212.64,12,75
4217303,8341,SC,Saudades,2003,1700116.6,12,118
4217402,8343,SC,Schroeder,2003,1519304.04,12,133
4217501,8345,SC,Seara,2003,2671567.48,12,69
4217550,9989,SC,Serra Alta,2003,1518727.79,12,135
4217600,8347,SC,Siderópolis,2003,2185842.03,12,90
4217709,8349,SC,Sombrio,2003,3543121.36,12,43
4217758,5595,SC,Sul Brasil,2003,1518727.79,12,135
4215802,8311,SC,São Bento do Sul,2003,6074909.64,12,14
4215752,942,SC,São Bernardino,2003,1518727.79,12,135
4215901,8313,SC,São Bonifácio,2003,1518727.79,12,135
4216008,8315,SC,São Carlos,2003,1943056.45,12,114
4216057,5573,SC,São Cristovão do Sul,2003,1518727.79,12,135
4216107,8317,SC,São Domingos,2003,2185996.06,12,86
4216206,8319,SC,São Francisco do Sul,2003,4049939.98,12,35
4216503,8325,SC,São Joaquim,2003,3157292.85,12,47
4216602,8327,SC,São José,2003,14106554.15,12,2
4216701,8329,SC,São José do Cedro,2003,2671785.91,12,68
4216800,8331,SC,São José do Cerrito,2003,1943120.79,12,113
4216305,8321,SC,São João Batista,2003,2531212.64,12,75
4216354,5551,SC,São João do Itaperiú,2003,1518727.79,12,135
4216255,5753,SC,São João do Oeste,2003,1518727.79,12,135
4216404,8323,SC,São João do Sul,2003,1518727.79,12,135
4216909,8333,SC,São Lourenço do Oeste,2003,3400232.55,12,45
4217006,8335,SC,São Ludgero,2003,1518727.79,12,135
4217105,8337,SC,São Martinho,2003,1518727.79,12,135
4217204,8339,SC,São Miguel DOeste,2003,4614623.04,12,26
4217154,5755,SC,São Miguel da Boa Vista,2003,1518727.79,12,135
4217253,944,SC,São Pedro de Alcântara,2003,1518727.79,12,135
4217808,8351,SC,Taió,2003,2671567.48,12,69
4217907,8353,SC,Tangará,2003,1700116.6,12,118
4217956,946,SC,Tigrinhos,2003,1518727.79,12,135
4218004,8355,SC,Tijucas,2003,3543121.36,12,43
4218103,8393,SC,Timbé do Sul,2003,1518727.79,12,135
4218202,8357,SC,Timbó,2003,3543697.59,12,39
4218251,9971,SC,Timbó Grande,2003,1518727.79,12,135
4218350,948,SC,Treviso,2003,1518727.79,12,135
4218509,8363,SC,Treze Tílias,2003,1518727.79,12,135
4218400,8361,SC,Treze de Maio,2003,1518727.79,12,135
4218608,8365,SC,Trombudo Central,2003,1518727.79,12,135
4218301,8359,SC,Três Barras,2003,3037455.13,12,51
4218707,8367,SC,Tubarão,2003,7043095.94,12,11
4218756,9991,SC,Tunápolis,2003,1518727.79,12,135
4218806,8369,SC,Turvo,2003,2185842.03,12,90
4218855,9973,SC,União do Oeste,2003,1700116.6,12,118
4218905,8371,SC,Urubici,2003,2024970.29,12,95
4218954,9975,SC,Urupema,2003,1518727.79,12,135
4219002,8373,SC,Urussanga,2003,3400232.55,12,45
4219150,5563,SC,Vargem,2003,1518727.79,12,135
4219176,5565,SC,Vargem Bonita,2003,1518727.79,12,135
4219101,8375,SC,Vargeão,2003,1518727.79,12,135
4219200,8377,SC,Vidal Ramos,2003,1518727.79,12,135
4219309,8379,SC,Videira,2003,4556182.390000001,12,27
4219358,9977,SC,Vitor Meireles,2003,1518727.79,12,135
4219408,8381,SC,Witmarsum,2003,1518727.79,12,135
4219507,8383,SC,Xanxerê,2003,4556182.390000001,12,27
4219606,8385,SC,Xavantina,2003,1518727.79,12,135
4219705,8387,SC,Xaxim,2003,3037811.5300000003,12,50
4219853,950,SC,Zortéa,2003,1518727.84,12,134
4200408,8007,SC,Água Doce,2003,1518727.79,12,135
4200556,5577,SC,Águas Frias,2003,1518727.79,12,135
4200606,8011,SC,Águas Mornas,2003,1518727.79,12,135
4200507,8009,SC,Águas de Chapecó,2003,1518727.79,12,135
4200051,9939,SC,Abdon Batista,2004,1675126.41,12,136
4200101,8001,SC,Abelardo Luz,2004,3350252.27,12,51
4200200,8003,SC,Agrolândia,2004,1675126.41,12,136
4200309,8005,SC,Agronômica,2004,1675126.41,12,136
4200705,8013,SC,Alfredo Wagner,2004,1807835.99,12,118
4200754,886,SC,Alto Bela Vista,2004,1675126.41,12,136
4200804,8015,SC,Anchieta,2004,2020522.44,12,114
4200903,8017,SC,Angelina,2004,1675126.41,12,136
4201000,8019,SC,Anita Garibaldi,2004,1807835.99,12,118
4201109,8021,SC,Anitápolis,2004,1675126.41,12,136
4201208,8023,SC,Antônio Carlos,2004,1675126.41,12,136
4201257,9941,SC,Apiúna,2004,1807835.99,12,118
4201273,5597,SC,Arabutã,2004,1675126.41,12,136
4201307,8025,SC,Araquari,2004,3350252.27,12,51
4201406,8027,SC,Araranguá,2004,6142128.7299999995,12,17
4201505,8029,SC,Armazém,2004,1675126.41,12,136
4201604,8031,SC,Arroio Trinta,2004,1675126.41,12,136
4201653,5599,SC,Arvoredo,2004,1675126.41,12,136
4201703,8033,SC,Ascurra,2004,1675126.41,12,136
4201802,8035,SC,Atalanta,2004,1675126.41,12,136
4201901,8037,SC,Aurora,2004,1675126.41,12,136
4201950,888,SC,Balneário Arroio do Silva,2004,1675126.41,12,136
4202057,5549,SC,Balneário Barra do Sul,2004,1675126.41,12,136
4202008,8039,SC,Balneário Camboriú,2004,7817254.600000001,12,11
4202073,890,SC,Balneário Gaivota,2004,1675126.41,12,136
4212809,8251,SC,Balneário Piçarras,2004,2233501.72,12,92
4202081,892,SC,Bandeirante,2004,1675126.41,12,136
4202099,894,SC,Barra Bonita,2004,1675126.41,12,136
4202107,8041,SC,Barra Velha,2004,3350252.27,12,51
4202131,896,SC,Bela Vista do Toldo,2004,1675126.41,12,136
4202156,5745,SC,Belmonte,2004,1675126.41,12,136
4202206,8043,SC,Benedito Novo,2004,1807835.99,12,118
4202305,8045,SC,Biguaçu,2004,6142128.7299999995,12,17
4202404,8047,SC,Blumenau,2004,15039219.3,12,4
4202438,898,SC,Bocaina do Sul,2004,1675126.41,12,136
4202503,8389,SC,Bom Jardim da Serra,2004,1675126.41,12,136
4202537,900,SC,Bom Jesus,2004,1675126.41,12,136
4202578,902,SC,Bom Jesus do Oeste,2004,1675126.41,12,136
4202602,8049,SC,Bom Retiro,2004,1675126.41,12,136
4202453,5537,SC,Bombinhas,2004,1675126.41,12,136
4202701,8051,SC,Botuverá,2004,1675126.41,12,136
4202800,8053,SC,Braço do Norte,2004,3908627.58,12,40
4202859,5557,SC,Braço do Trombudo,2004,1675126.41,12,136
4202875,904,SC,Brunópolis,2004,1675126.41,12,136
4202909,8055,SC,Brusque,2004,7817254.600000001,12,11
4203105,8059,SC,Caibi,2004,1807835.99,12,118
4203154,5553,SC,Calmon,2004,1675126.41,12,136
4203204,8061,SC,Camboriú,2004,5583753.42,12,22
4203303,8063,SC,Campo Alegre,2004,2233501.72,12,92
4203402,8065,SC,Campo Belo do Sul,2004,2233208.88,12,111
4203501,8067,SC,Campo Erê,2004,2658581.87,12,82
4203600,8069,SC,Campos Novos,2004,4360073.97,12,38
4203709,8071,SC,Canelinha,2004,1675126.41,12,136
4203808,8073,SC,Canoinhas,2004,6061566.03,12,21
4203907,8075,SC,Capinzal,2004,3350252.27,12,51
4203956,5545,SC,Capivari de Baixo,2004,3350252.27,12,51
4203253,906,SC,Capão Alto,2004,1675126.41,12,136
4204004,8077,SC,Catanduvas,2004,2020522.44,12,114
4204103,8079,SC,Caxambu do Sul,2004,1807835.99,12,118
4203006,8057,SC,Caçador,2004,6700504.04,12,14
4204152,9943,SC,Celso Ramos,2004,1675126.41,12,136
4204178,5567,SC,Cerro Negro,2004,1675126.41,12,136
4204194,908,SC,Chapadão do Lageado,2004,1675126.41,12,136
4204202,8081,SC,Chapecó,2004,15158789.72,12,2
4204251,5543,SC,Cocal do Sul,2004,2791876.96,12,74
4204301,8083,SC,Concórdia,2004,6593282.29,12,16
4204350,5579,SC,Cordilheira Alta,2004,1675126.41,12,136
4204400,8085,SC,Coronel Freitas,2004,2339552.26,12,86
4204459,5735,SC,Coronel Martins,2004,1675126.41,12,136
4204558,8395,SC,Correia Pinto,2004,3350252.27,12,51
4204509,8087,SC,Corupá,2004,2233501.72,12,92
4204608,8089,SC,Criciúma,2004,15039219.3,12,4
4204707,8091,SC,Cunha Porã,2004,1807835.99,12,118
4204756,910,SC,Cunhataí,2004,1675126.41,12,136
4204806,8093,SC,Curitibanos,2004,4679103.76,12,32
4204905,8095,SC,Descanso,2004,2445895.49,12,85
4205001,8097,SC,Dionísio Cerqueira,2004,2871268.5100000002,12,68
4205100,8099,SC,Dona Emma,2004,1675126.41,12,136
4205159,9945,SC,Doutor Pedrinho,2004,1675126.41,12,136
4205175,912,SC,Entre Rios,2004,1675126.41,12,136
4205191,914,SC,Ermo,2004,1675126.41,12,136
4205209,8101,SC,Erval Velho,2004,1675126.41,12,136
4205308,8103,SC,Faxinal dos Guedes,2004,2233501.72,12,92
4205357,916,SC,Flor do Sertão,2004,1675126.41,12,136
4205407,8105,SC,Florianópolis,2004,27945563.3,12,1
4205431,5581,SC,Formosa do Sul,2004,1675126.41,12,136
4205456,973,SC,Forquilhinha,2004,3350252.27,12,51
4205506,8107,SC,Fraiburgo,2004,4467002.88,12,33
4205555,918,SC,Frei Rogério,2004,1675126.41,12,136
4205605,8109,SC,Galvão,2004,1675126.41,12,136
4205704,8113,SC,Garopaba,2004,2791876.96,12,74
4205803,8115,SC,Garuva,2004,2233501.72,12,92
4205902,8117,SC,Gaspar,2004,5583753.42,12,22
4206009,8111,SC,Governador Celso Ramos,2004,2233501.72,12,92
4206207,8121,SC,Gravatal,2004,2233501.72,12,92
4206108,8119,SC,Grão Pará,2004,1675126.41,12,136
4206306,8123,SC,Guabiruba,2004,2791876.96,12,74
4206405,8125,SC,Guaraciaba,2004,2339552.26,12,86
4206504,8127,SC,Guaramirim,2004,3908627.58,12,40
4206603,8129,SC,Guarujá do Sul,2004,1675126.41,12,136
4206652,5583,SC,Guatambú,2004,1675126.41,12,136
4206702,8131,SC,Herval DOeste,2004,3350252.27,12,51
4206751,920,SC,Ibiam,2004,1675126.41,12,136
4206801,8133,SC,Ibicaré,2004,1675126.41,12,136
4206900,8135,SC,Ibirama,2004,2871268.5100000002,12,68
4207106,8139,SC,Ilhota,2004,2233501.72,12,92
4207205,8141,SC,Imaruí,2004,2552238.76,12,83
4207304,8143,SC,Imbituba,2004,4466417.34,12,37
4207403,8145,SC,Imbuia,2004,1675126.41,12,136
4207502,8147,SC,Indaial,2004,5025378.19,12,26
4207577,922,SC,Iomerê,2004,1675126.41,12,136
4207601,8149,SC,Ipira,2004,1675126.41,12,136
4207650,9951,SC,Iporã do Oeste,2004,1675126.41,12,136
4207684,5737,SC,Ipuaçu,2004,1675126.41,12,136
4207700,8151,SC,Ipumirim,2004,1675126.41,12,136
4207759,9953,SC,Iraceminha,2004,1675126.41,12,136
4207809,8153,SC,Irani,2004,1675126.41,12,136
4207858,5585,SC,Irati,2004,1675126.41,12,136
4207908,8155,SC,Irineópolis,2004,1675126.41,12,136
4208104,8159,SC,Itaiópolis,2004,3402984.73,12,48
4208203,8161,SC,Itajaí,2004,14600414.46,12,8
4208302,8163,SC,Itapema,2004,3908627.58,12,40
4208401,8165,SC,Itapiranga,2004,3083954.97,12,65
4208450,9985,SC,Itapoá,2004,2233501.72,12,92
4208500,8167,SC,Ituporanga,2004,3350252.27,12,51
4208005,8157,SC,Itá,2004,1807835.99,12,118
4207007,8137,SC,Içara,2004,6142128.7299999995,12,17
4208609,8169,SC,Jaborá,2004,1675126.41,12,136
4208708,8171,SC,Jacinto Machado,2004,2339552.26,12,86
4208807,8173,SC,Jaguaruna,2004,3083954.97,12,65
4208906,8175,SC,Jaraguá do Sul,2004,9492380.53,12,9
4208955,5587,SC,Jardinópolis,2004,1675126.41,12,136
4209003,8177,SC,Joaçaba,2004,3934701.04,12,39
4209102,8179,SC,Joinville,2004,15039219.3,12,4
4209151,9957,SC,José Boiteux,2004,1675126.41,12,136
4209177,924,SC,Jupiá,2004,1675126.41,12,136
4209201,8181,SC,Lacerdópolis,2004,1675126.41,12,136
4209300,8183,SC,Lages,2004,15039219.3,12,4
4209409,8185,SC,Laguna,2004,5529849.78,12,25
4209458,5739,SC,Lajeado Grande,2004,1675126.41,12,136
4209508,8187,SC,Laurentino,2004,1675126.41,12,136
4209607,8189,SC,Lauro Muller,2004,2339552.26,12,86
4209706,8191,SC,Lebon Régis,2004,2233501.72,12,92
4209805,8193,SC,Leoberto Leal,2004,1675126.41,12,136
4209854,9961,SC,Lindóia do Sul,2004,1675126.41,12,136
4209904,8195,SC,Lontras,2004,1675126.41,12,136
4210001,8197,SC,Luiz Alves,2004,1675126.41,12,136
4210035,926,SC,Luzerna,2004,1675126.41,12,136
4210050,5575,SC,Macieira,2004,1675126.41,12,136
4210100,8199,SC,Mafra,2004,5583753.42,12,22
4210209,8201,SC,Major Gercino,2004,1675126.41,12,136
4210308,8203,SC,Major Vieira,2004,1675126.41,12,136
4210407,8391,SC,Maracajá,2004,1675126.41,12,136
4210506,8205,SC,Maravilha,2004,3402984.73,12,48
4210555,9963,SC,Marema,2004,1675126.41,12,136
4210605,8207,SC,Massaranduba,2004,2233501.72,12,92
4210704,8209,SC,Matos Costa,2004,1675126.41,12,136
4210803,8211,SC,Meleiro,2004,1807835.99,12,118
4210852,5559,SC,Mirim Doce,2004,1675126.41,12,136
4210902,8213,SC,Modelo,2004,1807835.99,12,118
4211009,8215,SC,Mondaí,2004,2233208.88,12,111
4211058,5561,SC,Monte Carlo,2004,1675126.41,12,136
4211108,8217,SC,Monte Castelo,2004,1675126.41,12,136
4211256,5539,SC,Morro Grande,2004,1675126.41,12,136
4211207,8219,SC,Morro da Fumaça,2004,2791876.96,12,74
4211306,8221,SC,Navegantes,2004,5025378.19,12,26
4211405,8223,SC,Nova Erechim,2004,1675126.41,12,136
4211454,5589,SC,Nova Itaberaba,2004,1675126.41,12,136
4211504,8225,SC,Nova Trento,2004,1807835.99,12,118
4211603,8227,SC,Nova Veneza,2004,2233501.72,12,92
4211652,5591,SC,Novo Horizonte,2004,1675126.41,12,136
4211702,8229,SC,Orleans,2004,3350252.27,12,51
4211751,8397,SC,Otacílio Costa,2004,2871268.5100000002,12,68
4211801,8231,SC,Ouro,2004,1675126.41,12,136
4211850,5741,SC,Ouro Verde,2004,1675126.41,12,136
4211876,928,SC,Paial,2004,1675126.41,12,136
4211892,930,SC,Painel,2004,1675126.41,12,136
4211900,8233,SC,Palhoça,2004,8934005.23,12,10
4212007,8235,SC,Palma Sola,2004,1807835.99,12,118
4212056,932,SC,Palmeira,2004,1675126.41,12,136
4212106,8237,SC,Palmitos,2004,2871268.5100000002,12,68
4212205,8239,SC,Papanduva,2004,3350252.27,12,51
4212239,5747,SC,Paraíso,2004,1675126.41,12,136
4212254,5541,SC,Passo de Torres,2004,1675126.41,12,136
4212270,5743,SC,Passos Maia,2004,1675126.41,12,136
4212304,8241,SC,Paulo Lopes,2004,1675126.41,12,136
4212403,8243,SC,Pedras Grandes,2004,1675126.41,12,136
4212502,8245,SC,Penha,2004,3350252.27,12,51
4212601,8247,SC,Peritiba,2004,1675126.41,12,136
4212700,8249,SC,Petrolândia,2004,1675126.41,12,136
4212908,8253,SC,Pinhalzinho,2004,2233501.72,12,92
4213005,8255,SC,Pinheiro Preto,2004,1675126.41,12,136
4213104,8257,SC,Piratuba,2004,1675126.41,12,136
4213153,5593,SC,Planalto Alegre,2004,1675126.41,12,136
4213203,8259,SC,Pomerode,2004,3350252.27,12,51
4213302,8261,SC,Ponte Alta,2004,1675126.41,12,136
4213351,5569,SC,Ponte Alta do Norte,2004,1675126.41,12,136
4213401,8263,SC,Ponte Serrada,2004,2552238.76,12,83
4213500,8265,SC,Porto Belo,2004,2233501.72,12,92
4213609,8267,SC,Porto União,2004,4467002.88,12,33
4213708,8269,SC,Pouso Redondo,2004,2233501.72,12,92
4213807,8271,SC,Praia Grande,2004,1675126.41,12,136
4213906,8273,SC,Presidente Castelo Branco,2004,1675126.41,12,136
4214003,8275,SC,Presidente Getúlio,2004,2233501.72,12,92
4214102,8277,SC,Presidente Nereu,2004,1675126.41,12,136
4214151,934,SC,Princesa,2004,1675126.41,12,136
4214201,8279,SC,Quilombo,2004,2977611.76,12,67
4214300,8281,SC,Rancho Queimado,2004,1675126.41,12,136
4214904,8293,SC,Rio Fortuna,2004,1675126.41,12,136
4215000,8295,SC,Rio Negrinho,2004,5025378.19,12,26
4215059,5571,SC,Rio Rufino,2004,1675126.41,12,136
4214409,8283,SC,Rio das Antas,2004,1675126.41,12,136
4214508,8285,SC,Rio do Campo,2004,1675126.41,12,136
4214607,8287,SC,Rio do Oeste,2004,1675126.41,12,136
4214805,8291,SC,Rio do Sul,2004,6142128.7299999995,12,17
4214706,8289,SC,Rio dos Cedros,2004,1807835.99,12,118
4215075,5749,SC,Riqueza,2004,1675126.41,12,136
4215109,8297,SC,Rodeio,2004,2233501.72,12,92
4215208,8299,SC,Romelândia,2004,1807835.99,12,118
4215307,8301,SC,Salete,2004,1675126.41,12,136
4215356,936,SC,Saltinho,2004,1675126.41,12,136
4215406,8303,SC,Salto Veloso,2004,1675126.41,12,136
4215455,5547,SC,Sangão,2004,1675126.41,12,136
4215505,8305,SC,Santa Cecília,2004,2791876.96,12,74
4215554,5751,SC,Santa Helena,2004,1675126.41,12,136
4215604,8307,SC,Santa Rosa de Lima,2004,1675126.41,12,136
4215653,9967,SC,Santa Rosa do Sul,2004,1675126.41,12,136
4215679,5555,SC,Santa Terezinha,2004,1675126.41,12,136
4215687,938,SC,Santa Terezinha do Progresso,2004,1675126.41,12,136
4215695,940,SC,Santiago do Sul,2004,1675126.41,12,136
4215703,8309,SC,Santo Amaro da Imperatriz,2004,2791876.96,12,74
4217303,8341,SC,Saudades,2004,1807835.99,12,118
4217402,8343,SC,Schroeder,2004,2233501.72,12,92
4217501,8345,SC,Seara,2004,2871268.5100000002,12,68
4217550,9989,SC,Serra Alta,2004,1675126.41,12,136
4217600,8347,SC,Siderópolis,2004,2339552.26,12,86
4217709,8349,SC,Sombrio,2004,3908627.58,12,40
4217758,5595,SC,Sul Brasil,2004,1675126.41,12,136
4215802,8311,SC,São Bento do Sul,2004,6700504.04,12,14
4215752,942,SC,São Bernardino,2004,1675126.41,12,136
4215901,8313,SC,São Bonifácio,2004,1675126.41,12,136
4216008,8315,SC,São Carlos,2004,2020522.44,12,114
4216057,5573,SC,São Cristovão do Sul,2004,1675126.41,12,136
4216107,8317,SC,São Domingos,2004,2233208.88,12,111
4216206,8319,SC,São Francisco do Sul,2004,4467002.88,12,33
4216503,8325,SC,São Joaquim,2004,3402984.73,12,48
4216602,8327,SC,São José,2004,15158789.4,12,3
4216701,8329,SC,São José do Cedro,2004,2764925.2,12,81
4216800,8331,SC,São José do Cerrito,2004,2020522.44,12,114
4216305,8321,SC,São João Batista,2004,2791876.96,12,74
4216354,5551,SC,São João do Itaperiú,2004,1675126.41,12,136
4216255,5753,SC,São João do Oeste,2004,1675126.41,12,136
4216404,8323,SC,São João do Sul,2004,1675126.41,12,136
4216909,8333,SC,São Lourenço do Oeste,2004,3615671.24,12,46
4217006,8335,SC,São Ludgero,2004,1675126.41,12,136
4217105,8337,SC,São Martinho,2004,1675126.41,12,136
4217204,8339,SC,São Miguel DOeste,2004,4891790.2700000005,12,31
4217154,5755,SC,São Miguel da Boa Vista,2004,1675126.41,12,136
4217253,944,SC,São Pedro de Alcântara,2004,1675126.41,12,136
4217808,8351,SC,Taió,2004,2871268.5100000002,12,68
4217907,8353,SC,Tangará,2004,1807835.99,12,118
4217956,946,SC,Tigrinhos,2004,1675126.41,12,136
4218004,8355,SC,Tijucas,2004,3908627.58,12,40
4218103,8393,SC,Timbé do Sul,2004,1675126.41,12,136
4218202,8357,SC,Timbó,2004,4467002.88,12,33
4218251,9971,SC,Timbó Grande,2004,1675126.41,12,136
4218350,948,SC,Treviso,2004,1675126.41,12,136
4218509,8363,SC,Treze Tílias,2004,1675126.41,12,136
4218400,8361,SC,Treze de Maio,2004,1675126.41,12,136
4218608,8365,SC,Trombudo Central,2004,1675126.41,12,136
4218301,8359,SC,Três Barras,2004,3350252.27,12,51
4218707,8367,SC,Tubarão,2004,7656714.81,12,13
4218756,9991,SC,Tunápolis,2004,1675126.41,12,136
4218806,8369,SC,Turvo,2004,2339552.26,12,86
4218855,9973,SC,União do Oeste,2004,1807835.99,12,118
4218905,8371,SC,Urubici,2004,2233501.72,12,92
4218954,9975,SC,Urupema,2004,1675126.41,12,136
4219002,8373,SC,Urussanga,2004,3615671.24,12,46
4219150,5563,SC,Vargem,2004,1675126.41,12,136
4219176,5565,SC,Vargem Bonita,2004,1675126.41,12,136
4219101,8375,SC,Vargeão,2004,1675126.41,12,136
4219200,8377,SC,Vidal Ramos,2004,1675126.41,12,136
4219309,8379,SC,Videira,2004,5025378.19,12,26
4219358,9977,SC,Vitor Meireles,2004,1675126.41,12,136
4219408,8381,SC,Witmarsum,2004,1675126.41,12,136
4219507,8383,SC,Xanxerê,2004,5025378.19,12,26
4219606,8385,SC,Xavantina,2004,1675126.41,12,136
4219705,8387,SC,Xaxim,2004,3908627.58,12,40
4219853,950,SC,Zortéa,2004,1675128.6600000001,12,135
4200408,8007,SC,Água Doce,2004,1675126.41,12,136
4200556,5577,SC,Águas Frias,2004,1675126.41,12,136
4200606,8011,SC,Águas Mornas,2004,1675126.41,12,136
4200507,8009,SC,Águas de Chapecó,2004,1675126.41,12,136
4200051,9939,SC,Abdon Batista,2005,2087598.38,12,137
4200101,8001,SC,Abelardo Luz,2005,4175196.11,12,49
4200200,8003,SC,Agrolândia,2005,2087598.38,12,137
4200309,8005,SC,Agronômica,2005,2087598.38,12,137
4200705,8013,SC,Alfredo Wagner,2005,2179068.11,12,122
4200754,886,SC,Alto Bela Vista,2005,2087598.38,12,137
4200804,8015,SC,Anchieta,2005,2377890.12,12,117
4200903,8017,SC,Angelina,2005,2087598.38,12,137
4201000,8019,SC,Anita Garibaldi,2005,2180413.99,12,121
4201109,8021,SC,Anitápolis,2005,2087598.38,12,137
4201208,8023,SC,Antônio Carlos,2005,2087598.38,12,137
4201257,9941,SC,Apiúna,2005,2179068.11,12,122
4201273,5597,SC,Arabutã,2005,2087598.38,12,137
4201307,8025,SC,Araquari,2005,4175196.11,12,49
4201406,8027,SC,Araranguá,2005,7654525.850000001,12,17
4201505,8029,SC,Armazém,2005,2087598.38,12,137
4201604,8031,SC,Arroio Trinta,2005,2087598.38,12,137
4201653,5599,SC,Arvoredo,2005,2087598.38,12,137
4201703,8033,SC,Ascurra,2005,2087598.38,12,137
4201802,8035,SC,Atalanta,2005,2087598.38,12,137
4201901,8037,SC,Aurora,2005,2087598.38,12,137
4201950,888,SC,Balneário Arroio do Silva,2005,2087598.38,12,137
4202057,5549,SC,Balneário Barra do Sul,2005,2087598.38,12,137
4202008,8039,SC,Balneário Camboriú,2005,9740026.86,12,12
4202073,890,SC,Balneário Gaivota,2005,2087598.38,12,137
4212809,8251,SC,Balneário Piçarras,2005,2783464.23,12,91
4202081,892,SC,Bandeirante,2005,2087598.38,12,137
4202099,894,SC,Barra Bonita,2005,2087598.38,12,137
4202107,8041,SC,Barra Velha,2005,4173680.2399999998,12,60
4202131,896,SC,Bela Vista do Toldo,2005,2087598.38,12,137
4202156,5745,SC,Belmonte,2005,2087598.38,12,137
4202206,8043,SC,Benedito Novo,2005,2179068.11,12,122
4202305,8045,SC,Biguaçu,2005,7654525.850000001,12,17
4202404,8047,SC,Blumenau,2005,18724605.490000002,12,5
4202438,898,SC,Bocaina do Sul,2005,2087598.38,12,137
4202503,8389,SC,Bom Jardim da Serra,2005,2087598.38,12,137
4202537,900,SC,Bom Jesus,2005,2087598.38,12,137
4202578,902,SC,Bom Jesus do Oeste,2005,2087598.38,12,137
4202602,8049,SC,Bom Retiro,2005,2087598.38,12,137
4202453,5537,SC,Bombinhas,2005,2777218.04,12,111
4202701,8051,SC,Botuverá,2005,2087598.38,12,137
4202800,8053,SC,Braço do Norte,2005,4871062.0600000005,12,40
4202859,5557,SC,Braço do Trombudo,2005,2087598.38,12,137
4202875,904,SC,Brunópolis,2005,2087598.38,12,137
4202909,8055,SC,Brusque,2005,9740026.86,12,12
4203105,8059,SC,Caibi,2005,2179068.11,12,122
4203154,5553,SC,Calmon,2005,2087598.38,12,137
4203204,8061,SC,Camboriú,2005,6958659.96,12,24
4203303,8063,SC,Campo Alegre,2005,2783464.23,12,91
4203402,8065,SC,Campo Belo do Sul,2005,2576712.12,12,114
4203501,8067,SC,Campo Erê,2005,2974356.15,12,84
4203600,8069,SC,Campos Novos,2005,5217039.26,12,39
4203709,8071,SC,Canelinha,2005,2087598.38,12,137
4203808,8073,SC,Canoinhas,2005,7459722.36,12,23
4203907,8075,SC,Capinzal,2005,4175196.11,12,49
4203956,5545,SC,Capivari de Baixo,2005,4175196.11,12,49
4203253,906,SC,Capão Alto,2005,2087598.38,12,137
4204004,8077,SC,Catanduvas,2005,2377890.12,12,117
4204103,8079,SC,Caxambu do Sul,2005,2179068.11,12,122
4203006,8057,SC,Caçador,2005,8350391.7700000005,12,15
4204152,9943,SC,Celso Ramos,2005,2087598.38,12,137
4204178,5567,SC,Cerro Negro,2005,2087598.38,12,137
4204194,908,SC,Chapadão do Lageado,2005,2087598.38,12,137
4204202,8081,SC,Chapecó,2005,18894243.62,12,3
4204251,5543,SC,Cocal do Sul,2005,3479330.21,12,72
4204301,8083,SC,Concórdia,2005,8119804.21,12,16
4204350,5579,SC,Cordilheira Alta,2005,2087598.38,12,137
4204400,8085,SC,Coronel Freitas,2005,2839149.89,12,85
4204459,5735,SC,Coronel Martins,2005,2087598.38,12,137
4204558,8395,SC,Correia Pinto,2005,4175196.11,12,49
4204509,8087,SC,Corupá,2005,2783464.23,12,91
4204608,8089,SC,Criciúma,2005,18724605.490000002,12,5
4204707,8091,SC,Cunha Porã,2005,2179068.11,12,122
4204756,910,SC,Cunhataí,2005,2087598.38,12,137
4204806,8093,SC,Curitibanos,2005,6136182.13,12,32
4204905,8095,SC,Descanso,2005,2775534.28,12,113
4205001,8097,SC,Dionísio Cerqueira,2005,3499231.63,12,67
4205100,8099,SC,Dona Emma,2005,2087598.38,12,137
4205159,9945,SC,Doutor Pedrinho,2005,2087598.38,12,137
4205175,912,SC,Entre Rios,2005,2087598.38,12,137
4205191,914,SC,Ermo,2005,2087598.38,12,137
4205209,8101,SC,Erval Velho,2005,2087598.38,12,137
4205308,8103,SC,Faxinal dos Guedes,2005,2783464.23,12,91
4205357,916,SC,Flor do Sertão,2005,2087598.38,12,137
4205407,8105,SC,Florianópolis,2005,35052166.230000004,12,1
4205431,5581,SC,Formosa do Sul,2005,2087598.38,12,137
4205456,973,SC,Forquilhinha,2005,4175196.11,12,49
4205506,8107,SC,Fraiburgo,2005,5566928.04,12,34
4205555,918,SC,Frei Rogério,2005,2087598.38,12,137
4205605,8109,SC,Galvão,2005,2087598.38,12,137
4205704,8113,SC,Garopaba,2005,3479330.21,12,72
4205803,8115,SC,Garuva,2005,2783464.23,12,91
4205902,8117,SC,Gaspar,2005,7648279.67,12,21
4206009,8111,SC,Governador Celso Ramos,2005,2783464.23,12,91
4206207,8121,SC,Gravatal,2005,2783464.23,12,91
4206108,8119,SC,Grão Pará,2005,2087598.38,12,137
4206306,8123,SC,Guabiruba,2005,3479330.21,12,72
4206405,8125,SC,Guaraciaba,2005,2839149.89,12,85
4206504,8127,SC,Guaramirim,2005,4871062.0600000005,12,40
4206603,8129,SC,Guarujá do Sul,2005,2087598.38,12,137
4206652,5583,SC,Guatambú,2005,2087598.38,12,137
4206702,8131,SC,Herval DOeste,2005,4175196.11,12,49
4206751,920,SC,Ibiam,2005,2087598.38,12,137
4206801,8133,SC,Ibicaré,2005,2087598.38,12,137
4206900,8135,SC,Ibirama,2005,3499231.63,12,67
4207106,8139,SC,Ilhota,2005,2783464.23,12,91
4207205,8141,SC,Imaruí,2005,3037971.91,12,81
4207304,8143,SC,Imbituba,2005,6256869.47,12,31
4207403,8145,SC,Imbuia,2005,2087598.38,12,137
4207502,8147,SC,Indaial,2005,6952413.75,12,25
4207577,922,SC,Iomerê,2005,2087598.38,12,137
4207601,8149,SC,Ipira,2005,2087598.38,12,137
4207650,9951,SC,Iporã do Oeste,2005,2087598.38,12,137
4207684,5737,SC,Ipuaçu,2005,2087598.38,12,137
4207700,8151,SC,Ipumirim,2005,2087598.38,12,137
4207759,9953,SC,Iraceminha,2005,2087598.38,12,137
4207809,8153,SC,Irani,2005,2087598.38,12,137
4207858,5585,SC,Irati,2005,2087598.38,12,137
4207908,8155,SC,Irineópolis,2005,2087598.38,12,137
4208104,8159,SC,Itaiópolis,2005,4159313.44,12,63
4208203,8161,SC,Itajaí,2005,18890094.259999998,12,4
4208302,8163,SC,Itapema,2005,5560681.84,12,38
4208401,8165,SC,Itapiranga,2005,3240170.59,12,79
4208450,9985,SC,Itapoá,2005,2781367.41,12,108
4208500,8167,SC,Ituporanga,2005,4175196.11,12,49
4208005,8157,SC,Itá,2005,2179068.11,12,122
4207007,8137,SC,Içara,2005,7652429.03,12,20
4208609,8169,SC,Jaborá,2005,2087598.38,12,137
4208708,8171,SC,Jacinto Machado,2005,2839149.89,12,85
4208807,8173,SC,Jaguaruna,2005,3698053.79,12,66
4208906,8175,SC,Jaraguá do Sul,2005,11827624.6,12,9
4208955,5587,SC,Jardinópolis,2005,2087598.38,12,137
4209003,8177,SC,Joaçaba,2005,4819395.22,12,46
4209102,8179,SC,Joinville,2005,18724605.490000002,12,5
4209151,9957,SC,José Boiteux,2005,2087598.38,12,137
4209177,924,SC,Jupiá,2005,2087598.38,12,137
4209201,8181,SC,Lacerdópolis,2005,2087598.38,12,137
4209300,8183,SC,Lages,2005,18724605.490000002,12,5
4209409,8185,SC,Laguna,2005,6799640.6,12,28
4209458,5739,SC,Lajeado Grande,2005,2087598.38,12,137
4209508,8187,SC,Laurentino,2005,2087598.38,12,137
4209607,8189,SC,Lauro Muller,2005,2839149.89,12,85
4209706,8191,SC,Lebon Régis,2005,2783464.23,12,91
4209805,8193,SC,Leoberto Leal,2005,2087598.38,12,137
4209854,9961,SC,Lindóia do Sul,2005,2087598.38,12,137
4209904,8195,SC,Lontras,2005,2087598.38,12,137
4210001,8197,SC,Luiz Alves,2005,2087598.38,12,137
4210035,926,SC,Luzerna,2005,2087598.38,12,137
4210050,5575,SC,Macieira,2005,2087598.38,12,137
4210100,8199,SC,Mafra,2005,7648279.67,12,21
4210209,8201,SC,Major Gercino,2005,2087598.38,12,137
4210308,8203,SC,Major Vieira,2005,2087598.38,12,137
4210407,8391,SC,Maracajá,2005,2087598.38,12,137
4210506,8205,SC,Maravilha,2005,4159313.44,12,63
4210555,9963,SC,Marema,2005,2087598.38,12,137
4210605,8207,SC,Massaranduba,2005,2783464.23,12,91
4210704,8209,SC,Matos Costa,2005,2087598.38,12,137
4210803,8211,SC,Meleiro,2005,2179068.11,12,122
4210852,5559,SC,Mirim Doce,2005,2087598.38,12,137
4210902,8213,SC,Modelo,2005,2179068.11,12,122
4211009,8215,SC,Mondaí,2005,2576712.12,12,114
4211058,5561,SC,Monte Carlo,2005,2777218.04,12,111
4211108,8217,SC,Monte Castelo,2005,2087598.38,12,137
4211256,5539,SC,Morro Grande,2005,2087598.38,12,137
4211207,8219,SC,Morro da Fumaça,2005,3479330.21,12,72
4211306,8221,SC,Navegantes,2005,6952413.75,12,25
4211405,8223,SC,Nova Erechim,2005,2087598.38,12,137
4211454,5589,SC,Nova Itaberaba,2005,2087598.38,12,137
4211504,8225,SC,Nova Trento,2005,2778955.17,12,110
4211603,8227,SC,Nova Veneza,2005,2783464.23,12,91
4211652,5591,SC,Novo Horizonte,2005,2087598.38,12,137
4211702,8229,SC,Orleans,2005,4175196.11,12,49
4211751,8397,SC,Otacílio Costa,2005,3499231.63,12,67
4211801,8231,SC,Ouro,2005,2087598.38,12,137
4211850,5741,SC,Ouro Verde,2005,2087598.38,12,137
4211876,928,SC,Paial,2005,2087598.38,12,137
4211892,930,SC,Painel,2005,2087598.38,12,137
4211900,8233,SC,Palhoça,2005,11823475.23,12,10
4212007,8235,SC,Palma Sola,2005,2179068.11,12,122
4212056,932,SC,Palmeira,2005,2087598.38,12,137
4212106,8237,SC,Palmitos,2005,3499231.63,12,67
4212205,8239,SC,Papanduva,2005,4173099.28,12,61
4212239,5747,SC,Paraíso,2005,2087598.38,12,137
4212254,5541,SC,Passo de Torres,2005,2087598.38,12,137
4212270,5743,SC,Passos Maia,2005,2087598.38,12,137
4212304,8241,SC,Paulo Lopes,2005,2087598.38,12,137
4212403,8243,SC,Pedras Grandes,2005,2087598.38,12,137
4212502,8245,SC,Penha,2005,4175196.11,12,49
4212601,8247,SC,Peritiba,2005,2087598.38,12,137
4212700,8249,SC,Petrolândia,2005,2087598.38,12,137
4212908,8253,SC,Pinhalzinho,2005,2783464.23,12,91
4213005,8255,SC,Pinheiro Preto,2005,2087598.38,12,137
4213104,8257,SC,Piratuba,2005,2087598.38,12,137
4213153,5593,SC,Planalto Alegre,2005,2087598.38,12,137
4213203,8259,SC,Pomerode,2005,4864815.88,12,45
4213302,8261,SC,Ponte Alta,2005,2087598.38,12,137
4213351,5569,SC,Ponte Alta do Norte,2005,2087598.38,12,137
4213401,8263,SC,Ponte Serrada,2005,3037971.91,12,81
4213500,8265,SC,Porto Belo,2005,2783464.23,12,91
4213609,8267,SC,Porto União,2005,5566928.04,12,34
4213708,8269,SC,Pouso Redondo,2005,2783464.23,12,91
4213807,8271,SC,Praia Grande,2005,2087598.38,12,137
4213906,8273,SC,Presidente Castelo Branco,2005,2087598.38,12,137
4214003,8275,SC,Presidente Getúlio,2005,2783464.23,12,91
4214102,8277,SC,Presidente Nereu,2005,2087598.38,12,137
4214151,934,SC,Princesa,2005,2087598.38,12,137
4214201,8279,SC,Quilombo,2005,2977732.82,12,83
4214300,8281,SC,Rancho Queimado,2005,2087598.38,12,137
4214904,8293,SC,Rio Fortuna,2005,2087598.38,12,137
4215000,8295,SC,Rio Negrinho,2005,6262794.02,12,29
4215059,5571,SC,Rio Rufino,2005,2087598.38,12,137
4214409,8283,SC,Rio das Antas,2005,2087598.38,12,137
4214508,8285,SC,Rio do Campo,2005,2087598.38,12,137
4214607,8287,SC,Rio do Oeste,2005,2087598.38,12,137
4214805,8291,SC,Rio do Sul,2005,7654525.850000001,12,17
4214706,8289,SC,Rio dos Cedros,2005,2179068.11,12,122
4215075,5749,SC,Riqueza,2005,2087598.38,12,137
4215109,8297,SC,Rodeio,2005,2783464.23,12,91
4215208,8299,SC,Romelândia,2005,2179068.11,12,122
4215307,8301,SC,Salete,2005,2087598.38,12,137
4215356,936,SC,Saltinho,2005,2087598.38,12,137
4215406,8303,SC,Salto Veloso,2005,2087598.38,12,137
4215455,5547,SC,Sangão,2005,2087598.38,12,137
4215505,8305,SC,Santa Cecília,2005,3479330.21,12,72
4215554,5751,SC,Santa Helena,2005,2087598.38,12,137
4215604,8307,SC,Santa Rosa de Lima,2005,2087598.38,12,137
4215653,9967,SC,Santa Rosa do Sul,2005,2087598.38,12,137
4215679,5555,SC,Santa Terezinha,2005,2087598.38,12,137
4215687,938,SC,Santa Terezinha do Progresso,2005,2087598.38,12,137
4215695,940,SC,Santiago do Sul,2005,2087598.38,12,137
4215703,8309,SC,Santo Amaro da Imperatriz,2005,3479330.21,12,72
4217303,8341,SC,Saudades,2005,2179068.11,12,122
4217402,8343,SC,Schroeder,2005,2781367.41,12,108
4217501,8345,SC,Seara,2005,4170120.85,12,62
4217550,9989,SC,Serra Alta,2005,2087598.38,12,137
4217600,8347,SC,Siderópolis,2005,2839149.89,12,85
4217709,8349,SC,Sombrio,2005,4871062.0600000005,12,40
4217758,5595,SC,Sul Brasil,2005,2087598.38,12,137
4215802,8311,SC,São Bento do Sul,2005,9040011.58,12,14
4215752,942,SC,São Bernardino,2005,2087598.38,12,137
4215901,8313,SC,São Bonifácio,2005,2087598.38,12,137
4216008,8315,SC,São Carlos,2005,2377890.12,12,117
4216057,5573,SC,São Cristovão do Sul,2005,2087598.38,12,137
4216107,8317,SC,São Domingos,2005,2576712.12,12,114
4216206,8319,SC,São Francisco do Sul,2005,5566928.04,12,34
4216503,8325,SC,São Joaquim,2005,4159313.44,12,63
4216602,8327,SC,São José,2005,18896342.93,12,2
4216701,8329,SC,São José do Cedro,2005,3236793.92,12,80
4216800,8331,SC,São José do Cerrito,2005,2377890.12,12,117
4216305,8321,SC,São João Batista,2005,3479330.21,12,72
4216354,5551,SC,São João do Itaperiú,2005,2087598.38,12,137
4216255,5753,SC,São João do Oeste,2005,2087598.38,12,137
4216404,8323,SC,São João do Sul,2005,2087598.38,12,137
4216909,8333,SC,São Lourenço do Oeste,2005,4358135.4399999995,12,47
4217006,8335,SC,São Ludgero,2005,2087598.38,12,137
4217105,8337,SC,São Martinho,2005,2087598.38,12,137
4217204,8339,SC,São Miguel DOeste,2005,5877121.07,12,33
4217154,5755,SC,São Miguel da Boa Vista,2005,2087598.38,12,137
4217253,944,SC,São Pedro de Alcântara,2005,2087598.38,12,137
4217808,8351,SC,Taió,2005,3499231.63,12,67
4217907,8353,SC,Tangará,2005,2179068.11,12,122
4217956,946,SC,Tigrinhos,2005,2087598.38,12,137
4218004,8355,SC,Tijucas,2005,4871062.0600000005,12,40
4218103,8393,SC,Timbé do Sul,2005,2087598.38,12,137
4218202,8357,SC,Timbó,2005,5564831.21,12,37
4218251,9971,SC,Timbó Grande,2005,2087598.38,12,137
4218350,948,SC,Treviso,2005,2087598.38,12,137
4218509,8363,SC,Treze Tílias,2005,2087598.38,12,137
4218400,8361,SC,Treze de Maio,2005,2087598.38,12,137
4218608,8365,SC,Trombudo Central,2005,2087598.38,12,137
4218301,8359,SC,Três Barras,2005,4175196.11,12,49
4218707,8367,SC,Tubarão,2005,10430366.379999999,12,11
4218756,9991,SC,Tunápolis,2005,2087598.38,12,137
4218806,8369,SC,Turvo,2005,2839149.89,12,85
4218855,9973,SC,União do Oeste,2005,2179068.11,12,122
4218905,8371,SC,Urubici,2005,2783464.23,12,91
4218954,9975,SC,Urupema,2005,2087598.38,12,137
4219002,8373,SC,Urussanga,2005,4358135.4399999995,12,47
4219150,5563,SC,Vargem,2005,2087598.38,12,137
4219176,5565,SC,Vargem Bonita,2005,2087598.38,12,137
4219101,8375,SC,Vargeão,2005,2087598.38,12,137
4219200,8377,SC,Vidal Ramos,2005,2087598.38,12,137
4219309,8379,SC,Videira,2005,6952413.75,12,25
4219358,9977,SC,Vitor Meireles,2005,2087598.38,12,137
4219408,8381,SC,Witmarsum,2005,2087598.38,12,137
4219507,8383,SC,Xanxerê,2005,6262794.02,12,29
4219606,8385,SC,Xavantina,2005,2087598.38,12,137
4219705,8387,SC,Xaxim,2005,4868965.25,12,44
4219853,950,SC,Zortéa,2005,2087595.2,12,293
4200408,8007,SC,Água Doce,2005,2087598.38,12,137
4200556,5577,SC,Águas Frias,2005,2087598.38,12,137
4200606,8011,SC,Águas Mornas,2005,2087598.38,12,137
4200507,8009,SC,Águas de Chapecó,2005,2087598.38,12,137
4200051,9939,SC,Abdon Batista,2006,2314868.06,12,138
4200101,8001,SC,Abelardo Luz,2006,4629735.6,12,49
4200200,8003,SC,Agrolândia,2006,2314868.06,12,138
4200309,8005,SC,Agronômica,2006,2314868.06,12,138
4200705,8013,SC,Alfredo Wagner,2006,2328570.39,12,123
4200754,886,SC,Alto Bela Vista,2006,2314868.06,12,138
4200804,8015,SC,Anchieta,2006,2474614.54,12,118
4200903,8017,SC,Angelina,2006,2314868.06,12,138
4201000,8019,SC,Anita Garibaldi,2006,2329175.59,12,122
4201109,8021,SC,Anitápolis,2006,2314868.06,12,138
4201208,8023,SC,Antônio Carlos,2006,2314868.06,12,138
4201257,9941,SC,Apiúna,2006,2328570.39,12,123
4201273,5597,SC,Arabutã,2006,2314868.06,12,138
4201307,8025,SC,Araquari,2006,4629735.6,12,49
4201406,8027,SC,Araranguá,2006,9256914.45,12,16
4201505,8029,SC,Armazém,2006,2314868.06,12,138
4201604,8031,SC,Arroio Trinta,2006,2314868.06,12,138
4201653,5599,SC,Arvoredo,2006,2314868.06,12,138
4201703,8033,SC,Ascurra,2006,2314868.06,12,138
4201802,8035,SC,Atalanta,2006,2314868.06,12,138
4201901,8037,SC,Aurora,2006,2314868.06,12,138
4201950,888,SC,Balneário Arroio do Silva,2006,2314868.06,12,138
4202057,5549,SC,Balneário Barra do Sul,2006,2314868.06,12,138
4202008,8039,SC,Balneário Camboriú,2006,11570839.17,12,12
4202073,890,SC,Balneário Gaivota,2006,2314868.06,12,138
4212809,8251,SC,Balneário Piçarras,2006,3086490.5700000003,12,83
4202081,892,SC,Bandeirante,2006,2314868.06,12,138
4202099,894,SC,Barra Bonita,2006,2314868.06,12,138
4202107,8041,SC,Barra Velha,2006,4629053.96,12,60
4202131,896,SC,Bela Vista do Toldo,2006,2314868.06,12,138
4202156,5745,SC,Belmonte,2006,2314868.06,12,138
4202206,8043,SC,Benedito Novo,2006,2328570.39,12,123
4202305,8045,SC,Biguaçu,2006,8487848.09,12,18
4202404,8047,SC,Blumenau,2006,20609721.46,12,5
4202438,898,SC,Bocaina do Sul,2006,2314868.06,12,138
4202503,8389,SC,Bom Jardim da Serra,2006,2314868.06,12,138
4202537,900,SC,Bom Jesus,2006,2314868.06,12,138
4202578,902,SC,Bom Jesus do Oeste,2006,2314868.06,12,138
4202602,8049,SC,Bom Retiro,2006,2314868.06,12,138
4202453,5537,SC,Bombinhas,2006,3084315.2,12,103
4202701,8051,SC,Botuverá,2006,2314868.06,12,138
4202800,8053,SC,Braço do Norte,2006,5401358.08,12,40
4202859,5557,SC,Braço do Trombudo,2006,2314868.06,12,138
4202875,904,SC,Brunópolis,2006,2314868.06,12,138
4202909,8055,SC,Brusque,2006,10801772.75,12,13
4203105,8059,SC,Caibi,2006,2328570.39,12,123
4203154,5553,SC,Calmon,2006,2314868.06,12,138
4203204,8061,SC,Camboriú,2006,8485292.03,12,23
4203303,8063,SC,Campo Alegre,2006,3086490.5700000003,12,83
4203402,8065,SC,Campo Belo do Sul,2006,2620658.41,12,115
4203501,8067,SC,Campo Erê,2006,2912746.2800000003,12,113
4203600,8069,SC,Campos Novos,2006,5530693.03,12,39
4203709,8071,SC,Canelinha,2006,2314868.06,12,138
4203808,8073,SC,Canoinhas,2006,8148639.62,12,24
4203907,8075,SC,Capinzal,2006,4629735.6,12,49
4203956,5545,SC,Capivari de Baixo,2006,4629735.6,12,49
4203253,906,SC,Capão Alto,2006,2314868.06,12,138
4204004,8077,SC,Catanduvas,2006,2474614.54,12,118
4204103,8079,SC,Caxambu do Sul,2006,2328570.39,12,123
4203006,8057,SC,Caçador,2006,9259470.52,12,15
4204152,9943,SC,Celso Ramos,2006,2314868.06,12,138
4204178,5567,SC,Cerro Negro,2006,2314868.06,12,138
4204194,908,SC,Chapadão do Lageado,2006,2314868.06,12,138
4204202,8081,SC,Chapecó,2006,21012443.509999998,12,3
4204251,5543,SC,Cocal do Sul,2006,3858113.06,12,69
4204301,8083,SC,Concórdia,2006,8876148.28,12,17
4204350,5579,SC,Cordilheira Alta,2006,2314868.06,12,138
4204400,8085,SC,Coronel Freitas,2006,3056079.17,12,106
4204459,5735,SC,Coronel Martins,2006,2314868.06,12,138
4204558,8395,SC,Correia Pinto,2006,4629735.6,12,49
4204509,8087,SC,Corupá,2006,3086490.5700000003,12,83
4204608,8089,SC,Criciúma,2006,20609721.46,12,5
4204707,8091,SC,Cunha Porã,2006,2328570.39,12,123
4204756,910,SC,Cunhataí,2006,2314868.06,12,138
4204806,8093,SC,Curitibanos,2006,6692465.800000001,12,33
4204905,8095,SC,Descanso,2006,2766702.44,12,114
4205001,8097,SC,Dionísio Cerqueira,2006,3783587.81,12,75
4205100,8099,SC,Dona Emma,2006,2314868.06,12,138
4205159,9945,SC,Doutor Pedrinho,2006,2314868.06,12,138
4205175,912,SC,Entre Rios,2006,2314868.06,12,138
4205191,914,SC,Ermo,2006,2314868.06,12,138
4205209,8101,SC,Erval Velho,2006,2314868.06,12,138
4205308,8103,SC,Faxinal dos Guedes,2006,3086490.5700000003,12,83
4205357,916,SC,Flor do Sertão,2006,2314868.06,12,138
4205407,8105,SC,Florianópolis,2006,37777342.11,12,1
4205431,5581,SC,Formosa do Sul,2006,2314868.06,12,138
4205456,973,SC,Forquilhinha,2006,4629735.6,12,49
4205506,8107,SC,Fraiburgo,2006,6172980.63,12,35
4205555,918,SC,Frei Rogério,2006,2314868.06,12,138
4205605,8109,SC,Galvão,2006,2314868.06,12,138
4205704,8113,SC,Garopaba,2006,3858113.06,12,69
4205803,8115,SC,Garuva,2006,3086490.5700000003,12,83
4205902,8117,SC,Gaspar,2006,8485672.71,12,21
4206009,8111,SC,Governador Celso Ramos,2006,3086490.5700000003,12,83
4206207,8121,SC,Gravatal,2006,3086490.5700000003,12,83
4206108,8119,SC,Grão Pará,2006,2314868.06,12,138
4206306,8123,SC,Guabiruba,2006,3858113.06,12,69
4206405,8125,SC,Guaraciaba,2006,3056079.17,12,106
4206504,8127,SC,Guaramirim,2006,5401358.08,12,40
4206603,8129,SC,Guarujá do Sul,2006,2314868.06,12,138
4206652,5583,SC,Guatambú,2006,2314868.06,12,138
4206702,8131,SC,Herval DOeste,2006,4629735.6,12,49
4206751,920,SC,Ibiam,2006,2314868.06,12,138
4206801,8133,SC,Ibicaré,2006,2314868.06,12,138
4206900,8135,SC,Ibirama,2006,4627626.37,12,63
4207106,8139,SC,Ilhota,2006,3086490.5700000003,12,83
4207205,8141,SC,Imaruí,2006,3202123.22,12,81
4207304,8143,SC,Imbituba,2006,6942573.08,12,31
4207403,8145,SC,Imbuia,2006,2314868.06,12,138
4207502,8147,SC,Indaial,2006,7714050.18,12,25
4207577,922,SC,Iomerê,2006,2314868.06,12,138
4207601,8149,SC,Ipira,2006,2314868.06,12,138
4207650,9951,SC,Iporã do Oeste,2006,2314868.06,12,138
4207684,5737,SC,Ipuaçu,2006,2314868.06,12,138
4207700,8151,SC,Ipumirim,2006,2314868.06,12,138
4207759,9953,SC,Iraceminha,2006,2314868.06,12,138
4207809,8153,SC,Irani,2006,2314868.06,12,138
4207858,5585,SC,Irati,2006,2314868.06,12,138
4207908,8155,SC,Irineópolis,2006,2314868.06,12,138
4208104,8159,SC,Itaiópolis,2006,4511096.47,12,65
4208203,8161,SC,Itajaí,2006,21011211.0,12,4
4208302,8163,SC,Itapema,2006,6170805.27,12,38
4208401,8165,SC,Itapiranga,2006,3349323.66,12,79
4208450,9985,SC,Itapoá,2006,3085547.71,12,100
4208500,8167,SC,Ituporanga,2006,4629735.6,12,49
4208005,8157,SC,Itá,2006,2328570.39,12,123
4207007,8137,SC,Içara,2006,8486905.21,12,20
4208609,8169,SC,Jaborá,2006,2314868.06,12,138
4208708,8171,SC,Jacinto Machado,2006,3056079.17,12,106
4208807,8173,SC,Jaguaruna,2006,3929631.82,12,68
4208906,8175,SC,Jaraguá do Sul,2006,13116640.3,12,9
4208955,5587,SC,Jardinópolis,2006,2314868.06,12,138
4209003,8177,SC,Joaçaba,2006,5238605.04,12,46
4209102,8179,SC,Joinville,2006,20609721.46,12,5
4209151,9957,SC,José Boiteux,2006,2314868.06,12,138
4209177,924,SC,Jupiá,2006,2314868.06,12,138
4209201,8181,SC,Lacerdópolis,2006,2314868.06,12,138
4209300,8183,SC,Lages,2006,20609721.46,12,5
4209409,8185,SC,Laguna,2006,7421130.97,12,28
4209458,5739,SC,Lajeado Grande,2006,2314868.06,12,138
4209508,8187,SC,Laurentino,2006,2314868.06,12,138
4209607,8189,SC,Lauro Muller,2006,3056079.17,12,106
4209706,8191,SC,Lebon Régis,2006,3086490.5700000003,12,83
4209805,8193,SC,Leoberto Leal,2006,2314868.06,12,138
4209854,9961,SC,Lindóia do Sul,2006,2314868.06,12,138
4209904,8195,SC,Lontras,2006,2314868.06,12,138
4210001,8197,SC,Luiz Alves,2006,2314868.06,12,138
4210035,926,SC,Luzerna,2006,2314868.06,12,138
4210050,5575,SC,Macieira,2006,2314868.06,12,138
4210100,8199,SC,Mafra,2006,8485672.71,12,21
4210209,8201,SC,Major Gercino,2006,2314868.06,12,138
4210308,8203,SC,Major Vieira,2006,2314868.06,12,138
4210407,8391,SC,Maracajá,2006,2314868.06,12,138
4210506,8205,SC,Maravilha,2006,4511096.47,12,65
4210555,9963,SC,Marema,2006,2314868.06,12,138
4210605,8207,SC,Massaranduba,2006,3086490.5700000003,12,83
4210704,8209,SC,Matos Costa,2006,2314868.06,12,138
4210803,8211,SC,Meleiro,2006,2328570.39,12,123
4210852,5559,SC,Mirim Doce,2006,2314868.06,12,138
4210902,8213,SC,Modelo,2006,2328570.39,12,123
4211009,8215,SC,Mondaí,2006,2620658.41,12,115
4211058,5561,SC,Monte Carlo,2006,3084315.2,12,103
4211108,8217,SC,Monte Castelo,2006,2314868.06,12,138
4211256,5539,SC,Morro Grande,2006,2314868.06,12,138
4211207,8219,SC,Morro da Fumaça,2006,3858113.06,12,69
4211306,8221,SC,Navegantes,2006,7714050.18,12,25
4211405,8223,SC,Nova Erechim,2006,2314868.06,12,138
4211454,5589,SC,Nova Itaberaba,2006,2314868.06,12,138
4211504,8225,SC,Nova Trento,2006,3084945.8,12,102
4211603,8227,SC,Nova Veneza,2006,3086490.5700000003,12,83
4211652,5591,SC,Novo Horizonte,2006,2314868.06,12,138
4211702,8229,SC,Orleans,2006,4629735.6,12,49
4211751,8397,SC,Otacílio Costa,2006,3783587.81,12,75
4211801,8231,SC,Ouro,2006,2314868.06,12,138
4211850,5741,SC,Ouro Verde,2006,2314868.06,12,138
4211876,928,SC,Paial,2006,2314868.06,12,138
4211892,930,SC,Painel,2006,2314868.06,12,138
4211900,8233,SC,Palhoça,2006,13115407.82,12,10
4212007,8235,SC,Palma Sola,2006,2328570.39,12,123
4212056,932,SC,Palmeira,2006,2314868.06,12,138
4212106,8237,SC,Palmitos,2006,3783587.81,12,75
4212205,8239,SC,Papanduva,2006,4628792.71,12,61
4212239,5747,SC,Paraíso,2006,2314868.06,12,138
4212254,5541,SC,Passo de Torres,2006,2314868.06,12,138
4212270,5743,SC,Passos Maia,2006,2314868.06,12,138
4212304,8241,SC,Paulo Lopes,2006,2314868.06,12,138
4212403,8243,SC,Pedras Grandes,2006,2314868.06,12,138
4212502,8245,SC,Penha,2006,4629735.6,12,49
4212601,8247,SC,Peritiba,2006,2314868.06,12,138
4212700,8249,SC,Petrolândia,2006,2314868.06,12,138
4212908,8253,SC,Pinhalzinho,2006,3086490.5700000003,12,83
4213005,8255,SC,Pinheiro Preto,2006,2314868.06,12,138
4213104,8257,SC,Piratuba,2006,2314868.06,12,138
4213153,5593,SC,Planalto Alegre,2006,2314868.06,12,138
4213203,8259,SC,Pomerode,2006,5399182.69,12,45
4213302,8261,SC,Ponte Alta,2006,2314868.06,12,138
4213351,5569,SC,Ponte Alta do Norte,2006,2314868.06,12,138
4213401,8263,SC,Ponte Serrada,2006,3202123.22,12,81
4213500,8265,SC,Porto Belo,2006,3086490.5700000003,12,83
4213609,8267,SC,Porto União,2006,6172980.63,12,35
4213708,8269,SC,Pouso Redondo,2006,3086490.5700000003,12,83
4213807,8271,SC,Praia Grande,2006,2314868.06,12,138
4213906,8273,SC,Presidente Castelo Branco,2006,2314868.06,12,138
4214003,8275,SC,Presidente Getúlio,2006,3086490.5700000003,12,83
4214102,8277,SC,Presidente Nereu,2006,2314868.06,12,138
4214151,934,SC,Princesa,2006,2314868.06,12,138
4214201,8279,SC,Quilombo,2006,2913902.8,12,112
4214300,8281,SC,Rancho Queimado,2006,2314868.06,12,138
4214904,8293,SC,Rio Fortuna,2006,2314868.06,12,138
4215000,8295,SC,Rio Negrinho,2006,6944603.140000001,12,29
4215059,5571,SC,Rio Rufino,2006,2314868.06,12,138
4214409,8283,SC,Rio das Antas,2006,2314868.06,12,138
4214508,8285,SC,Rio do Campo,2006,2314868.06,12,138
4214607,8287,SC,Rio do Oeste,2006,2314868.06,12,138
4214805,8291,SC,Rio do Sul,2006,8487848.09,12,18
4214706,8289,SC,Rio dos Cedros,2006,2328570.39,12,123
4215075,5749,SC,Riqueza,2006,2314868.06,12,138
4215109,8297,SC,Rodeio,2006,3086490.5700000003,12,83
4215208,8299,SC,Romelândia,2006,2328570.39,12,123
4215307,8301,SC,Salete,2006,2314868.06,12,138
4215356,936,SC,Saltinho,2006,2314868.06,12,138
4215406,8303,SC,Salto Veloso,2006,2314868.06,12,138
4215455,5547,SC,Sangão,2006,2314868.06,12,138
4215505,8305,SC,Santa Cecília,2006,3858113.06,12,69
4215554,5751,SC,Santa Helena,2006,2314868.06,12,138
4215604,8307,SC,Santa Rosa de Lima,2006,2314868.06,12,138
4215653,9967,SC,Santa Rosa do Sul,2006,2314868.06,12,138
4215679,5555,SC,Santa Terezinha,2006,2314868.06,12,138
4215687,938,SC,Santa Terezinha do Progresso,2006,2314868.06,12,138
4215695,940,SC,Santiago do Sul,2006,2314868.06,12,138
4215703,8309,SC,Santo Amaro da Imperatriz,2006,4627179.51,12,64
4217303,8341,SC,Saudades,2006,2328570.39,12,123
4217402,8343,SC,Schroeder,2006,3085547.71,12,100
4217501,8345,SC,Seara,2006,4627996.72,12,62
4217550,9989,SC,Serra Alta,2006,2314868.06,12,138
4217600,8347,SC,Siderópolis,2006,3056079.17,12,106
4217709,8349,SC,Sombrio,2006,5401358.08,12,40
4217758,5595,SC,Sul Brasil,2006,2314868.06,12,138
4215802,8311,SC,São Bento do Sul,2006,10028917.77,12,14
4215752,942,SC,São Bernardino,2006,2314868.06,12,138
4215901,8313,SC,São Bonifácio,2006,2314868.06,12,138
4216008,8315,SC,São Carlos,2006,2474614.54,12,118
4216057,5573,SC,São Cristovão do Sul,2006,2314868.06,12,138
4216107,8317,SC,São Domingos,2006,2620658.41,12,115
4216206,8319,SC,São Francisco do Sul,2006,6942047.1,12,32
4216503,8325,SC,São Joaquim,2006,4511096.47,12,65
4216602,8327,SC,São José,2006,21013387.85,12,2
4216701,8329,SC,São José do Cedro,2006,3348167.1399999997,12,80
4216800,8331,SC,São José do Cerrito,2006,2474614.54,12,118
4216305,8321,SC,São João Batista,2006,3858113.06,12,69
4216354,5551,SC,São João do Itaperiú,2006,2314868.06,12,138
4216255,5753,SC,São João do Oeste,2006,2314868.06,12,138
4216404,8323,SC,São João do Sul,2006,2314868.06,12,138
4216909,8333,SC,São Lourenço do Oeste,2006,4657140.36,12,47
4217006,8335,SC,São Ludgero,2006,3083934.5300000003,12,105
4217105,8337,SC,São Martinho,2006,2314868.06,12,138
4217204,8339,SC,São Miguel DOeste,2006,6258201.63,12,34
4217154,5755,SC,São Miguel da Boa Vista,2006,2314868.06,12,138
4217253,944,SC,São Pedro de Alcântara,2006,2314868.06,12,138
4217808,8351,SC,Taió,2006,3783587.81,12,75
4217907,8353,SC,Tangará,2006,2328570.39,12,123
4217956,946,SC,Tigrinhos,2006,2314868.06,12,138
4218004,8355,SC,Tijucas,2006,5401358.08,12,40
4218103,8393,SC,Timbé do Sul,2006,2314868.06,12,138
4218202,8357,SC,Timbó,2006,6172037.76,12,37
4218251,9971,SC,Timbó Grande,2006,2314868.06,12,138
4218350,948,SC,Treviso,2006,2314868.06,12,138
4218509,8363,SC,Treze Tílias,2006,2314868.06,12,138
4218400,8361,SC,Treze de Maio,2006,2314868.06,12,138
4218608,8365,SC,Trombudo Central,2006,2314868.06,12,138
4218301,8359,SC,Três Barras,2006,4629735.6,12,49
4218707,8367,SC,Tubarão,2006,11571725.65,12,11
4218756,9991,SC,Tunápolis,2006,2314868.06,12,138
4218806,8369,SC,Turvo,2006,3056079.17,12,106
4218855,9973,SC,União do Oeste,2006,2328570.39,12,123
4218905,8371,SC,Urubici,2006,3086490.5700000003,12,83
4218954,9975,SC,Urupema,2006,2314868.06,12,138
4219002,8373,SC,Urussanga,2006,4657140.36,12,47
4219150,5563,SC,Vargem,2006,2314868.06,12,138
4219176,5565,SC,Vargem Bonita,2006,2314868.06,12,138
4219101,8375,SC,Vargeão,2006,2314868.06,12,138
4219200,8377,SC,Vidal Ramos,2006,2314868.06,12,138
4219309,8379,SC,Videira,2006,7714050.18,12,25
4219358,9977,SC,Vitor Meireles,2006,2314868.06,12,138
4219408,8381,SC,Witmarsum,2006,2314868.06,12,138
4219507,8383,SC,Xanxerê,2006,6944603.140000001,12,29
4219606,8385,SC,Xavantina,2006,2314868.06,12,138
4219705,8387,SC,Xaxim,2006,5400415.2,12,44
4219853,950,SC,Zortéa,2006,2314865.05,12,293
4200408,8007,SC,Água Doce,2006,2314868.06,12,138
4200556,5577,SC,Águas Frias,2006,2314868.06,12,138
4200606,8011,SC,Águas Mornas,2006,2314868.06,12,138
4200507,8009,SC,Águas de Chapecó,2006,2314868.06,12,138
4200051,9939,SC,Abdon Batista,2007,2673723.66,12,117
4200101,8001,SC,Abelardo Luz,2007,5347446.65,12,47
4200200,8003,SC,Agrolândia,2007,2673723.66,12,117
4200309,8005,SC,Agronômica,2007,2673723.66,12,117
4200705,8013,SC,Alfredo Wagner,2007,2582682.94,12,278
4200754,886,SC,Alto Bela Vista,2007,2673723.66,12,117
4200804,8015,SC,Anchieta,2007,2666022.32,12,274
4200903,8017,SC,Angelina,2007,2673723.66,12,117
4201000,8019,SC,Anita Garibaldi,2007,2582682.94,12,278
4201109,8021,SC,Anitápolis,2007,2673723.66,12,117
4201208,8023,SC,Antônio Carlos,2007,2673723.66,12,117
4201257,9941,SC,Apiúna,2007,2582682.94,12,278
4201273,5597,SC,Arabutã,2007,2673723.66,12,117
4201307,8025,SC,Araquari,2007,5347446.65,12,47
4201406,8027,SC,Araranguá,2007,10694892.74,12,16
4201505,8029,SC,Armazém,2007,2673723.66,12,117
4201604,8031,SC,Arroio Trinta,2007,2673723.66,12,117
4201653,5599,SC,Arvoredo,2007,2673723.66,12,117
4201703,8033,SC,Ascurra,2007,2673723.66,12,117
4201802,8035,SC,Atalanta,2007,2673723.66,12,117
4201901,8037,SC,Aurora,2007,2673723.66,12,117
4201950,888,SC,Balneário Arroio do Silva,2007,2673723.66,12,117
4202057,5549,SC,Balneário Barra do Sul,2007,2673723.66,12,117
4202008,8039,SC,Balneário Camboriú,2007,13368615.77,12,11
4202073,890,SC,Balneário Gaivota,2007,2673723.66,12,117
4212809,8251,SC,Balneário Piçarras,2007,3564964.59,12,83
4202081,892,SC,Bandeirante,2007,2673723.66,12,117
4202099,894,SC,Barra Bonita,2007,2673723.66,12,117
4202107,8041,SC,Barra Velha,2007,5347446.65,12,47
4202131,896,SC,Bela Vista do Toldo,2007,2673723.66,12,117
4202156,5745,SC,Belmonte,2007,2673723.66,12,117
4202206,8043,SC,Benedito Novo,2007,2582682.94,12,278
4202305,8045,SC,Biguaçu,2007,9803651.72,12,18
4202404,8047,SC,Blumenau,2007,23329654.92,12,5
4202438,898,SC,Bocaina do Sul,2007,2673723.66,12,117
4202503,8389,SC,Bom Jardim da Serra,2007,2673723.66,12,117
4202537,900,SC,Bom Jesus,2007,2673723.66,12,117
4202578,902,SC,Bom Jesus do Oeste,2007,2673723.66,12,117
4202602,8049,SC,Bom Retiro,2007,2673723.66,12,117
4202453,5537,SC,Bombinhas,2007,3564964.59,12,83
4202701,8051,SC,Botuverá,2007,2673723.66,12,117
4202800,8053,SC,Braço do Norte,2007,7129631.72,12,38
4202859,5557,SC,Braço do Trombudo,2007,2673723.66,12,117
4202875,904,SC,Brunópolis,2007,2673723.66,12,117
4202909,8055,SC,Brusque,2007,12477374.83,12,13
4203105,8059,SC,Caibi,2007,2582682.94,12,278
4203154,5553,SC,Calmon,2007,2673723.66,12,117
4203204,8061,SC,Camboriú,2007,9803651.72,12,18
4203303,8063,SC,Campo Alegre,2007,3564964.59,12,83
4203402,8065,SC,Campo Belo do Sul,2007,2749361.7800000003,12,114
4203501,8067,SC,Campo Erê,2007,2916040.5700000003,12,111
4203600,8069,SC,Campos Novos,2007,6081818.85,12,45
4203709,8071,SC,Canelinha,2007,2673723.66,12,117
4203808,8073,SC,Canoinhas,2007,9247597.08,12,24
4203907,8075,SC,Capinzal,2007,5347446.65,12,47
4203956,5545,SC,Capivari de Baixo,2007,5347446.65,12,47
4203253,906,SC,Capão Alto,2007,2673723.66,12,117
4204004,8077,SC,Catanduvas,2007,2666022.32,12,274
4204103,8079,SC,Caxambu do Sul,2007,2582682.94,12,278
4203006,8057,SC,Caçador,2007,11585836.82,12,15
4204152,9943,SC,Celso Ramos,2007,2673723.66,12,117
4204178,5567,SC,Cerro Negro,2007,2673723.66,12,117
4204194,908,SC,Chapadão do Lageado,2007,2673723.66,12,117
4204202,8081,SC,Chapecó,2007,23866786.66,12,3
4204251,5543,SC,Cocal do Sul,2007,4456205.63,12,67
4204301,8083,SC,Concórdia,2007,10080711.34,12,17
4204350,5579,SC,Cordilheira Alta,2007,2673723.66,12,117
4204400,8085,SC,Coronel Freitas,2007,3415797.18,12,106
4204459,5735,SC,Coronel Martins,2007,2673723.66,12,117
4204558,8395,SC,Correia Pinto,2007,4249237.35,12,76
4204509,8087,SC,Corupá,2007,3564964.59,12,83
4204608,8089,SC,Criciúma,2007,23329654.92,12,5
4204707,8091,SC,Cunha Porã,2007,2582682.94,12,278
4204756,910,SC,Cunhataí,2007,2673723.66,12,117
4204806,8093,SC,Curitibanos,2007,7581368.55,12,34
4204905,8095,SC,Descanso,2007,2832701.19,12,113
4205001,8097,SC,Dionísio Cerqueira,2007,4248911.48,12,77
4205100,8099,SC,Dona Emma,2007,2673723.66,12,117
4205159,9945,SC,Doutor Pedrinho,2007,2673723.66,12,117
4205175,912,SC,Entre Rios,2007,2673723.66,12,117
4205191,914,SC,Ermo,2007,2673723.66,12,117
4205209,8101,SC,Erval Velho,2007,2673723.66,12,117
4205308,8103,SC,Faxinal dos Guedes,2007,3564964.59,12,83
4205357,916,SC,Flor do Sertão,2007,2673723.66,12,117
4205407,8105,SC,Florianópolis,2007,42877602.44,12,1
4205431,5581,SC,Formosa do Sul,2007,2673723.66,12,117
4205456,973,SC,Forquilhinha,2007,5347446.65,12,47
4205506,8107,SC,Fraiburgo,2007,8020872.82,12,33
4205555,918,SC,Frei Rogério,2007,2673723.66,12,117
4205605,8109,SC,Galvão,2007,2673723.66,12,117
4205704,8113,SC,Garopaba,2007,4456205.63,12,67
4205803,8115,SC,Garuva,2007,3564964.59,12,83
4205902,8117,SC,Gaspar,2007,9803651.72,12,18
4206009,8111,SC,Governador Celso Ramos,2007,3564964.59,12,83
4206207,8121,SC,Gravatal,2007,3564964.59,12,83
4206108,8119,SC,Grão Pará,2007,2673723.66,12,117
4206306,8123,SC,Guabiruba,2007,4456205.63,12,67
4206405,8125,SC,Guaraciaba,2007,2666246.27,12,273
4206504,8127,SC,Guaramirim,2007,6238687.6,12,40
4206603,8129,SC,Guarujá do Sul,2007,2673723.66,12,117
4206652,5583,SC,Guatambú,2007,2673723.66,12,117
4206702,8131,SC,Herval DOeste,2007,5347446.65,12,47
4206751,920,SC,Ibiam,2007,2673723.66,12,117
4206801,8133,SC,Ibicaré,2007,2673723.66,12,117
4206900,8135,SC,Ibirama,2007,5347446.65,12,47
4207106,8139,SC,Ilhota,2007,3564964.59,12,83
4207205,8141,SC,Imaruí,2007,3499136.61,12,104
4207304,8143,SC,Imbituba,2007,8021169.78,12,30
4207403,8145,SC,Imbuia,2007,2673723.66,12,117
4207502,8147,SC,Indaial,2007,8912410.75,12,25
4207577,922,SC,Iomerê,2007,2673723.66,12,117
4207601,8149,SC,Ipira,2007,2673723.66,12,117
4207650,9951,SC,Iporã do Oeste,2007,2673723.66,12,117
4207684,5737,SC,Ipuaçu,2007,2673723.66,12,117
4207700,8151,SC,Ipumirim,2007,2673723.66,12,117
4207759,9953,SC,Iraceminha,2007,2673723.66,12,117
4207809,8153,SC,Irani,2007,2673723.66,12,117
4207858,5585,SC,Irati,2007,2673723.66,12,117
4207908,8155,SC,Irineópolis,2007,2673723.66,12,117
4208104,8159,SC,Itaiópolis,2007,5082025.71,12,64
4208203,8161,SC,Itajaí,2007,23866786.66,12,3
4208302,8163,SC,Itapema,2007,7129928.64,12,35
4208401,8165,SC,Itapiranga,2007,3582476.07,12,81
4208450,9985,SC,Itapoá,2007,3564964.59,12,83
4208500,8167,SC,Ituporanga,2007,5347446.65,12,47
4208005,8157,SC,Itá,2007,2582682.94,12,278
4207007,8137,SC,Içara,2007,9803651.72,12,18
4208609,8169,SC,Jaborá,2007,2673723.66,12,117
4208708,8171,SC,Jacinto Machado,2007,3415797.18,12,106
4208807,8173,SC,Jaguaruna,2007,4332250.859999999,12,75
4208906,8175,SC,Jaraguá do Sul,2007,16042041.89,12,9
4208955,5587,SC,Jardinópolis,2007,2673723.66,12,117
4209003,8177,SC,Joaçaba,2007,5915139.99,12,46
4209102,8179,SC,Joinville,2007,23329654.92,12,5
4209151,9957,SC,José Boiteux,2007,2673723.66,12,117
4209177,924,SC,Jupiá,2007,2673723.66,12,117
4209201,8181,SC,Lacerdópolis,2007,2673723.66,12,117
4209300,8183,SC,Lages,2007,23329654.92,12,5
4209409,8185,SC,Laguna,2007,8414482.74,12,29
4209458,5739,SC,Lajeado Grande,2007,2673723.66,12,117
4209508,8187,SC,Laurentino,2007,2673723.66,12,117
4209607,8189,SC,Lauro Muller,2007,3415797.18,12,106
4209706,8191,SC,Lebon Régis,2007,3564964.59,12,83
4209805,8193,SC,Leoberto Leal,2007,2673723.66,12,117
4209854,9961,SC,Lindóia do Sul,2007,2673723.66,12,117
4209904,8195,SC,Lontras,2007,2673723.66,12,117
4210001,8197,SC,Luiz Alves,2007,2673723.66,12,117
4210035,926,SC,Luzerna,2007,2673723.66,12,117
4210050,5575,SC,Macieira,2007,2673723.66,12,117
4210100,8199,SC,Mafra,2007,9803651.72,12,18
4210209,8201,SC,Major Gercino,2007,2673723.66,12,117
4210308,8203,SC,Major Vieira,2007,2673723.66,12,117
4210407,8391,SC,Maracajá,2007,2673723.66,12,117
4210506,8205,SC,Maravilha,2007,5082025.71,12,64
4210555,9963,SC,Marema,2007,2673723.66,12,117
4210605,8207,SC,Massaranduba,2007,4455908.7,12,73
4210704,8209,SC,Matos Costa,2007,2673723.66,12,117
4210803,8211,SC,Meleiro,2007,2582682.94,12,278
4210852,5559,SC,Mirim Doce,2007,2673723.66,12,117
4210902,8213,SC,Modelo,2007,2582682.94,12,278
4211009,8215,SC,Mondaí,2007,2749361.7800000003,12,114
4211058,5561,SC,Monte Carlo,2007,3564964.59,12,83
4211108,8217,SC,Monte Castelo,2007,2673723.66,12,117
4211256,5539,SC,Morro Grande,2007,2673723.66,12,117
4211207,8219,SC,Morro da Fumaça,2007,4456205.63,12,67
4211306,8221,SC,Navegantes,2007,8912410.75,12,25
4211405,8223,SC,Nova Erechim,2007,2673723.66,12,117
4211454,5589,SC,Nova Itaberaba,2007,2673723.66,12,117
4211504,8225,SC,Nova Trento,2007,3564964.59,12,83
4211603,8227,SC,Nova Veneza,2007,3564964.59,12,83
4211652,5591,SC,Novo Horizonte,2007,2673723.66,12,117
4211702,8229,SC,Orleans,2007,5347446.65,12,47
4211751,8397,SC,Otacílio Costa,2007,4248911.48,12,77
4211801,8231,SC,Ouro,2007,2673723.66,12,117
4211850,5741,SC,Ouro Verde,2007,2673723.66,12,117
4211876,928,SC,Paial,2007,2673723.66,12,117
4211892,930,SC,Painel,2007,2673723.66,12,117
4211900,8233,SC,Palhoça,2007,15151097.79,12,10
4212007,8235,SC,Palma Sola,2007,2582682.94,12,278
4212056,932,SC,Palmeira,2007,2673723.66,12,117
4212106,8237,SC,Palmitos,2007,4248911.48,12,77
4212205,8239,SC,Papanduva,2007,5347446.65,12,47
4212239,5747,SC,Paraíso,2007,2673723.66,12,117
4212254,5541,SC,Passo de Torres,2007,2673723.66,12,117
4212270,5743,SC,Passos Maia,2007,2673723.66,12,117
4212304,8241,SC,Paulo Lopes,2007,2673723.66,12,117
4212403,8243,SC,Pedras Grandes,2007,2673723.66,12,117
4212502,8245,SC,Penha,2007,5347446.65,12,47
4212601,8247,SC,Peritiba,2007,2673723.66,12,117
4212700,8249,SC,Petrolândia,2007,2673723.66,12,117
4212908,8253,SC,Pinhalzinho,2007,4455908.7,12,73
4213005,8255,SC,Pinheiro Preto,2007,2673723.66,12,117
4213104,8257,SC,Piratuba,2007,2673723.66,12,117
4213153,5593,SC,Planalto Alegre,2007,2673723.66,12,117
4213203,8259,SC,Pomerode,2007,6238687.6,12,40
4213302,8261,SC,Ponte Alta,2007,2673723.66,12,117
4213351,5569,SC,Ponte Alta do Norte,2007,2673723.66,12,117
4213401,8263,SC,Ponte Serrada,2007,3499136.61,12,104
4213500,8265,SC,Porto Belo,2007,3564964.59,12,83
4213609,8267,SC,Porto União,2007,7129928.64,12,35
4213708,8269,SC,Pouso Redondo,2007,3564964.59,12,83
4213807,8271,SC,Praia Grande,2007,2673723.66,12,117
4213906,8273,SC,Presidente Castelo Branco,2007,2673723.66,12,117
4214003,8275,SC,Presidente Getúlio,2007,3564964.59,12,83
4214102,8277,SC,Presidente Nereu,2007,2673723.66,12,117
4214151,934,SC,Princesa,2007,2673723.66,12,117
4214201,8279,SC,Quilombo,2007,2916040.5700000003,12,111
4214300,8281,SC,Rancho Queimado,2007,2673723.66,12,117
4214904,8293,SC,Rio Fortuna,2007,2673723.66,12,117
4215000,8295,SC,Rio Negrinho,2007,8912113.79,12,28
4215059,5571,SC,Rio Rufino,2007,2673723.66,12,117
4214409,8283,SC,Rio das Antas,2007,2673723.66,12,117
4214508,8285,SC,Rio do Campo,2007,2673723.66,12,117
4214607,8287,SC,Rio do Oeste,2007,2673723.66,12,117
4214805,8291,SC,Rio do Sul,2007,9803651.72,12,18
4214706,8289,SC,Rio dos Cedros,2007,2582682.94,12,278
4215075,5749,SC,Riqueza,2007,2673723.66,12,117
4215109,8297,SC,Rodeio,2007,3564964.59,12,83
4215208,8299,SC,Romelândia,2007,2582682.94,12,278
4215307,8301,SC,Salete,2007,2673723.66,12,117
4215356,936,SC,Saltinho,2007,2673723.66,12,117
4215406,8303,SC,Salto Veloso,2007,2673723.66,12,117
4215455,5547,SC,Sangão,2007,2673723.66,12,117
4215505,8305,SC,Santa Cecília,2007,4456205.63,12,67
4215554,5751,SC,Santa Helena,2007,2673723.66,12,117
4215604,8307,SC,Santa Rosa de Lima,2007,2673723.66,12,117
4215653,9967,SC,Santa Rosa do Sul,2007,2673723.66,12,117
4215679,5555,SC,Santa Terezinha,2007,2673723.66,12,117
4215687,938,SC,Santa Terezinha do Progresso,2007,2673723.66,12,117
4215695,940,SC,Santiago do Sul,2007,2673723.66,12,117
4215703,8309,SC,Santo Amaro da Imperatriz,2007,5347446.65,12,47
4217303,8341,SC,Saudades,2007,2582682.94,12,278
4217402,8343,SC,Schroeder,2007,3564964.59,12,83
4217501,8345,SC,Seara,2007,5347446.65,12,47
4217550,9989,SC,Serra Alta,2007,2673723.66,12,117
4217600,8347,SC,Siderópolis,2007,3415797.18,12,106
4217709,8349,SC,Sombrio,2007,6238687.6,12,40
4217758,5595,SC,Sul Brasil,2007,2673723.66,12,117
4215802,8311,SC,São Bento do Sul,2007,11586133.77,12,14
4215752,942,SC,São Bernardino,2007,2673723.66,12,117
4215901,8313,SC,São Bonifácio,2007,2673723.66,12,117
4216008,8315,SC,São Carlos,2007,2666022.32,12,274
4216057,5573,SC,São Cristovão do Sul,2007,2673723.66,12,117
4216107,8317,SC,São Domingos,2007,2749361.7800000003,12,114
4216206,8319,SC,São Francisco do Sul,2007,8021169.78,12,30
4216503,8325,SC,São Joaquim,2007,5082025.71,12,64
4216602,8327,SC,São José,2007,23866787.34,12,2
4216701,8329,SC,São José do Cedro,2007,3582476.07,12,81
4216800,8331,SC,São José do Cerrito,2007,2666022.32,12,274
4216305,8321,SC,São João Batista,2007,4456205.63,12,67
4216354,5551,SC,São João do Itaperiú,2007,2673723.66,12,117
4216255,5753,SC,São João do Oeste,2007,2673723.66,12,117
4216404,8323,SC,São João do Sul,2007,2673723.66,12,117
4216909,8333,SC,São Lourenço do Oeste,2007,5165365.12,12,62
4217006,8335,SC,São Ludgero,2007,3564964.59,12,83
4217105,8337,SC,São Martinho,2007,2673723.66,12,117
4217204,8339,SC,São Miguel DOeste,2007,6914933.05,12,39
4217154,5755,SC,São Miguel da Boa Vista,2007,2673723.66,12,117
4217253,944,SC,São Pedro de Alcântara,2007,2673723.66,12,117
4217808,8351,SC,Taió,2007,4248911.48,12,77
4217907,8353,SC,Tangará,2007,2582682.94,12,278
4217956,946,SC,Tigrinhos,2007,2673723.66,12,117
4218004,8355,SC,Tijucas,2007,6238687.6,12,40
4218103,8393,SC,Timbé do Sul,2007,2673723.66,12,117
4218202,8357,SC,Timbó,2007,7129928.64,12,35
4218251,9971,SC,Timbó Grande,2007,2673723.66,12,117
4218350,948,SC,Treviso,2007,2673723.66,12,117
4218509,8363,SC,Treze Tílias,2007,2673723.66,12,117
4218400,8361,SC,Treze de Maio,2007,2673723.66,12,117
4218608,8365,SC,Trombudo Central,2007,2673723.66,12,117
4218301,8359,SC,Três Barras,2007,5347446.65,12,47
4218707,8367,SC,Tubarão,2007,13368615.77,12,11
4218756,9991,SC,Tunápolis,2007,2673723.66,12,117
4218806,8369,SC,Turvo,2007,3415797.18,12,106
4218855,9973,SC,União do Oeste,2007,2582682.94,12,278
4218905,8371,SC,Urubici,2007,3564964.59,12,83
4218954,9975,SC,Urupema,2007,2673723.66,12,117
4219002,8373,SC,Urussanga,2007,5165365.12,12,62
4219150,5563,SC,Vargem,2007,2673723.66,12,117
4219176,5565,SC,Vargem Bonita,2007,2673723.66,12,117
4219101,8375,SC,Vargeão,2007,2673723.66,12,117
4219200,8377,SC,Vidal Ramos,2007,2673723.66,12,117
4219309,8379,SC,Videira,2007,8912410.75,12,25
4219358,9977,SC,Vitor Meireles,2007,2673723.66,12,117
4219408,8381,SC,Witmarsum,2007,2673723.66,12,117
4219507,8383,SC,Xanxerê,2007,8021169.78,12,30
4219606,8385,SC,Xavantina,2007,2673723.66,12,117
4219705,8387,SC,Xaxim,2007,6238687.6,12,40
4219853,950,SC,Zortéa,2007,2673719.22,12,272
4200408,8007,SC,Água Doce,2007,2673723.66,12,117
4200556,5577,SC,Águas Frias,2007,2673723.66,12,117
4200606,8011,SC,Águas Mornas,2007,2673723.66,12,117
4200507,8009,SC,Águas de Chapecó,2007,2673723.66,12,117
4200051,9939,SC,Abdon Batista,2008,3291656.8,12,118
4200101,8001,SC,Abelardo Luz,2008,5486094.41,12,66
4200200,8003,SC,Agrolândia,2008,3291656.8,12,118
4200309,8005,SC,Agronômica,2008,3291656.8,12,118
4200705,8013,SC,Alfredo Wagner,2008,3291656.8,12,118
4200754,886,SC,Alto Bela Vista,2008,3291656.8,12,118
4200804,8015,SC,Anchieta,2008,3291656.8,12,118
4200903,8017,SC,Angelina,2008,3291656.8,12,118
4201000,8019,SC,Anita Garibaldi,2008,3291656.8,12,118
4201109,8021,SC,Anitápolis,2008,3291656.8,12,118
4201208,8023,SC,Antônio Carlos,2008,3291656.8,12,118
4201257,9941,SC,Apiúna,2008,4388875.63,12,87
4201273,5597,SC,Arabutã,2008,3291656.8,12,118
4201307,8025,SC,Araquari,2008,6583313.22,12,48
4201406,8027,SC,Araranguá,2008,12069407.33,12,17
4201505,8029,SC,Armazém,2008,3291656.8,12,118
4201604,8031,SC,Arroio Trinta,2008,3291656.8,12,118
4201653,5599,SC,Arvoredo,2008,3291656.8,12,118
4201703,8033,SC,Ascurra,2008,3291656.8,12,118
4201802,8035,SC,Atalanta,2008,3291656.8,12,118
4201901,8037,SC,Aurora,2008,3291656.8,12,118
4201950,888,SC,Balneário Arroio do Silva,2008,3291656.8,12,118
4202057,5549,SC,Balneário Barra do Sul,2008,3291656.8,12,118
4202008,8039,SC,Balneário Camboriú,2008,16458282.54,12,11
4202073,890,SC,Balneário Gaivota,2008,3291656.8,12,118
4212809,8251,SC,Balneário Piçarras,2008,5486094.41,12,66
4202081,892,SC,Bandeirante,2008,3291656.8,12,118
4202099,894,SC,Barra Bonita,2008,3291656.8,12,118
4202107,8041,SC,Barra Velha,2008,6583313.22,12,48
4202131,896,SC,Bela Vista do Toldo,2008,3291656.8,12,118
4202156,5745,SC,Belmonte,2008,3291656.8,12,118
4202206,8043,SC,Benedito Novo,2008,3291656.8,12,118
4202305,8045,SC,Biguaçu,2008,12069407.33,12,17
4202404,8047,SC,Blumenau,2008,29576837.31,12,2
4202438,898,SC,Bocaina do Sul,2008,3291656.8,12,118
4202503,8389,SC,Bom Jardim da Serra,2008,3291656.8,12,118
4202537,900,SC,Bom Jesus,2008,3291656.8,12,118
4202578,902,SC,Bom Jesus do Oeste,2008,3291656.8,12,118
4202602,8049,SC,Bom Retiro,2008,3291656.8,12,118
4202453,5537,SC,Bombinhas,2008,4388875.63,12,87
4202701,8051,SC,Botuverá,2008,3291656.8,12,118
4202800,8053,SC,Braço do Norte,2008,7680532.119999999,12,39
4202859,5557,SC,Braço do Trombudo,2008,3291656.8,12,118
4202875,904,SC,Brunópolis,2008,3291656.8,12,118
4202909,8055,SC,Brusque,2008,16458282.54,12,11
4203105,8059,SC,Caibi,2008,3291656.8,12,118
4203154,5553,SC,Calmon,2008,3291656.8,12,118
4203204,8061,SC,Camboriú,2008,12069407.33,12,17
4203303,8063,SC,Campo Alegre,2008,4388875.63,12,87
4203402,8065,SC,Campo Belo do Sul,2008,3291656.8,12,118
4203501,8067,SC,Campo Erê,2008,3291656.8,12,118
4203600,8069,SC,Campos Novos,2008,7680532.119999999,12,39
4203709,8071,SC,Canelinha,2008,3291656.8,12,118
4203808,8073,SC,Canoinhas,2008,12069407.33,12,17
4203907,8075,SC,Capinzal,2008,6583313.22,12,48
4203956,5545,SC,Capivari de Baixo,2008,6583313.22,12,48
4203253,906,SC,Capão Alto,2008,3291656.8,12,118
4204004,8077,SC,Catanduvas,2008,3291656.8,12,118
4204103,8079,SC,Caxambu do Sul,2008,3291656.8,12,118
4203006,8057,SC,Caçador,2008,13166626.06,12,15
4204152,9943,SC,Celso Ramos,2008,3291656.8,12,118
4204178,5567,SC,Cerro Negro,2008,3291656.8,12,118
4204194,908,SC,Chapadão do Lageado,2008,3291656.8,12,118
4204202,8081,SC,Chapecó,2008,29576837.31,12,2
4204251,5543,SC,Cocal do Sul,2008,5486094.41,12,66
4204301,8083,SC,Concórdia,2008,13166626.06,12,15
4204350,5579,SC,Cordilheira Alta,2008,3291656.8,12,118
4204400,8085,SC,Coronel Freitas,2008,4388875.63,12,87
4204459,5735,SC,Coronel Martins,2008,3291656.8,12,118
4204558,8395,SC,Correia Pinto,2008,5486094.41,12,66
4204509,8087,SC,Corupá,2008,4388875.63,12,87
4204608,8089,SC,Criciúma,2008,29576837.31,12,2
4204707,8091,SC,Cunha Porã,2008,4388875.63,12,87
4204756,910,SC,Cunhataí,2008,3291656.8,12,118
4204806,8093,SC,Curitibanos,2008,9874969.72,12,29
4204905,8095,SC,Descanso,2008,3291656.8,12,118
4205001,8097,SC,Dionísio Cerqueira,2008,5486094.41,12,66
4205100,8099,SC,Dona Emma,2008,3291656.8,12,118
4205159,9945,SC,Doutor Pedrinho,2008,3291656.8,12,118
4205175,912,SC,Entre Rios,2008,3291656.8,12,118
4205191,914,SC,Ermo,2008,3291656.8,12,118
4205209,8101,SC,Erval Velho,2008,3291656.8,12,118
4205308,8103,SC,Faxinal dos Guedes,2008,4388875.63,12,87
4205357,916,SC,Flor do Sertão,2008,3291656.8,12,118
4205407,8105,SC,Florianópolis,2008,56021044.7,12,1
4205431,5581,SC,Formosa do Sul,2008,3291656.8,12,118
4205456,973,SC,Forquilhinha,2008,6583313.22,12,48
4205506,8107,SC,Fraiburgo,2008,8777750.870000001,12,34
4205555,918,SC,Frei Rogério,2008,3291656.8,12,118
4205605,8109,SC,Galvão,2008,3291656.8,12,118
4205704,8113,SC,Garopaba,2008,5486094.41,12,66
4205803,8115,SC,Garuva,2008,4388875.63,12,87
4205902,8117,SC,Gaspar,2008,12069407.33,12,17
4206009,8111,SC,Governador Celso Ramos,2008,4388875.63,12,87
4206207,8121,SC,Gravatal,2008,4388875.63,12,87
4206108,8119,SC,Grão Pará,2008,3291656.8,12,118
4206306,8123,SC,Guabiruba,2008,5486094.41,12,66
4206405,8125,SC,Guaraciaba,2008,4388875.63,12,87
4206504,8127,SC,Guaramirim,2008,7680532.119999999,12,39
4206603,8129,SC,Guarujá do Sul,2008,3291656.8,12,118
4206652,5583,SC,Guatambú,2008,3291656.8,12,118
4206702,8131,SC,Herval DOeste,2008,6583313.22,12,48
4206751,920,SC,Ibiam,2008,3291656.8,12,118
4206801,8133,SC,Ibicaré,2008,3291656.8,12,118
4206900,8135,SC,Ibirama,2008,5486094.41,12,66
4207106,8139,SC,Ilhota,2008,4388875.63,12,87
4207205,8141,SC,Imaruí,2008,4388875.63,12,87
4207304,8143,SC,Imbituba,2008,9798336.52,12,33
4207403,8145,SC,Imbuia,2008,3291656.8,12,118
4207502,8147,SC,Indaial,2008,10972188.45,12,26
4207577,922,SC,Iomerê,2008,3291656.8,12,118
4207601,8149,SC,Ipira,2008,3291656.8,12,118
4207650,9951,SC,Iporã do Oeste,2008,3291656.8,12,118
4207684,5737,SC,Ipuaçu,2008,3291656.8,12,118
4207700,8151,SC,Ipumirim,2008,3291656.8,12,118
4207759,9953,SC,Iraceminha,2008,3291656.8,12,118
4207809,8153,SC,Irani,2008,3291656.8,12,118
4207858,5585,SC,Irati,2008,3291656.8,12,118
4207908,8155,SC,Irineópolis,2008,4388875.63,12,87
4208104,8159,SC,Itaiópolis,2008,6583313.22,12,48
4208203,8161,SC,Itajaí,2008,29576837.31,12,2
4208302,8163,SC,Itapema,2008,8777750.870000001,12,34
4208401,8165,SC,Itapiranga,2008,5486094.41,12,66
4208450,9985,SC,Itapoá,2008,4388875.63,12,87
4208500,8167,SC,Ituporanga,2008,6583313.22,12,48
4208005,8157,SC,Itá,2008,3291656.8,12,118
4207007,8137,SC,Içara,2008,12069407.33,12,17
4208609,8169,SC,Jaborá,2008,3291656.8,12,118
4208708,8171,SC,Jacinto Machado,2008,4388875.63,12,87
4208807,8173,SC,Jaguaruna,2008,5486094.41,12,66
4208906,8175,SC,Jaraguá do Sul,2008,19749938.94,12,9
4208955,5587,SC,Jardinópolis,2008,3291656.8,12,118
4209003,8177,SC,Joaçaba,2008,7680532.119999999,12,39
4209102,8179,SC,Joinville,2008,29576837.31,12,2
4209151,9957,SC,José Boiteux,2008,3291656.8,12,118
4209177,924,SC,Jupiá,2008,3291656.8,12,118
4209201,8181,SC,Lacerdópolis,2008,3291656.8,12,118
4209300,8183,SC,Lages,2008,29576837.31,12,2
4209409,8185,SC,Laguna,2008,10972188.45,12,26
4209458,5739,SC,Lajeado Grande,2008,3291656.8,12,118
4209508,8187,SC,Laurentino,2008,3291656.8,12,118
4209607,8189,SC,Lauro Muller,2008,5486094.41,12,66
4209706,8191,SC,Lebon Régis,2008,4388875.63,12,87
4209805,8193,SC,Leoberto Leal,2008,3291656.8,12,118
4209854,9961,SC,Lindóia do Sul,2008,3291656.8,12,118
4209904,8195,SC,Lontras,2008,3291656.8,12,118
4210001,8197,SC,Luiz Alves,2008,3291656.8,12,118
4210035,926,SC,Luzerna,2008,3291656.8,12,118
4210050,5575,SC,Macieira,2008,3291656.8,12,118
4210100,8199,SC,Mafra,2008,12069407.33,12,17
4210209,8201,SC,Major Gercino,2008,3291656.8,12,118
4210308,8203,SC,Major Vieira,2008,3291656.8,12,118
4210407,8391,SC,Maracajá,2008,3291656.8,12,118
4210506,8205,SC,Maravilha,2008,6583313.22,12,48
4210555,9963,SC,Marema,2008,3291656.8,12,118
4210605,8207,SC,Massaranduba,2008,5486094.41,12,66
4210704,8209,SC,Matos Costa,2008,3291656.8,12,118
4210803,8211,SC,Meleiro,2008,3291656.8,12,118
4210852,5559,SC,Mirim Doce,2008,3291656.8,12,118
4210902,8213,SC,Modelo,2008,3291656.8,12,118
4211009,8215,SC,Mondaí,2008,3291656.8,12,118
4211058,5561,SC,Monte Carlo,2008,3291656.8,12,118
4211108,8217,SC,Monte Castelo,2008,3291656.8,12,118
4211256,5539,SC,Morro Grande,2008,3291656.8,12,118
4211207,8219,SC,Morro da Fumaça,2008,5486094.41,12,66
4211306,8221,SC,Navegantes,2008,12069407.33,12,17
4211405,8223,SC,Nova Erechim,2008,3291656.8,12,118
4211454,5589,SC,Nova Itaberaba,2008,3291656.8,12,118
4211504,8225,SC,Nova Trento,2008,4388875.63,12,87
4211603,8227,SC,Nova Veneza,2008,4388875.63,12,87
4211652,5591,SC,Novo Horizonte,2008,3291656.8,12,118
4211702,8229,SC,Orleans,2008,6583313.22,12,48
4211751,8397,SC,Otacílio Costa,2008,5486094.41,12,66
4211801,8231,SC,Ouro,2008,3291656.8,12,118
4211850,5741,SC,Ouro Verde,2008,3291656.8,12,118
4211876,928,SC,Paial,2008,3291656.8,12,118
4211892,930,SC,Painel,2008,3291656.8,12,118
4211900,8233,SC,Palhoça,2008,18652720.12,12,10
4212007,8235,SC,Palma Sola,2008,3291656.8,12,118
4212056,932,SC,Palmeira,2008,3291656.8,12,118
4212106,8237,SC,Palmitos,2008,5486094.41,12,66
4212205,8239,SC,Papanduva,2008,6583313.22,12,48
4212239,5747,SC,Paraíso,2008,3291656.8,12,118
4212254,5541,SC,Passo de Torres,2008,3291656.8,12,118
4212270,5743,SC,Passos Maia,2008,3291656.8,12,118
4212304,8241,SC,Paulo Lopes,2008,3291656.8,12,118
4212403,8243,SC,Pedras Grandes,2008,3291656.8,12,118
4212502,8245,SC,Penha,2008,6583313.22,12,48
4212601,8247,SC,Peritiba,2008,3291656.8,12,118
4212700,8249,SC,Petrolândia,2008,3291656.8,12,118
4212908,8253,SC,Pinhalzinho,2008,5486094.41,12,66
4213005,8255,SC,Pinheiro Preto,2008,3291656.8,12,118
4213104,8257,SC,Piratuba,2008,3291656.8,12,118
4213153,5593,SC,Planalto Alegre,2008,3291656.8,12,118
4213203,8259,SC,Pomerode,2008,7680532.119999999,12,39
4213302,8261,SC,Ponte Alta,2008,3291656.8,12,118
4213351,5569,SC,Ponte Alta do Norte,2008,3291656.8,12,118
4213401,8263,SC,Ponte Serrada,2008,4388875.63,12,87
4213500,8265,SC,Porto Belo,2008,4388875.63,12,87
4213609,8267,SC,Porto União,2008,8777750.870000001,12,34
4213708,8269,SC,Pouso Redondo,2008,5486094.41,12,66
4213807,8271,SC,Praia Grande,2008,3291656.8,12,118
4213906,8273,SC,Presidente Castelo Branco,2008,3291656.8,12,118
4214003,8275,SC,Presidente Getúlio,2008,5486094.41,12,66
4214102,8277,SC,Presidente Nereu,2008,3291656.8,12,118
4214151,934,SC,Princesa,2008,3291656.8,12,118
4214201,8279,SC,Quilombo,2008,4388875.63,12,87
4214300,8281,SC,Rancho Queimado,2008,3291656.8,12,118
4214904,8293,SC,Rio Fortuna,2008,3291656.8,12,118
4215000,8295,SC,Rio Negrinho,2008,9874969.72,12,29
4215059,5571,SC,Rio Rufino,2008,3291656.8,12,118
4214409,8283,SC,Rio das Antas,2008,3291656.8,12,118
4214508,8285,SC,Rio do Campo,2008,3291656.8,12,118
4214607,8287,SC,Rio do Oeste,2008,3291656.8,12,118
4214805,8291,SC,Rio do Sul,2008,12069407.33,12,17
4214706,8289,SC,Rio dos Cedros,2008,3291656.8,12,118
4215075,5749,SC,Riqueza,2008,3291656.8,12,118
4215109,8297,SC,Rodeio,2008,4388875.63,12,87
4215208,8299,SC,Romelândia,2008,3291656.8,12,118
4215307,8301,SC,Salete,2008,3291656.8,12,118
4215356,936,SC,Saltinho,2008,3291656.8,12,118
4215406,8303,SC,Salto Veloso,2008,3291656.8,12,118
4215455,5547,SC,Sangão,2008,4388875.63,12,87
4215505,8305,SC,Santa Cecília,2008,5486094.41,12,66
4215554,5751,SC,Santa Helena,2008,3291656.8,12,118
4215604,8307,SC,Santa Rosa de Lima,2008,3291656.8,12,118
4215653,9967,SC,Santa Rosa do Sul,2008,3291656.8,12,118
4215679,5555,SC,Santa Terezinha,2008,3291656.8,12,118
4215687,938,SC,Santa Terezinha do Progresso,2008,3291656.8,12,118
4215695,940,SC,Santiago do Sul,2008,3291656.8,12,118
4215703,8309,SC,Santo Amaro da Imperatriz,2008,6583313.22,12,48
4217303,8341,SC,Saudades,2008,3291656.8,12,118
4217402,8343,SC,Schroeder,2008,4388875.63,12,87
4217501,8345,SC,Seara,2008,6583313.22,12,48
4217550,9989,SC,Serra Alta,2008,3291656.8,12,118
4217600,8347,SC,Siderópolis,2008,4388875.63,12,87
4217709,8349,SC,Sombrio,2008,7680532.119999999,12,39
4217758,5595,SC,Sul Brasil,2008,3291656.8,12,118
4215802,8311,SC,São Bento do Sul,2008,14263844.93,12,14
4215752,942,SC,São Bernardino,2008,3291656.8,12,118
4215901,8313,SC,São Bonifácio,2008,3291656.8,12,118
4216008,8315,SC,São Carlos,2008,4388875.63,12,87
4216057,5573,SC,São Cristovão do Sul,2008,3291656.8,12,118
4216107,8317,SC,São Domingos,2008,3291656.8,12,118
4216206,8319,SC,São Francisco do Sul,2008,9874969.72,12,29
4216503,8325,SC,São Joaquim,2008,7680532.119999999,12,39
4216602,8327,SC,São José,2008,29576837.31,12,2
4216701,8329,SC,São José do Cedro,2008,5486094.41,12,66
4216800,8331,SC,São José do Cerrito,2008,4388875.63,12,87
4216305,8321,SC,São João Batista,2008,6583313.22,12,48
4216354,5551,SC,São João do Itaperiú,2008,3291656.8,12,118
4216255,5753,SC,São João do Oeste,2008,3291656.8,12,118
4216404,8323,SC,São João do Sul,2008,3291656.8,12,118
4216909,8333,SC,São Lourenço do Oeste,2008,6583313.22,12,48
4217006,8335,SC,São Ludgero,2008,4388875.63,12,87
4217105,8337,SC,São Martinho,2008,3291656.8,12,118
4217204,8339,SC,São Miguel DOeste,2008,8777750.870000001,12,34
4217154,5755,SC,São Miguel da Boa Vista,2008,3291656.8,12,118
4217253,944,SC,São Pedro de Alcântara,2008,3291656.8,12,118
4217808,8351,SC,Taió,2008,5486094.41,12,66
4217907,8353,SC,Tangará,2008,3291656.8,12,118
4217956,946,SC,Tigrinhos,2008,3291656.8,12,118
4218004,8355,SC,Tijucas,2008,7680532.119999999,12,39
4218103,8393,SC,Timbé do Sul,2008,3291656.8,12,118
4218202,8357,SC,Timbó,2008,8777750.870000001,12,34
4218251,9971,SC,Timbó Grande,2008,3291656.8,12,118
4218350,948,SC,Treviso,2008,3291656.8,12,118
4218509,8363,SC,Treze Tílias,2008,3291656.8,12,118
4218400,8361,SC,Treze de Maio,2008,3291656.8,12,118
4218608,8365,SC,Trombudo Central,2008,3291656.8,12,118
4218301,8359,SC,Três Barras,2008,6583313.22,12,48
4218707,8367,SC,Tubarão,2008,16458282.54,12,11
4218756,9991,SC,Tunápolis,2008,3291656.8,12,118
4218806,8369,SC,Turvo,2008,4388875.63,12,87
4218855,9973,SC,União do Oeste,2008,3291656.8,12,118
4218905,8371,SC,Urubici,2008,4388875.63,12,87
4218954,9975,SC,Urupema,2008,3291656.8,12,118
4219002,8373,SC,Urussanga,2008,6583313.22,12,48
4219150,5563,SC,Vargem,2008,3291656.8,12,118
4219176,5565,SC,Vargem Bonita,2008,3291656.8,12,118
4219101,8375,SC,Vargeão,2008,3291656.8,12,118
4219200,8377,SC,Vidal Ramos,2008,3291656.8,12,118
4219309,8379,SC,Videira,2008,10972188.45,12,26
4219358,9977,SC,Vitor Meireles,2008,3291656.8,12,118
4219408,8381,SC,Witmarsum,2008,3291656.8,12,118
4219507,8383,SC,Xanxerê,2008,9874969.72,12,29
4219606,8385,SC,Xavantina,2008,3291656.8,12,118
4219705,8387,SC,Xaxim,2008,7680532.119999999,12,39
4219853,950,SC,Zortéa,2008,3291655.19,12,293
4200408,8007,SC,Água Doce,2008,3291656.8,12,118
4200556,5577,SC,Águas Frias,2008,3291656.8,12,118
4200606,8011,SC,Águas Mornas,2008,3291656.8,12,118
4200507,8009,SC,Águas de Chapecó,2008,3291656.8,12,118
4200051,9939,SC,Abdon Batista,2009,3096985.45,12,119
4200101,8001,SC,Abelardo Luz,2009,5161642.05,12,68
4200200,8003,SC,Agrolândia,2009,3096985.45,12,119
4200309,8005,SC,Agronômica,2009,3096985.45,12,119
4200705,8013,SC,Alfredo Wagner,2009,3096985.45,12,119
4200754,886,SC,Alto Bela Vista,2009,3096985.45,12,119
4200804,8015,SC,Anchieta,2009,3096985.45,12,119
4200903,8017,SC,Angelina,2009,3096985.45,12,119
4201000,8019,SC,Anita Garibaldi,2009,3096985.45,12,119
4201109,8021,SC,Anitápolis,2009,3096985.45,12,119
4201208,8023,SC,Antônio Carlos,2009,3096985.45,12,119
4201257,9941,SC,Apiúna,2009,4129313.72,12,89
4201273,5597,SC,Arabutã,2009,3096985.45,12,119
4201307,8025,SC,Araquari,2009,6193970.41,12,48
4201406,8027,SC,Araranguá,2009,11355612.120000001,12,17
4201505,8029,SC,Armazém,2009,3096985.45,12,119
4201604,8031,SC,Arroio Trinta,2009,3096985.45,12,119
4201653,5599,SC,Arvoredo,2009,3096985.45,12,119
4201703,8033,SC,Ascurra,2009,3096985.45,12,119
4201802,8035,SC,Atalanta,2009,3096985.45,12,119
4201901,8037,SC,Aurora,2009,3096985.45,12,119
4201950,888,SC,Balneário Arroio do Silva,2009,3096985.45,12,119
4202057,5549,SC,Balneário Barra do Sul,2009,3096985.45,12,119
4202008,8039,SC,Balneário Camboriú,2009,15484925.5,12,11
4202073,890,SC,Balneário Gaivota,2009,3096985.45,12,119
4212809,8251,SC,Balneário Piçarras,2009,5161642.05,12,68
4202081,892,SC,Bandeirante,2009,3096985.45,12,119
4202099,894,SC,Barra Bonita,2009,3096985.45,12,119
4202107,8041,SC,Barra Velha,2009,6193970.41,12,48
4202131,896,SC,Bela Vista do Toldo,2009,3096985.45,12,119
4202156,5745,SC,Belmonte,2009,3096985.45,12,119
4202206,8043,SC,Benedito Novo,2009,4129313.72,12,89
4202305,8045,SC,Biguaçu,2009,11355612.120000001,12,17
4202404,8047,SC,Blumenau,2009,27509059.939999998,12,2
4202438,898,SC,Bocaina do Sul,2009,3096985.45,12,119
4202503,8389,SC,Bom Jardim da Serra,2009,3096985.45,12,119
4202537,900,SC,Bom Jesus,2009,3096985.45,12,119
4202578,902,SC,Bom Jesus do Oeste,2009,3096985.45,12,119
4202602,8049,SC,Bom Retiro,2009,3096985.45,12,119
4202453,5537,SC,Bombinhas,2009,4129313.72,12,89
4202701,8051,SC,Botuverá,2009,3096985.45,12,119
4202800,8053,SC,Braço do Norte,2009,7226298.77,12,40
4202859,5557,SC,Braço do Trombudo,2009,3096985.45,12,119
4202875,904,SC,Brunópolis,2009,3096985.45,12,119
4202909,8055,SC,Brusque,2009,15484925.5,12,11
4203105,8059,SC,Caibi,2009,3096985.45,12,119
4203154,5553,SC,Calmon,2009,3096985.45,12,119
4203204,8061,SC,Camboriú,2009,11355612.120000001,12,17
4203303,8063,SC,Campo Alegre,2009,4129313.72,12,89
4203402,8065,SC,Campo Belo do Sul,2009,3096985.45,12,119
4203501,8067,SC,Campo Erê,2009,3096985.45,12,119
4203600,8069,SC,Campos Novos,2009,7226298.77,12,40
4203709,8071,SC,Canelinha,2009,3096985.45,12,119
4203808,8073,SC,Canoinhas,2009,11355612.120000001,12,17
4203907,8075,SC,Capinzal,2009,6193970.41,12,48
4203956,5545,SC,Capivari de Baixo,2009,6193970.41,12,48
4203253,906,SC,Capão Alto,2009,3096985.45,12,119
4204004,8077,SC,Catanduvas,2009,3096985.45,12,119
4204103,8079,SC,Caxambu do Sul,2009,3096985.45,12,119
4203006,8057,SC,Caçador,2009,12387940.42,12,15
4204152,9943,SC,Celso Ramos,2009,3096985.45,12,119
4204178,5567,SC,Cerro Negro,2009,3096985.45,12,119
4204194,908,SC,Chapadão do Lageado,2009,3096985.45,12,119
4204202,8081,SC,Chapecó,2009,27509059.939999998,12,2
4204251,5543,SC,Cocal do Sul,2009,5161642.05,12,68
4204301,8083,SC,Concórdia,2009,12387940.42,12,15
4204350,5579,SC,Cordilheira Alta,2009,3096985.45,12,119
4204400,8085,SC,Coronel Freitas,2009,4129313.72,12,89
4204459,5735,SC,Coronel Martins,2009,3096985.45,12,119
4204558,8395,SC,Correia Pinto,2009,5161642.05,12,68
4204509,8087,SC,Corupá,2009,4129313.72,12,89
4204608,8089,SC,Criciúma,2009,27509059.939999998,12,2
4204707,8091,SC,Cunha Porã,2009,4129313.72,12,89
4204756,910,SC,Cunhataí,2009,3096985.45,12,119
4204806,8093,SC,Curitibanos,2009,9290955.48,12,29
4204905,8095,SC,Descanso,2009,3096985.45,12,119
4205001,8097,SC,Dionísio Cerqueira,2009,5161642.05,12,68
4205100,8099,SC,Dona Emma,2009,3096985.45,12,119
4205159,9945,SC,Doutor Pedrinho,2009,3096985.45,12,119
4205175,912,SC,Entre Rios,2009,3096985.45,12,119
4205191,914,SC,Ermo,2009,3096985.45,12,119
4205209,8101,SC,Erval Velho,2009,3096985.45,12,119
4205308,8103,SC,Faxinal dos Guedes,2009,4129313.72,12,89
4205357,916,SC,Flor do Sertão,2009,3096985.45,12,119
4205407,8105,SC,Florianópolis,2009,52254708.59,12,1
4205431,5581,SC,Formosa do Sul,2009,3096985.45,12,119
4205456,973,SC,Forquilhinha,2009,6193970.41,12,48
4205506,8107,SC,Fraiburgo,2009,8258627.02,12,34
4205555,918,SC,Frei Rogério,2009,3096985.45,12,119
4205605,8109,SC,Galvão,2009,3096985.45,12,119
4205704,8113,SC,Garopaba,2009,5161642.05,12,68
4205803,8115,SC,Garuva,2009,5161642.05,12,68
4205902,8117,SC,Gaspar,2009,11355612.120000001,12,17
4206009,8111,SC,Governador Celso Ramos,2009,4129313.72,12,89
4206207,8121,SC,Gravatal,2009,4129313.72,12,89
4206108,8119,SC,Grão Pará,2009,3096985.45,12,119
4206306,8123,SC,Guabiruba,2009,5161642.05,12,68
4206405,8125,SC,Guaraciaba,2009,4129313.72,12,89
4206504,8127,SC,Guaramirim,2009,8258627.02,12,34
4206603,8129,SC,Guarujá do Sul,2009,3096985.45,12,119
4206652,5583,SC,Guatambú,2009,3096985.45,12,119
4206702,8131,SC,Herval DOeste,2009,6193970.41,12,48
4206751,920,SC,Ibiam,2009,3096985.45,12,119
4206801,8133,SC,Ibicaré,2009,3096985.45,12,119
4206900,8135,SC,Ibirama,2009,6193970.41,12,48
4207106,8139,SC,Ilhota,2009,4129313.72,12,89
4207205,8141,SC,Imaruí,2009,4129313.72,12,89
4207304,8143,SC,Imbituba,2009,9290955.48,12,29
4207403,8145,SC,Imbuia,2009,3096985.45,12,119
4207502,8147,SC,Indaial,2009,10323283.77,12,27
4207577,922,SC,Iomerê,2009,3096985.45,12,119
4207601,8149,SC,Ipira,2009,3096985.45,12,119
4207650,9951,SC,Iporã do Oeste,2009,3096985.45,12,119
4207684,5737,SC,Ipuaçu,2009,3096985.45,12,119
4207700,8151,SC,Ipumirim,2009,3096985.45,12,119
4207759,9953,SC,Iraceminha,2009,3096985.45,12,119
4207809,8153,SC,Irani,2009,3096985.45,12,119
4207858,5585,SC,Irati,2009,3096985.45,12,119
4207908,8155,SC,Irineópolis,2009,4129313.72,12,89
4208104,8159,SC,Itaiópolis,2009,6193970.41,12,48
4208203,8161,SC,Itajaí,2009,27509059.939999998,12,2
4208302,8163,SC,Itapema,2009,8258627.02,12,34
4208401,8165,SC,Itapiranga,2009,5161642.05,12,68
4208450,9985,SC,Itapoá,2009,4129313.72,12,89
4208500,8167,SC,Ituporanga,2009,6193970.41,12,48
4208005,8157,SC,Itá,2009,3096985.45,12,119
4207007,8137,SC,Içara,2009,11355612.120000001,12,17
4208609,8169,SC,Jaborá,2009,3096985.45,12,119
4208708,8171,SC,Jacinto Machado,2009,4129313.72,12,89
4208807,8173,SC,Jaguaruna,2009,5161642.05,12,68
4208906,8175,SC,Jaraguá do Sul,2009,18581910.52,12,9
4208955,5587,SC,Jardinópolis,2009,3096985.45,12,119
4209003,8177,SC,Joaçaba,2009,7226298.77,12,40
4209102,8179,SC,Joinville,2009,27509059.939999998,12,2
4209151,9957,SC,José Boiteux,2009,3096985.45,12,119
4209177,924,SC,Jupiá,2009,3096985.45,12,119
4209201,8181,SC,Lacerdópolis,2009,3096985.45,12,119
4209300,8183,SC,Lages,2009,27509059.939999998,12,2
4209409,8185,SC,Laguna,2009,11355612.120000001,12,17
4209458,5739,SC,Lajeado Grande,2009,3096985.45,12,119
4209508,8187,SC,Laurentino,2009,3096985.45,12,119
4209607,8189,SC,Lauro Muller,2009,5161642.05,12,68
4209706,8191,SC,Lebon Régis,2009,4129313.72,12,89
4209805,8193,SC,Leoberto Leal,2009,3096985.45,12,119
4209854,9961,SC,Lindóia do Sul,2009,3096985.45,12,119
4209904,8195,SC,Lontras,2009,3096985.45,12,119
4210001,8197,SC,Luiz Alves,2009,3096985.45,12,119
4210035,926,SC,Luzerna,2009,3096985.45,12,119
4210050,5575,SC,Macieira,2009,3096985.45,12,119
4210100,8199,SC,Mafra,2009,11355612.120000001,12,17
4210209,8201,SC,Major Gercino,2009,3096985.45,12,119
4210308,8203,SC,Major Vieira,2009,3096985.45,12,119
4210407,8391,SC,Maracajá,2009,3096985.45,12,119
4210506,8205,SC,Maravilha,2009,6193970.41,12,48
4210555,9963,SC,Marema,2009,3096985.45,12,119
4210605,8207,SC,Massaranduba,2009,5161642.05,12,68
4210704,8209,SC,Matos Costa,2009,3096985.45,12,119
4210803,8211,SC,Meleiro,2009,3096985.45,12,119
4210852,5559,SC,Mirim Doce,2009,3096985.45,12,119
4210902,8213,SC,Modelo,2009,3096985.45,12,119
4211009,8215,SC,Mondaí,2009,3096985.45,12,119
4211058,5561,SC,Monte Carlo,2009,3096985.45,12,119
4211108,8217,SC,Monte Castelo,2009,3096985.45,12,119
4211256,5539,SC,Morro Grande,2009,3096985.45,12,119
4211207,8219,SC,Morro da Fumaça,2009,5161642.05,12,68
4211306,8221,SC,Navegantes,2009,11355612.120000001,12,17
4211405,8223,SC,Nova Erechim,2009,3096985.45,12,119
4211454,5589,SC,Nova Itaberaba,2009,3096985.45,12,119
4211504,8225,SC,Nova Trento,2009,4129313.72,12,89
4211603,8227,SC,Nova Veneza,2009,4129313.72,12,89
4211652,5591,SC,Novo Horizonte,2009,3096985.45,12,119
4211702,8229,SC,Orleans,2009,6193970.41,12,48
4211751,8397,SC,Otacílio Costa,2009,5161642.05,12,68
4211801,8231,SC,Ouro,2009,3096985.45,12,119
4211850,5741,SC,Ouro Verde,2009,3096985.45,12,119
4211876,928,SC,Paial,2009,3096985.45,12,119
4211892,930,SC,Painel,2009,3096985.45,12,119
4211900,8233,SC,Palhoça,2009,17549582.13,12,10
4212007,8235,SC,Palma Sola,2009,3096985.45,12,119
4212056,932,SC,Palmeira,2009,3096985.45,12,119
4212106,8237,SC,Palmitos,2009,5161642.05,12,68
4212205,8239,SC,Papanduva,2009,6193970.41,12,48
4212239,5747,SC,Paraíso,2009,3096985.45,12,119
4212254,5541,SC,Passo de Torres,2009,3096985.45,12,119
4212270,5743,SC,Passos Maia,2009,3096985.45,12,119
4212304,8241,SC,Paulo Lopes,2009,3096985.45,12,119
4212403,8243,SC,Pedras Grandes,2009,3096985.45,12,119
4212502,8245,SC,Penha,2009,6193970.41,12,48
4212601,8247,SC,Peritiba,2009,3096985.45,12,119
4212700,8249,SC,Petrolândia,2009,3096985.45,12,119
4212908,8253,SC,Pinhalzinho,2009,5161642.05,12,68
4213005,8255,SC,Pinheiro Preto,2009,3096985.45,12,119
4213104,8257,SC,Piratuba,2009,3096985.45,12,119
4213153,5593,SC,Planalto Alegre,2009,3096985.45,12,119
4213203,8259,SC,Pomerode,2009,7226298.77,12,40
4213302,8261,SC,Ponte Alta,2009,3096985.45,12,119
4213351,5569,SC,Ponte Alta do Norte,2009,3096985.45,12,119
4213401,8263,SC,Ponte Serrada,2009,4129313.72,12,89
4213500,8265,SC,Porto Belo,2009,5161642.05,12,68
4213609,8267,SC,Porto União,2009,8258627.02,12,34
4213708,8269,SC,Pouso Redondo,2009,5161642.05,12,68
4213807,8271,SC,Praia Grande,2009,3096985.45,12,119
4213906,8273,SC,Presidente Castelo Branco,2009,3096985.45,12,119
4214003,8275,SC,Presidente Getúlio,2009,5161642.05,12,68
4214102,8277,SC,Presidente Nereu,2009,3096985.45,12,119
4214151,934,SC,Princesa,2009,3096985.45,12,119
4214201,8279,SC,Quilombo,2009,4129313.72,12,89
4214300,8281,SC,Rancho Queimado,2009,3096985.45,12,119
4214904,8293,SC,Rio Fortuna,2009,3096985.45,12,119
4215000,8295,SC,Rio Negrinho,2009,9290955.48,12,29
4215059,5571,SC,Rio Rufino,2009,3096985.45,12,119
4214409,8283,SC,Rio das Antas,2009,3096985.45,12,119
4214508,8285,SC,Rio do Campo,2009,3096985.45,12,119
4214607,8287,SC,Rio do Oeste,2009,3096985.45,12,119
4214805,8291,SC,Rio do Sul,2009,11355612.120000001,12,17
4214706,8289,SC,Rio dos Cedros,2009,3096985.45,12,119
4215075,5749,SC,Riqueza,2009,3096985.45,12,119
4215109,8297,SC,Rodeio,2009,4129313.72,12,89
4215208,8299,SC,Romelândia,2009,3096985.45,12,119
4215307,8301,SC,Salete,2009,3096985.45,12,119
4215356,936,SC,Saltinho,2009,3096985.45,12,119
4215406,8303,SC,Salto Veloso,2009,3096985.45,12,119
4215455,5547,SC,Sangão,2009,4129313.72,12,89
4215505,8305,SC,Santa Cecília,2009,5161642.05,12,68
4215554,5751,SC,Santa Helena,2009,3096985.45,12,119
4215604,8307,SC,Santa Rosa de Lima,2009,3096985.45,12,119
4215653,9967,SC,Santa Rosa do Sul,2009,3096985.45,12,119
4215679,5555,SC,Santa Terezinha,2009,3096985.45,12,119
4215687,938,SC,Santa Terezinha do Progresso,2009,3096985.45,12,119
4215695,940,SC,Santiago do Sul,2009,3096985.45,12,119
4215703,8309,SC,Santo Amaro da Imperatriz,2009,6193970.41,12,48
4217303,8341,SC,Saudades,2009,3096985.45,12,119
4217402,8343,SC,Schroeder,2009,4129313.72,12,89
4217501,8345,SC,Seara,2009,6193970.41,12,48
4217550,9989,SC,Serra Alta,2009,3096985.45,12,119
4217600,8347,SC,Siderópolis,2009,4129313.72,12,89
4217709,8349,SC,Sombrio,2009,7226298.77,12,40
4217758,5595,SC,Sul Brasil,2009,3096985.45,12,119
4215802,8311,SC,São Bento do Sul,2009,13420268.8,12,14
4215752,942,SC,São Bernardino,2009,3096985.45,12,119
4215901,8313,SC,São Bonifácio,2009,3096985.45,12,119
4216008,8315,SC,São Carlos,2009,4129313.72,12,89
4216057,5573,SC,São Cristovão do Sul,2009,3096985.45,12,119
4216107,8317,SC,São Domingos,2009,3096985.45,12,119
4216206,8319,SC,São Francisco do Sul,2009,9290955.48,12,29
4216503,8325,SC,São Joaquim,2009,7226298.77,12,40
4216602,8327,SC,São José,2009,27509059.939999998,12,2
4216701,8329,SC,São José do Cedro,2009,5161642.05,12,68
4216800,8331,SC,São José do Cerrito,2009,4129313.72,12,89
4216305,8321,SC,São João Batista,2009,6193970.41,12,48
4216354,5551,SC,São João do Itaperiú,2009,3096985.45,12,119
4216255,5753,SC,São João do Oeste,2009,3096985.45,12,119
4216404,8323,SC,São João do Sul,2009,3096985.45,12,119
4216909,8333,SC,São Lourenço do Oeste,2009,6193970.41,12,48
4217006,8335,SC,São Ludgero,2009,4129313.72,12,89
4217105,8337,SC,São Martinho,2009,3096985.45,12,119
4217204,8339,SC,São Miguel DOeste,2009,8258627.02,12,34
4217154,5755,SC,São Miguel da Boa Vista,2009,3096985.45,12,119
4217253,944,SC,São Pedro de Alcântara,2009,3096985.45,12,119
4217808,8351,SC,Taió,2009,6193970.41,12,48
4217907,8353,SC,Tangará,2009,3096985.45,12,119
4217956,946,SC,Tigrinhos,2009,3096985.45,12,119
4218004,8355,SC,Tijucas,2009,7226298.77,12,40
4218103,8393,SC,Timbé do Sul,2009,3096985.45,12,119
4218202,8357,SC,Timbó,2009,8258627.02,12,34
4218251,9971,SC,Timbó Grande,2009,3096985.45,12,119
4218350,948,SC,Treviso,2009,3096985.45,12,119
4218509,8363,SC,Treze Tílias,2009,3096985.45,12,119
4218400,8361,SC,Treze de Maio,2009,3096985.45,12,119
4218608,8365,SC,Trombudo Central,2009,3096985.45,12,119
4218301,8359,SC,Três Barras,2009,6193970.41,12,48
4218707,8367,SC,Tubarão,2009,15484925.5,12,11
4218756,9991,SC,Tunápolis,2009,3096985.45,12,119
4218806,8369,SC,Turvo,2009,4129313.72,12,89
4218855,9973,SC,União do Oeste,2009,3096985.45,12,119
4218905,8371,SC,Urubici,2009,4129313.72,12,89
4218954,9975,SC,Urupema,2009,3096985.45,12,119
4219002,8373,SC,Urussanga,2009,6193970.41,12,48
4219150,5563,SC,Vargem,2009,3096985.45,12,119
4219176,5565,SC,Vargem Bonita,2009,3096985.45,12,119
4219101,8375,SC,Vargeão,2009,3096985.45,12,119
4219200,8377,SC,Vidal Ramos,2009,3096985.45,12,119
4219309,8379,SC,Videira,2009,10323283.77,12,27
4219358,9977,SC,Vitor Meireles,2009,3096985.45,12,119
4219408,8381,SC,Witmarsum,2009,3096985.45,12,119
4219507,8383,SC,Xanxerê,2009,9290955.48,12,29
4219606,8385,SC,Xavantina,2009,3096985.45,12,119
4219705,8387,SC,Xaxim,2009,7226298.77,12,40
4219853,950,SC,Zortéa,2009,3096984.34,12,293
4200408,8007,SC,Água Doce,2009,3096985.45,12,119
4200556,5577,SC,Águas Frias,2009,3096985.45,12,119
4200606,8011,SC,Águas Mornas,2009,3096985.45,12,119
4200507,8009,SC,Águas de Chapecó,2009,3096985.45,12,119
4200051,9939,SC,Abdon Batista,2010,3313301.87,12,121
4200101,8001,SC,Abelardo Luz,2010,5522169.5,12,69
4200200,8003,SC,Agrolândia,2010,3313301.87,12,121
4200309,8005,SC,Agronômica,2010,3313301.87,12,121
4200705,8013,SC,Alfredo Wagner,2010,4417735.7,12,91
4200754,886,SC,Alto Bela Vista,2010,3313301.87,12,121
4200804,8015,SC,Anchieta,2010,3313301.87,12,121
4200903,8017,SC,Angelina,2010,3313301.87,12,121
4201000,8019,SC,Anita Garibaldi,2010,3313301.87,12,121
4201109,8021,SC,Anitápolis,2010,3313301.87,12,121
4201208,8023,SC,Antônio Carlos,2010,3313301.87,12,121
4201257,9941,SC,Apiúna,2010,4417735.7,12,91
4201273,5597,SC,Arabutã,2010,3313301.87,12,121
4201307,8025,SC,Araquari,2010,6626603.41,12,49
4201406,8027,SC,Araranguá,2010,12148772.620000001,12,17
4201505,8029,SC,Armazém,2010,3313301.87,12,121
4201604,8031,SC,Arroio Trinta,2010,3313301.87,12,121
4201653,5599,SC,Arvoredo,2010,3313301.87,12,121
4201703,8033,SC,Ascurra,2010,3313301.87,12,121
4201802,8035,SC,Atalanta,2010,3313301.87,12,121
4201901,8037,SC,Aurora,2010,3313301.87,12,121
4201950,888,SC,Balneário Arroio do Silva,2010,3313301.87,12,121
4202057,5549,SC,Balneário Barra do Sul,2010,3313301.87,12,121
4202008,8039,SC,Balneário Camboriú,2010,17670941.83,12,11
4202073,890,SC,Balneário Gaivota,2010,3313301.87,12,121
4212809,8251,SC,Balneário Piçarras,2010,5522169.5,12,69
4202081,892,SC,Bandeirante,2010,3313301.87,12,121
4202099,894,SC,Barra Bonita,2010,3313301.87,12,121
4202107,8041,SC,Barra Velha,2010,6626603.41,12,49
4202131,896,SC,Bela Vista do Toldo,2010,3313301.87,12,121
4202156,5745,SC,Belmonte,2010,3313301.87,12,121
4202206,8043,SC,Benedito Novo,2010,4417735.7,12,91
4202305,8045,SC,Biguaçu,2010,12148772.620000001,12,17
4202404,8047,SC,Blumenau,2010,29363457.810000002,12,2
4202438,898,SC,Bocaina do Sul,2010,3313301.87,12,121
4202503,8389,SC,Bom Jardim da Serra,2010,3313301.87,12,121
4202537,900,SC,Bom Jesus,2010,3313301.87,12,121
4202578,902,SC,Bom Jesus do Oeste,2010,3313301.87,12,121
4202602,8049,SC,Bom Retiro,2010,3313301.87,12,121
4202453,5537,SC,Bombinhas,2010,5522169.5,12,69
4202701,8051,SC,Botuverá,2010,3313301.87,12,121
4202800,8053,SC,Braço do Norte,2010,7731037.22,12,40
4202859,5557,SC,Braço do Trombudo,2010,3313301.87,12,121
4202875,904,SC,Brunópolis,2010,3313301.87,12,121
4202909,8055,SC,Brusque,2010,17670941.83,12,11
4203105,8059,SC,Caibi,2010,3313301.87,12,121
4203154,5553,SC,Calmon,2010,3313301.87,12,121
4203204,8061,SC,Camboriú,2010,12148772.620000001,12,17
4203303,8063,SC,Campo Alegre,2010,4417735.7,12,91
4203402,8065,SC,Campo Belo do Sul,2010,3313301.87,12,121
4203501,8067,SC,Campo Erê,2010,3313301.87,12,121
4203600,8069,SC,Campos Novos,2010,7731037.22,12,40
4203709,8071,SC,Canelinha,2010,3313301.87,12,121
4203808,8073,SC,Canoinhas,2010,12148772.620000001,12,17
4203907,8075,SC,Capinzal,2010,6626603.41,12,49
4203956,5545,SC,Capivari de Baixo,2010,6626603.41,12,49
4203253,906,SC,Capão Alto,2010,3313301.87,12,121
4204004,8077,SC,Catanduvas,2010,3313301.87,12,121
4204103,8079,SC,Caxambu do Sul,2010,3313301.87,12,121
4203006,8057,SC,Caçador,2010,13253206.43,12,15
4204152,9943,SC,Celso Ramos,2010,3313301.87,12,121
4204178,5567,SC,Cerro Negro,2010,3313301.87,12,121
4204194,908,SC,Chapadão do Lageado,2010,3313301.87,12,121
4204202,8081,SC,Chapecó,2010,29363457.810000002,12,2
4204251,5543,SC,Cocal do Sul,2010,5522169.5,12,69
4204301,8083,SC,Concórdia,2010,13253206.43,12,15
4204350,5579,SC,Cordilheira Alta,2010,3313301.87,12,121
4204400,8085,SC,Coronel Freitas,2010,4417735.7,12,91
4204459,5735,SC,Coronel Martins,2010,3313301.87,12,121
4204558,8395,SC,Correia Pinto,2010,5522169.5,12,69
4204509,8087,SC,Corupá,2010,4417735.7,12,91
4204608,8089,SC,Criciúma,2010,29363457.810000002,12,2
4204707,8091,SC,Cunha Porã,2010,4417735.7,12,91
4204756,910,SC,Cunhataí,2010,3313301.87,12,121
4204806,8093,SC,Curitibanos,2010,9939904.95,12,30
4204905,8095,SC,Descanso,2010,3313301.87,12,121
4205001,8097,SC,Dionísio Cerqueira,2010,5522169.5,12,69
4205100,8099,SC,Dona Emma,2010,3313301.87,12,121
4205159,9945,SC,Doutor Pedrinho,2010,3313301.87,12,121
4205175,912,SC,Entre Rios,2010,3313301.87,12,121
4205191,914,SC,Ermo,2010,3313301.87,12,121
4205209,8101,SC,Erval Velho,2010,3313301.87,12,121
4205308,8103,SC,Faxinal dos Guedes,2010,4417735.7,12,91
4205357,916,SC,Flor do Sertão,2010,3313301.87,12,121
4205407,8105,SC,Florianópolis,2010,57237655.42,12,1
4205431,5581,SC,Formosa do Sul,2010,3313301.87,12,121
4205456,973,SC,Forquilhinha,2010,6626603.41,12,49
4205506,8107,SC,Fraiburgo,2010,8835471.06,12,34
4205555,918,SC,Frei Rogério,2010,3313301.87,12,121
4205605,8109,SC,Galvão,2010,3313301.87,12,121
4205704,8113,SC,Garopaba,2010,5522169.5,12,69
4205803,8115,SC,Garuva,2010,5522169.5,12,69
4205902,8117,SC,Gaspar,2010,12148772.620000001,12,17
4206009,8111,SC,Governador Celso Ramos,2010,4417735.7,12,91
4206207,8121,SC,Gravatal,2010,4417735.7,12,91
4206108,8119,SC,Grão Pará,2010,3313301.87,12,121
4206306,8123,SC,Guabiruba,2010,6626603.41,12,49
4206405,8125,SC,Guaraciaba,2010,4417735.7,12,91
4206504,8127,SC,Guaramirim,2010,8835471.06,12,34
4206603,8129,SC,Guarujá do Sul,2010,3313301.87,12,121
4206652,5583,SC,Guatambú,2010,3313301.87,12,121
4206702,8131,SC,Herval DOeste,2010,6626603.41,12,49
4206751,920,SC,Ibiam,2010,3313301.87,12,121
4206801,8133,SC,Ibicaré,2010,3313301.87,12,121
4206900,8135,SC,Ibirama,2010,6626603.41,12,49
4207106,8139,SC,Ilhota,2010,4417735.7,12,91
4207205,8141,SC,Imaruí,2010,4417735.7,12,91
4207304,8143,SC,Imbituba,2010,9939904.95,12,30
4207403,8145,SC,Imbuia,2010,3313301.87,12,121
4207502,8147,SC,Indaial,2010,11044338.77,12,27
4207577,922,SC,Iomerê,2010,3313301.87,12,121
4207601,8149,SC,Ipira,2010,3313301.87,12,121
4207650,9951,SC,Iporã do Oeste,2010,3313301.87,12,121
4207684,5737,SC,Ipuaçu,2010,3313301.87,12,121
4207700,8151,SC,Ipumirim,2010,3313301.87,12,121
4207759,9953,SC,Iraceminha,2010,3313301.87,12,121
4207809,8153,SC,Irani,2010,3313301.87,12,121
4207858,5585,SC,Irati,2010,3313301.87,12,121
4207908,8155,SC,Irineópolis,2010,4417735.7,12,91
4208104,8159,SC,Itaiópolis,2010,6626603.41,12,49
4208203,8161,SC,Itajaí,2010,29363457.810000002,12,2
4208302,8163,SC,Itapema,2010,8835471.06,12,34
4208401,8165,SC,Itapiranga,2010,5522169.5,12,69
4208450,9985,SC,Itapoá,2010,4417735.7,12,91
4208500,8167,SC,Ituporanga,2010,6626603.41,12,49
4208005,8157,SC,Itá,2010,3313301.87,12,121
4207007,8137,SC,Içara,2010,12148772.620000001,12,17
4208609,8169,SC,Jaborá,2010,3313301.87,12,121
4208708,8171,SC,Jacinto Machado,2010,4417735.7,12,91
4208807,8173,SC,Jaguaruna,2010,5522169.5,12,69
4208906,8175,SC,Jaraguá do Sul,2010,19879809.45,12,9
4208955,5587,SC,Jardinópolis,2010,3313301.87,12,121
4209003,8177,SC,Joaçaba,2010,7731037.22,12,40
4209102,8179,SC,Joinville,2010,29363457.810000002,12,2
4209151,9957,SC,José Boiteux,2010,3313301.87,12,121
4209177,924,SC,Jupiá,2010,3313301.87,12,121
4209201,8181,SC,Lacerdópolis,2010,3313301.87,12,121
4209300,8183,SC,Lages,2010,29363457.810000002,12,2
4209409,8185,SC,Laguna,2010,12148772.620000001,12,17
4209458,5739,SC,Lajeado Grande,2010,3313301.87,12,121
4209508,8187,SC,Laurentino,2010,3313301.87,12,121
4209607,8189,SC,Lauro Muller,2010,5522169.5,12,69
4209706,8191,SC,Lebon Régis,2010,4417735.7,12,91
4209805,8193,SC,Leoberto Leal,2010,3313301.87,12,121
4209854,9961,SC,Lindóia do Sul,2010,3313301.87,12,121
4209904,8195,SC,Lontras,2010,3313301.87,12,121
4210001,8197,SC,Luiz Alves,2010,3313301.87,12,121
4210035,926,SC,Luzerna,2010,3313301.87,12,121
4210050,5575,SC,Macieira,2010,3313301.87,12,121
4210100,8199,SC,Mafra,2010,12148772.620000001,12,17
4210209,8201,SC,Major Gercino,2010,3313301.87,12,121
4210308,8203,SC,Major Vieira,2010,3313301.87,12,121
4210407,8391,SC,Maracajá,2010,3313301.87,12,121
4210506,8205,SC,Maravilha,2010,6626603.41,12,49
4210555,9963,SC,Marema,2010,3313301.87,12,121
4210605,8207,SC,Massaranduba,2010,5522169.5,12,69
4210704,8209,SC,Matos Costa,2010,3313301.87,12,121
4210803,8211,SC,Meleiro,2010,3313301.87,12,121
4210852,5559,SC,Mirim Doce,2010,3313301.87,12,121
4210902,8213,SC,Modelo,2010,3313301.87,12,121
4211009,8215,SC,Mondaí,2010,3313301.87,12,121
4211058,5561,SC,Monte Carlo,2010,3313301.87,12,121
4211108,8217,SC,Monte Castelo,2010,3313301.87,12,121
4211256,5539,SC,Morro Grande,2010,3313301.87,12,121
4211207,8219,SC,Morro da Fumaça,2010,5522169.5,12,69
4211306,8221,SC,Navegantes,2010,12148772.620000001,12,17
4211405,8223,SC,Nova Erechim,2010,3313301.87,12,121
4211454,5589,SC,Nova Itaberaba,2010,3313301.87,12,121
4211504,8225,SC,Nova Trento,2010,4417735.7,12,91
4211603,8227,SC,Nova Veneza,2010,4417735.7,12,91
4211652,5591,SC,Novo Horizonte,2010,3313301.87,12,121
4211702,8229,SC,Orleans,2010,6626603.41,12,49
4211751,8397,SC,Otacílio Costa,2010,5522169.5,12,69
4211801,8231,SC,Ouro,2010,3313301.87,12,121
4211850,5741,SC,Ouro Verde,2010,3313301.87,12,121
4211876,928,SC,Paial,2010,3313301.87,12,121
4211892,930,SC,Painel,2010,3313301.87,12,121
4211900,8233,SC,Palhoça,2010,19879809.45,12,9
4212007,8235,SC,Palma Sola,2010,3313301.87,12,121
4212056,932,SC,Palmeira,2010,3313301.87,12,121
4212106,8237,SC,Palmitos,2010,5522169.5,12,69
4212205,8239,SC,Papanduva,2010,6626603.41,12,49
4212239,5747,SC,Paraíso,2010,3313301.87,12,121
4212254,5541,SC,Passo de Torres,2010,3313301.87,12,121
4212270,5743,SC,Passos Maia,2010,3313301.87,12,121
4212304,8241,SC,Paulo Lopes,2010,3313301.87,12,121
4212403,8243,SC,Pedras Grandes,2010,3313301.87,12,121
4212502,8245,SC,Penha,2010,6626603.41,12,49
4212601,8247,SC,Peritiba,2010,3313301.87,12,121
4212700,8249,SC,Petrolândia,2010,3313301.87,12,121
4212908,8253,SC,Pinhalzinho,2010,5522169.5,12,69
4213005,8255,SC,Pinheiro Preto,2010,3313301.87,12,121
4213104,8257,SC,Piratuba,2010,3313301.87,12,121
4213153,5593,SC,Planalto Alegre,2010,3313301.87,12,121
4213203,8259,SC,Pomerode,2010,7731037.22,12,40
4213302,8261,SC,Ponte Alta,2010,3313301.87,12,121
4213351,5569,SC,Ponte Alta do Norte,2010,3313301.87,12,121
4213401,8263,SC,Ponte Serrada,2010,4417735.7,12,91
4213500,8265,SC,Porto Belo,2010,5522169.5,12,69
4213609,8267,SC,Porto União,2010,8835471.06,12,34
4213708,8269,SC,Pouso Redondo,2010,5522169.5,12,69
4213807,8271,SC,Praia Grande,2010,3313301.87,12,121
4213906,8273,SC,Presidente Castelo Branco,2010,3313301.87,12,121
4214003,8275,SC,Presidente Getúlio,2010,5522169.5,12,69
4214102,8277,SC,Presidente Nereu,2010,3313301.87,12,121
4214151,934,SC,Princesa,2010,3313301.87,12,121
4214201,8279,SC,Quilombo,2010,4417735.7,12,91
4214300,8281,SC,Rancho Queimado,2010,3313301.87,12,121
4214904,8293,SC,Rio Fortuna,2010,3313301.87,12,121
4215000,8295,SC,Rio Negrinho,2010,11044338.77,12,27
4215059,5571,SC,Rio Rufino,2010,3313301.87,12,121
4214409,8283,SC,Rio das Antas,2010,3313301.87,12,121
4214508,8285,SC,Rio do Campo,2010,3313301.87,12,121
4214607,8287,SC,Rio do Oeste,2010,3313301.87,12,121
4214805,8291,SC,Rio do Sul,2010,12148772.620000001,12,17
4214706,8289,SC,Rio dos Cedros,2010,3313301.87,12,121
4215075,5749,SC,Riqueza,2010,3313301.87,12,121
4215109,8297,SC,Rodeio,2010,4417735.7,12,91
4215208,8299,SC,Romelândia,2010,3313301.87,12,121
4215307,8301,SC,Salete,2010,3313301.87,12,121
4215356,936,SC,Saltinho,2010,3313301.87,12,121
4215406,8303,SC,Salto Veloso,2010,3313301.87,12,121
4215455,5547,SC,Sangão,2010,4417735.7,12,91
4215505,8305,SC,Santa Cecília,2010,5522169.5,12,69
4215554,5751,SC,Santa Helena,2010,3313301.87,12,121
4215604,8307,SC,Santa Rosa de Lima,2010,3313301.87,12,121
4215653,9967,SC,Santa Rosa do Sul,2010,3313301.87,12,121
4215679,5555,SC,Santa Terezinha,2010,3313301.87,12,121
4215687,938,SC,Santa Terezinha do Progresso,2010,3313301.87,12,121
4215695,940,SC,Santiago do Sul,2010,3313301.87,12,121
4215703,8309,SC,Santo Amaro da Imperatriz,2010,6626603.41,12,49
4217303,8341,SC,Saudades,2010,3313301.87,12,121
4217402,8343,SC,Schroeder,2010,5522169.5,12,69
4217501,8345,SC,Seara,2010,6626603.41,12,49
4217550,9989,SC,Serra Alta,2010,3313301.87,12,121
4217600,8347,SC,Siderópolis,2010,4417735.7,12,91
4217709,8349,SC,Sombrio,2010,7731037.22,12,40
4217758,5595,SC,Sul Brasil,2010,3313301.87,12,121
4215802,8311,SC,São Bento do Sul,2010,14357640.27,12,14
4215752,942,SC,São Bernardino,2010,3313301.87,12,121
4215901,8313,SC,São Bonifácio,2010,3313301.87,12,121
4216008,8315,SC,São Carlos,2010,4417735.7,12,91
4216057,5573,SC,São Cristovão do Sul,2010,3313301.87,12,121
4216107,8317,SC,São Domingos,2010,3313301.87,12,121
4216206,8319,SC,São Francisco do Sul,2010,9939904.95,12,30
4216503,8325,SC,São Joaquim,2010,7731037.22,12,40
4216602,8327,SC,São José,2010,29363457.810000002,12,2
4216701,8329,SC,São José do Cedro,2010,5522169.5,12,69
4216800,8331,SC,São José do Cerrito,2010,4417735.7,12,91
4216305,8321,SC,São João Batista,2010,7731037.22,12,40
4216354,5551,SC,São João do Itaperiú,2010,3313301.87,12,121
4216255,5753,SC,São João do Oeste,2010,3313301.87,12,121
4216404,8323,SC,São João do Sul,2010,3313301.87,12,121
4216909,8333,SC,São Lourenço do Oeste,2010,6626603.41,12,49
4217006,8335,SC,São Ludgero,2010,4417735.7,12,91
4217105,8337,SC,São Martinho,2010,3313301.87,12,121
4217204,8339,SC,São Miguel DOeste,2010,8835471.06,12,34
4217154,5755,SC,São Miguel da Boa Vista,2010,3313301.87,12,121
4217253,944,SC,São Pedro de Alcântara,2010,3313301.87,12,121
4217808,8351,SC,Taió,2010,6626603.41,12,49
4217907,8353,SC,Tangará,2010,3313301.87,12,121
4217956,946,SC,Tigrinhos,2010,3313301.87,12,121
4218004,8355,SC,Tijucas,2010,7731037.22,12,40
4218103,8393,SC,Timbé do Sul,2010,3313301.87,12,121
4218202,8357,SC,Timbó,2010,8835471.06,12,34
4218251,9971,SC,Timbó Grande,2010,3313301.87,12,121
4218350,948,SC,Treviso,2010,3313301.87,12,121
4218509,8363,SC,Treze Tílias,2010,3313301.87,12,121
4218400,8361,SC,Treze de Maio,2010,3313301.87,12,121
4218608,8365,SC,Trombudo Central,2010,3313301.87,12,121
4218301,8359,SC,Três Barras,2010,6626603.41,12,49
4218707,8367,SC,Tubarão,2010,16566507.95,12,13
4218756,9991,SC,Tunápolis,2010,3313301.87,12,121
4218806,8369,SC,Turvo,2010,4417735.7,12,91
4218855,9973,SC,União do Oeste,2010,3313301.87,12,121
4218905,8371,SC,Urubici,2010,4417735.7,12,91
4218954,9975,SC,Urupema,2010,3313301.87,12,121
4219002,8373,SC,Urussanga,2010,6626603.41,12,49
4219150,5563,SC,Vargem,2010,3313301.87,12,121
4219176,5565,SC,Vargem Bonita,2010,3313301.87,12,121
4219101,8375,SC,Vargeão,2010,3313301.87,12,121
4219200,8377,SC,Vidal Ramos,2010,3313301.87,12,121
4219309,8379,SC,Videira,2010,11044338.77,12,27
4219358,9977,SC,Vitor Meireles,2010,3313301.87,12,121
4219408,8381,SC,Witmarsum,2010,3313301.87,12,121
4219507,8383,SC,Xanxerê,2010,9939904.95,12,30
4219606,8385,SC,Xavantina,2010,3313301.87,12,121
4219705,8387,SC,Xaxim,2010,7731037.22,12,40
4219853,950,SC,Zortéa,2010,3313304.05,12,120
4200408,8007,SC,Água Doce,2010,3313301.87,12,121
4200556,5577,SC,Águas Frias,2010,3313301.87,12,121
4200606,8011,SC,Águas Mornas,2010,3313301.87,12,121
4200507,8009,SC,Águas de Chapecó,2010,3313301.87,12,121
4200051,9939,SC,Abdon Batista,2011,4036297.96,12,123
4200101,8001,SC,Abelardo Luz,2011,8072595.5600000005,12,51
4200200,8003,SC,Agrolândia,2011,4036297.96,12,123
4200309,8005,SC,Agronômica,2011,4036297.96,12,123
4200705,8013,SC,Alfredo Wagner,2011,4036297.96,12,123
4200754,886,SC,Alto Bela Vista,2011,4036297.96,12,123
4200804,8015,SC,Anchieta,2011,4036297.96,12,123
4200903,8017,SC,Angelina,2011,4036297.96,12,123
4201000,8019,SC,Anita Garibaldi,2011,4036297.96,12,123
4201109,8021,SC,Anitápolis,2011,4036297.96,12,123
4201208,8023,SC,Antônio Carlos,2011,4036297.96,12,123
4201257,9941,SC,Apiúna,2011,4036297.96,12,123
4201273,5597,SC,Arabutã,2011,4036297.96,12,123
4201307,8025,SC,Araquari,2011,9418028.219999999,12,42
4201406,8027,SC,Araranguá,2011,16145191.01,12,15
4201505,8029,SC,Armazém,2011,4036297.96,12,123
4201604,8031,SC,Arroio Trinta,2011,4036297.96,12,123
4201653,5599,SC,Arvoredo,2011,4036297.96,12,123
4201703,8033,SC,Ascurra,2011,4036297.96,12,123
4201802,8035,SC,Atalanta,2011,4036297.96,12,123
4201901,8037,SC,Aurora,2011,4036297.96,12,123
4201950,888,SC,Balneário Arroio do Silva,2011,4036297.96,12,123
4202057,5549,SC,Balneário Barra do Sul,2011,4036297.96,12,123
4202008,8039,SC,Balneário Camboriú,2011,21526921.16,12,11
4202073,890,SC,Balneário Gaivota,2011,4036297.96,12,123
4212809,8251,SC,Balneário Piçarras,2011,8072595.5600000005,12,51
4202081,892,SC,Bandeirante,2011,4036297.96,12,123
4202099,894,SC,Barra Bonita,2011,4036297.96,12,123
4202107,8041,SC,Barra Velha,2011,8072595.5600000005,12,51
4202131,896,SC,Bela Vista do Toldo,2011,4036297.96,12,123
4202156,5745,SC,Belmonte,2011,4036297.96,12,123
4202206,8043,SC,Benedito Novo,2011,5381730.51,12,93
4202305,8045,SC,Biguaçu,2011,14799758.35,12,20
4202404,8047,SC,Blumenau,2011,35587448.51,12,2
4202438,898,SC,Bocaina do Sul,2011,4036297.96,12,123
4202503,8389,SC,Bom Jardim da Serra,2011,4036297.96,12,123
4202537,900,SC,Bom Jesus,2011,4036297.96,12,123
4202578,902,SC,Bom Jesus do Oeste,2011,4036297.96,12,123
4202602,8049,SC,Bom Retiro,2011,4036297.96,12,123
4202453,5537,SC,Bombinhas,2011,6727163.05,12,72
4202701,8051,SC,Botuverá,2011,4036297.96,12,123
4202800,8053,SC,Braço do Norte,2011,9418028.219999999,12,42
4202859,5557,SC,Braço do Trombudo,2011,4036297.96,12,123
4202875,904,SC,Brunópolis,2011,4036297.96,12,123
4202909,8055,SC,Brusque,2011,21526921.16,12,11
4203105,8059,SC,Caibi,2011,4036297.96,12,123
4203154,5553,SC,Calmon,2011,4036297.96,12,123
4203204,8061,SC,Camboriú,2011,16145191.01,12,15
4203303,8063,SC,Campo Alegre,2011,5381730.51,12,93
4203402,8065,SC,Campo Belo do Sul,2011,4036297.96,12,123
4203501,8067,SC,Campo Erê,2011,4036297.96,12,123
4203600,8069,SC,Campos Novos,2011,10763460.75,12,35
4203709,8071,SC,Canelinha,2011,5381730.51,12,93
4203808,8073,SC,Canoinhas,2011,14799758.35,12,20
4203907,8075,SC,Capinzal,2011,8072595.5600000005,12,51
4203956,5545,SC,Capivari de Baixo,2011,8072595.5600000005,12,51
4203253,906,SC,Capão Alto,2011,4036297.96,12,123
4204004,8077,SC,Catanduvas,2011,4036297.96,12,123
4204103,8079,SC,Caxambu do Sul,2011,4036297.96,12,123
4203006,8057,SC,Caçador,2011,16145191.01,12,15
4204152,9943,SC,Celso Ramos,2011,4036297.96,12,123
4204178,5567,SC,Cerro Negro,2011,4036297.96,12,123
4204194,908,SC,Chapadão do Lageado,2011,4036297.96,12,123
4204202,8081,SC,Chapecó,2011,35587448.51,12,2
4204251,5543,SC,Cocal do Sul,2011,6727163.05,12,72
4204301,8083,SC,Concórdia,2011,16145191.01,12,15
4204350,5579,SC,Cordilheira Alta,2011,4036297.96,12,123
4204400,8085,SC,Coronel Freitas,2011,5381730.51,12,93
4204459,5735,SC,Coronel Martins,2011,4036297.96,12,123
4204558,8395,SC,Correia Pinto,2011,6727163.05,12,72
4204509,8087,SC,Corupá,2011,6727163.05,12,72
4204608,8089,SC,Criciúma,2011,35587448.51,12,2
4204707,8091,SC,Cunha Porã,2011,5381730.51,12,93
4204756,910,SC,Cunhataí,2011,4036297.96,12,123
4204806,8093,SC,Curitibanos,2011,12108893.18,12,30
4204905,8095,SC,Descanso,2011,4036297.96,12,123
4205001,8097,SC,Dionísio Cerqueira,2011,6727163.05,12,72
4205100,8099,SC,Dona Emma,2011,4036297.96,12,123
4205159,9945,SC,Doutor Pedrinho,2011,4036297.96,12,123
4205175,912,SC,Entre Rios,2011,4036297.96,12,123
4205191,914,SC,Ermo,2011,4036297.96,12,123
4205209,8101,SC,Erval Velho,2011,4036297.96,12,123
4205308,8103,SC,Faxinal dos Guedes,2011,5381730.51,12,93
4205357,916,SC,Flor do Sertão,2011,4036297.96,12,123
4205407,8105,SC,Florianópolis,2011,71204520.84,12,1
4205431,5581,SC,Formosa do Sul,2011,4036297.96,12,123
4205456,973,SC,Forquilhinha,2011,8072595.5600000005,12,51
4205506,8107,SC,Fraiburgo,2011,10763460.75,12,35
4205555,918,SC,Frei Rogério,2011,4036297.96,12,123
4205605,8109,SC,Galvão,2011,4036297.96,12,123
4205704,8113,SC,Garopaba,2011,8072595.5600000005,12,51
4205803,8115,SC,Garuva,2011,6727163.05,12,72
4205902,8117,SC,Gaspar,2011,14799758.35,12,20
4206009,8111,SC,Governador Celso Ramos,2011,5381730.51,12,93
4206207,8121,SC,Gravatal,2011,5381730.51,12,93
4206108,8119,SC,Grão Pará,2011,4036297.96,12,123
4206306,8123,SC,Guabiruba,2011,8072595.5600000005,12,51
4206405,8125,SC,Guaraciaba,2011,5381730.51,12,93
4206504,8127,SC,Guaramirim,2011,10763460.75,12,35
4206603,8129,SC,Guarujá do Sul,2011,4036297.96,12,123
4206652,5583,SC,Guatambú,2011,4036297.96,12,123
4206702,8131,SC,Herval DOeste,2011,8072595.5600000005,12,51
4206751,920,SC,Ibiam,2011,4036297.96,12,123
4206801,8133,SC,Ibicaré,2011,4036297.96,12,123
4206900,8135,SC,Ibirama,2011,8072595.5600000005,12,51
4207106,8139,SC,Ilhota,2011,5381730.51,12,93
4207205,8141,SC,Imaruí,2011,5381730.51,12,93
4207304,8143,SC,Imbituba,2011,12108893.18,12,30
4207403,8145,SC,Imbuia,2011,4036297.96,12,123
4207502,8147,SC,Indaial,2011,14799758.35,12,20
4207577,922,SC,Iomerê,2011,4036297.96,12,123
4207601,8149,SC,Ipira,2011,4036297.96,12,123
4207650,9951,SC,Iporã do Oeste,2011,4036297.96,12,123
4207684,5737,SC,Ipuaçu,2011,4036297.96,12,123
4207700,8151,SC,Ipumirim,2011,4036297.96,12,123
4207759,9953,SC,Iraceminha,2011,4036297.96,12,123
4207809,8153,SC,Irani,2011,4036297.96,12,123
4207858,5585,SC,Irati,2011,4036297.96,12,123
4207908,8155,SC,Irineópolis,2011,5381730.51,12,93
4208104,8159,SC,Itaiópolis,2011,8072595.5600000005,12,51
4208203,8161,SC,Itajaí,2011,35587448.51,12,2
4208302,8163,SC,Itapema,2011,13454325.88,12,28
4208401,8165,SC,Itapiranga,2011,6727163.05,12,72
4208450,9985,SC,Itapoá,2011,6727163.05,12,72
4208500,8167,SC,Ituporanga,2011,8072595.5600000005,12,51
4208005,8157,SC,Itá,2011,4036297.96,12,123
4207007,8137,SC,Içara,2011,14799758.35,12,20
4208609,8169,SC,Jaborá,2011,4036297.96,12,123
4208708,8171,SC,Jacinto Machado,2011,5381730.51,12,93
4208807,8173,SC,Jaguaruna,2011,8072595.5600000005,12,51
4208906,8175,SC,Jaraguá do Sul,2011,34242015.94,12,9
4208955,5587,SC,Jardinópolis,2011,4036297.96,12,123
4209003,8177,SC,Joaçaba,2011,9418028.219999999,12,42
4209102,8179,SC,Joinville,2011,35587448.51,12,2
4209151,9957,SC,José Boiteux,2011,4036297.96,12,123
4209177,924,SC,Jupiá,2011,4036297.96,12,123
4209201,8181,SC,Lacerdópolis,2011,4036297.96,12,123
4209300,8183,SC,Lages,2011,35587448.51,12,2
4209409,8185,SC,Laguna,2011,14799758.35,12,20
4209458,5739,SC,Lajeado Grande,2011,4036297.96,12,123
4209508,8187,SC,Laurentino,2011,4036297.96,12,123
4209607,8189,SC,Lauro Muller,2011,6727163.05,12,72
4209706,8191,SC,Lebon Régis,2011,5381730.51,12,93
4209805,8193,SC,Leoberto Leal,2011,4036297.96,12,123
4209854,9961,SC,Lindóia do Sul,2011,4036297.96,12,123
4209904,8195,SC,Lontras,2011,5381730.51,12,93
4210001,8197,SC,Luiz Alves,2011,5381730.51,12,93
4210035,926,SC,Luzerna,2011,4036297.96,12,123
4210050,5575,SC,Macieira,2011,4036297.96,12,123
4210100,8199,SC,Mafra,2011,14799758.35,12,20
4210209,8201,SC,Major Gercino,2011,4036297.96,12,123
4210308,8203,SC,Major Vieira,2011,4036297.96,12,123
4210407,8391,SC,Maracajá,2011,4036297.96,12,123
4210506,8205,SC,Maravilha,2011,8072595.5600000005,12,51
4210555,9963,SC,Marema,2011,4036297.96,12,123
4210605,8207,SC,Massaranduba,2011,6727163.05,12,72
4210704,8209,SC,Matos Costa,2011,4036297.96,12,123
4210803,8211,SC,Meleiro,2011,4036297.96,12,123
4210852,5559,SC,Mirim Doce,2011,4036297.96,12,123
4210902,8213,SC,Modelo,2011,4036297.96,12,123
4211009,8215,SC,Mondaí,2011,5381730.51,12,93
4211058,5561,SC,Monte Carlo,2011,4036297.96,12,123
4211108,8217,SC,Monte Castelo,2011,4036297.96,12,123
4211256,5539,SC,Morro Grande,2011,4036297.96,12,123
4211207,8219,SC,Morro da Fumaça,2011,6727163.05,12,72
4211306,8221,SC,Navegantes,2011,14799758.35,12,20
4211405,8223,SC,Nova Erechim,2011,4036297.96,12,123
4211454,5589,SC,Nova Itaberaba,2011,4036297.96,12,123
4211504,8225,SC,Nova Trento,2011,5381730.51,12,93
4211603,8227,SC,Nova Veneza,2011,5381730.51,12,93
4211652,5591,SC,Novo Horizonte,2011,4036297.96,12,123
4211702,8229,SC,Orleans,2011,8072595.5600000005,12,51
4211751,8397,SC,Otacílio Costa,2011,6727163.05,12,72
4211801,8231,SC,Ouro,2011,4036297.96,12,123
4211850,5741,SC,Ouro Verde,2011,4036297.96,12,123
4211876,928,SC,Paial,2011,4036297.96,12,123
4211892,930,SC,Painel,2011,4036297.96,12,123
4211900,8233,SC,Palhoça,2011,24217786.21,12,10
4212007,8235,SC,Palma Sola,2011,4036297.96,12,123
4212056,932,SC,Palmeira,2011,4036297.96,12,123
4212106,8237,SC,Palmitos,2011,6727163.05,12,72
4212205,8239,SC,Papanduva,2011,8072595.5600000005,12,51
4212239,5747,SC,Paraíso,2011,4036297.96,12,123
4212254,5541,SC,Passo de Torres,2011,4036297.96,12,123
4212270,5743,SC,Passos Maia,2011,4036297.96,12,123
4212304,8241,SC,Paulo Lopes,2011,4036297.96,12,123
4212403,8243,SC,Pedras Grandes,2011,4036297.96,12,123
4212502,8245,SC,Penha,2011,9418028.219999999,12,42
4212601,8247,SC,Peritiba,2011,4036297.96,12,123
4212700,8249,SC,Petrolândia,2011,4036297.96,12,123
4212908,8253,SC,Pinhalzinho,2011,6727163.05,12,72
4213005,8255,SC,Pinheiro Preto,2011,4036297.96,12,123
4213104,8257,SC,Piratuba,2011,4036297.96,12,123
4213153,5593,SC,Planalto Alegre,2011,4036297.96,12,123
4213203,8259,SC,Pomerode,2011,9418028.219999999,12,42
4213302,8261,SC,Ponte Alta,2011,4036297.96,12,123
4213351,5569,SC,Ponte Alta do Norte,2011,4036297.96,12,123
4213401,8263,SC,Ponte Serrada,2011,5381730.51,12,93
4213500,8265,SC,Porto Belo,2011,6727163.05,12,72
4213609,8267,SC,Porto União,2011,10763460.75,12,35
4213708,8269,SC,Pouso Redondo,2011,6727163.05,12,72
4213807,8271,SC,Praia Grande,2011,4036297.96,12,123
4213906,8273,SC,Presidente Castelo Branco,2011,4036297.96,12,123
4214003,8275,SC,Presidente Getúlio,2011,6727163.05,12,72
4214102,8277,SC,Presidente Nereu,2011,4036297.96,12,123
4214151,934,SC,Princesa,2011,4036297.96,12,123
4214201,8279,SC,Quilombo,2011,5381730.51,12,93
4214300,8281,SC,Rancho Queimado,2011,4036297.96,12,123
4214904,8293,SC,Rio Fortuna,2011,4036297.96,12,123
4215000,8295,SC,Rio Negrinho,2011,12108893.18,12,30
4215059,5571,SC,Rio Rufino,2011,4036297.96,12,123
4214409,8283,SC,Rio das Antas,2011,4036297.96,12,123
4214508,8285,SC,Rio do Campo,2011,4036297.96,12,123
4214607,8287,SC,Rio do Oeste,2011,4036297.96,12,123
4214805,8291,SC,Rio do Sul,2011,16145191.01,12,15
4214706,8289,SC,Rio dos Cedros,2011,5381730.51,12,93
4215075,5749,SC,Riqueza,2011,4036297.96,12,123
4215109,8297,SC,Rodeio,2011,5381730.51,12,93
4215208,8299,SC,Romelândia,2011,4036297.96,12,123
4215307,8301,SC,Salete,2011,4036297.96,12,123
4215356,936,SC,Saltinho,2011,4036297.96,12,123
4215406,8303,SC,Salto Veloso,2011,4036297.96,12,123
4215455,5547,SC,Sangão,2011,5381730.51,12,93
4215505,8305,SC,Santa Cecília,2011,6727163.05,12,72
4215554,5751,SC,Santa Helena,2011,4036297.96,12,123
4215604,8307,SC,Santa Rosa de Lima,2011,4036297.96,12,123
4215653,9967,SC,Santa Rosa do Sul,2011,4036297.96,12,123
4215679,5555,SC,Santa Terezinha,2011,4036297.96,12,123
4215687,938,SC,Santa Terezinha do Progresso,2011,4036297.96,12,123
4215695,940,SC,Santiago do Sul,2011,4036297.96,12,123
4215703,8309,SC,Santo Amaro da Imperatriz,2011,8072595.5600000005,12,51
4217303,8341,SC,Saudades,2011,4036297.96,12,123
4217402,8343,SC,Schroeder,2011,6727163.05,12,72
4217501,8345,SC,Seara,2011,6727163.05,12,72
4217550,9989,SC,Serra Alta,2011,4036297.96,12,123
4217600,8347,SC,Siderópolis,2011,5381730.51,12,93
4217709,8349,SC,Sombrio,2011,9418028.219999999,12,42
4217758,5595,SC,Sul Brasil,2011,4036297.96,12,123
4215802,8311,SC,São Bento do Sul,2011,17490623.52,12,14
4215752,942,SC,São Bernardino,2011,4036297.96,12,123
4215901,8313,SC,São Bonifácio,2011,4036297.96,12,123
4216008,8315,SC,São Carlos,2011,5381730.51,12,93
4216057,5573,SC,São Cristovão do Sul,2011,4036297.96,12,123
4216107,8317,SC,São Domingos,2011,4036297.96,12,123
4216206,8319,SC,São Francisco do Sul,2011,12108893.18,12,30
4216503,8325,SC,São Joaquim,2011,9418028.219999999,12,42
4216602,8327,SC,São José,2011,35587448.51,12,2
4216701,8329,SC,São José do Cedro,2011,6727163.05,12,72
4216800,8331,SC,São José do Cerrito,2011,4036297.96,12,123
4216305,8321,SC,São João Batista,2011,9418028.219999999,12,42
4216354,5551,SC,São João do Itaperiú,2011,4036297.96,12,123
4216255,5753,SC,São João do Oeste,2011,4036297.96,12,123
4216404,8323,SC,São João do Sul,2011,4036297.96,12,123
4216909,8333,SC,São Lourenço do Oeste,2011,8072595.5600000005,12,51
4217006,8335,SC,São Ludgero,2011,5381730.51,12,93
4217105,8337,SC,São Martinho,2011,4036297.96,12,123
4217204,8339,SC,São Miguel DOeste,2011,10763460.75,12,35
4217154,5755,SC,São Miguel da Boa Vista,2011,4036297.96,12,123
4217253,944,SC,São Pedro de Alcântara,2011,4036297.96,12,123
4217808,8351,SC,Taió,2011,8072595.5600000005,12,51
4217907,8353,SC,Tangará,2011,4036297.96,12,123
4217956,946,SC,Tigrinhos,2011,4036297.96,12,123
4218004,8355,SC,Tijucas,2011,10763460.75,12,35
4218103,8393,SC,Timbé do Sul,2011,4036297.96,12,123
4218202,8357,SC,Timbó,2011,10763460.75,12,35
4218251,9971,SC,Timbó Grande,2011,4036297.96,12,123
4218350,948,SC,Treviso,2011,4036297.96,12,123
4218509,8363,SC,Treze Tílias,2011,4036297.96,12,123
4218400,8361,SC,Treze de Maio,2011,4036297.96,12,123
4218608,8365,SC,Trombudo Central,2011,4036297.96,12,123
4218301,8359,SC,Três Barras,2011,8072595.5600000005,12,51
4218707,8367,SC,Tubarão,2011,20181488.59,12,13
4218756,9991,SC,Tunápolis,2011,4036297.96,12,123
4218806,8369,SC,Turvo,2011,5381730.51,12,93
4218855,9973,SC,União do Oeste,2011,4036297.96,12,123
4218905,8371,SC,Urubici,2011,5381730.51,12,93
4218954,9975,SC,Urupema,2011,4036297.96,12,123
4219002,8373,SC,Urussanga,2011,8072595.5600000005,12,51
4219150,5563,SC,Vargem,2011,4036297.96,12,123
4219176,5565,SC,Vargem Bonita,2011,4036297.96,12,123
4219101,8375,SC,Vargeão,2011,4036297.96,12,123
4219200,8377,SC,Vidal Ramos,2011,4036297.96,12,123
4219309,8379,SC,Videira,2011,13454325.88,12,28
4219358,9977,SC,Vitor Meireles,2011,4036297.96,12,123
4219408,8381,SC,Witmarsum,2011,4036297.96,12,123
4219507,8383,SC,Xanxerê,2011,12108893.18,12,30
4219606,8385,SC,Xavantina,2011,4036297.96,12,123
4219705,8387,SC,Xaxim,2011,9418028.219999999,12,42
4219853,950,SC,Zortéa,2011,4036303.61,12,122
4200408,8007,SC,Água Doce,2011,4036297.96,12,123
4200556,5577,SC,Águas Frias,2011,4036297.96,12,123
4200606,8011,SC,Águas Mornas,2011,4036297.96,12,123
4200507,8009,SC,Águas de Chapecó,2011,4036297.96,12,123
4200051,9939,SC,Abdon Batista,2012,4152986.33,12,122
4200101,8001,SC,Abelardo Luz,2012,8305972.27,12,51
4200200,8003,SC,Agrolândia,2012,4152986.33,12,122
4200309,8005,SC,Agronômica,2012,4152986.33,12,122
4200705,8013,SC,Alfredo Wagner,2012,4152986.33,12,122
4200754,886,SC,Alto Bela Vista,2012,4152986.33,12,122
4200804,8015,SC,Anchieta,2012,4152986.33,12,122
4200903,8017,SC,Angelina,2012,4152986.33,12,122
4201000,8019,SC,Anita Garibaldi,2012,4152986.33,12,122
4201109,8021,SC,Anitápolis,2012,4152986.33,12,122
4201208,8023,SC,Antônio Carlos,2012,4152986.33,12,122
4201257,9941,SC,Apiúna,2012,4152986.33,12,122
4201273,5597,SC,Arabutã,2012,4152986.33,12,122
4201307,8025,SC,Araquari,2012,9690300.85,12,42
4201406,8027,SC,Araranguá,2012,16611944.09,12,16
4201505,8029,SC,Armazém,2012,4152986.33,12,122
4201604,8031,SC,Arroio Trinta,2012,4152986.33,12,122
4201653,5599,SC,Arvoredo,2012,4152986.33,12,122
4201703,8033,SC,Ascurra,2012,4152986.33,12,122
4201802,8035,SC,Atalanta,2012,4152986.33,12,122
4201901,8037,SC,Aurora,2012,4152986.33,12,122
4201950,888,SC,Balneário Arroio do Silva,2012,4152986.33,12,122
4202057,5549,SC,Balneário Barra do Sul,2012,4152986.33,12,122
4202008,8039,SC,Balneário Camboriú,2012,22149258.65,12,11
4202073,890,SC,Balneário Gaivota,2012,4152986.33,12,122
4212809,8251,SC,Balneário Piçarras,2012,8305972.27,12,51
4202081,892,SC,Bandeirante,2012,4152986.33,12,122
4202099,894,SC,Barra Bonita,2012,4152986.33,12,122
4202107,8041,SC,Barra Velha,2012,8305972.27,12,51
4202131,896,SC,Bela Vista do Toldo,2012,4152986.33,12,122
4202156,5745,SC,Belmonte,2012,4152986.33,12,122
4202206,8043,SC,Benedito Novo,2012,5537314.93,12,93
4202305,8045,SC,Biguaçu,2012,15227615.49,12,21
4202404,8047,SC,Blumenau,2012,36576955.07,12,2
4202438,898,SC,Bocaina do Sul,2012,4152986.33,12,122
4202503,8389,SC,Bom Jardim da Serra,2012,4152986.33,12,122
4202537,900,SC,Bom Jesus,2012,4152986.33,12,122
4202578,902,SC,Bom Jesus do Oeste,2012,4152986.33,12,122
4202602,8049,SC,Bom Retiro,2012,4152986.33,12,122
4202453,5537,SC,Bombinhas,2012,6921643.56,12,72
4202701,8051,SC,Botuverá,2012,4152986.33,12,122
4202800,8053,SC,Braço do Norte,2012,9690300.85,12,42
4202859,5557,SC,Braço do Trombudo,2012,4152986.33,12,122
4202875,904,SC,Brunópolis,2012,4152986.33,12,122
4202909,8055,SC,Brusque,2012,22149258.65,12,11
4203105,8059,SC,Caibi,2012,4152986.33,12,122
4203154,5553,SC,Calmon,2012,4152986.33,12,122
4203204,8061,SC,Camboriú,2012,16611944.09,12,16
4203303,8063,SC,Campo Alegre,2012,5537314.93,12,93
4203402,8065,SC,Campo Belo do Sul,2012,4152986.33,12,122
4203501,8067,SC,Campo Erê,2012,4152986.33,12,122
4203600,8069,SC,Campos Novos,2012,11074629.5,12,35
4203709,8071,SC,Canelinha,2012,5537314.93,12,93
4203808,8073,SC,Canoinhas,2012,15227615.49,12,21
4203907,8075,SC,Capinzal,2012,8305972.27,12,51
4203956,5545,SC,Capivari de Baixo,2012,8305972.27,12,51
4203253,906,SC,Capão Alto,2012,4152986.33,12,122
4204004,8077,SC,Catanduvas,2012,4152986.33,12,122
4204103,8079,SC,Caxambu do Sul,2012,4152986.33,12,122
4203006,8057,SC,Caçador,2012,17996272.78,12,14
4204152,9943,SC,Celso Ramos,2012,4152986.33,12,122
4204178,5567,SC,Cerro Negro,2012,4152986.33,12,122
4204194,908,SC,Chapadão do Lageado,2012,4152986.33,12,122
4204202,8081,SC,Chapecó,2012,36576955.07,12,2
4204251,5543,SC,Cocal do Sul,2012,6921643.56,12,72
4204301,8083,SC,Concórdia,2012,16611944.09,12,16
4204350,5579,SC,Cordilheira Alta,2012,4152986.33,12,122
4204400,8085,SC,Coronel Freitas,2012,5537314.93,12,93
4204459,5735,SC,Coronel Martins,2012,4152986.33,12,122
4204558,8395,SC,Correia Pinto,2012,6921643.56,12,72
4204509,8087,SC,Corupá,2012,6921643.56,12,72
4204608,8089,SC,Criciúma,2012,36576955.07,12,2
4204707,8091,SC,Cunha Porã,2012,5537314.93,12,93
4204756,910,SC,Cunhataí,2012,4152986.33,12,122
4204806,8093,SC,Curitibanos,2012,12458958.15,12,31
4204905,8095,SC,Descanso,2012,4152986.33,12,122
4205001,8097,SC,Dionísio Cerqueira,2012,6921643.56,12,72
4205100,8099,SC,Dona Emma,2012,4152986.33,12,122
4205159,9945,SC,Doutor Pedrinho,2012,4152986.33,12,122
4205175,912,SC,Entre Rios,2012,4152986.33,12,122
4205191,914,SC,Ermo,2012,4152986.33,12,122
4205209,8101,SC,Erval Velho,2012,4152986.33,12,122
4205308,8103,SC,Faxinal dos Guedes,2012,5537314.93,12,93
4205357,916,SC,Flor do Sertão,2012,4152986.33,12,122
4205407,8105,SC,Florianópolis,2012,73609203.77,12,1
4205431,5581,SC,Formosa do Sul,2012,4152986.33,12,122
4205456,973,SC,Forquilhinha,2012,8305972.27,12,51
4205506,8107,SC,Fraiburgo,2012,11074629.5,12,35
4205555,918,SC,Frei Rogério,2012,4152986.33,12,122
4205605,8109,SC,Galvão,2012,4152986.33,12,122
4205704,8113,SC,Garopaba,2012,8305972.27,12,51
4205803,8115,SC,Garuva,2012,6921643.56,12,72
4205902,8117,SC,Gaspar,2012,15227615.49,12,21
4206009,8111,SC,Governador Celso Ramos,2012,5537314.93,12,93
4206207,8121,SC,Gravatal,2012,5537314.93,12,93
4206108,8119,SC,Grão Pará,2012,4152986.33,12,122
4206306,8123,SC,Guabiruba,2012,8305972.27,12,51
4206405,8125,SC,Guaraciaba,2012,5537314.93,12,93
4206504,8127,SC,Guaramirim,2012,11074629.5,12,35
4206603,8129,SC,Guarujá do Sul,2012,4152986.33,12,122
4206652,5583,SC,Guatambú,2012,4152986.33,12,122
4206702,8131,SC,Herval DOeste,2012,8305972.27,12,51
4206751,920,SC,Ibiam,2012,4152986.33,12,122
4206801,8133,SC,Ibicaré,2012,4152986.33,12,122
4206900,8135,SC,Ibirama,2012,8305972.27,12,51
4207106,8139,SC,Ilhota,2012,5537314.93,12,93
4207205,8141,SC,Imaruí,2012,5537314.93,12,93
4207304,8143,SC,Imbituba,2012,12458958.15,12,31
4207403,8145,SC,Imbuia,2012,4152986.33,12,122
4207502,8147,SC,Indaial,2012,15227615.49,12,21
4207577,922,SC,Iomerê,2012,4152986.33,12,122
4207601,8149,SC,Ipira,2012,4152986.33,12,122
4207650,9951,SC,Iporã do Oeste,2012,4152986.33,12,122
4207684,5737,SC,Ipuaçu,2012,4152986.33,12,122
4207700,8151,SC,Ipumirim,2012,4152986.33,12,122
4207759,9953,SC,Iraceminha,2012,4152986.33,12,122
4207809,8153,SC,Irani,2012,4152986.33,12,122
4207858,5585,SC,Irati,2012,4152986.33,12,122
4207908,8155,SC,Irineópolis,2012,5537314.93,12,93
4208104,8159,SC,Itaiópolis,2012,8305972.27,12,51
4208203,8161,SC,Itajaí,2012,36576955.07,12,2
4208302,8163,SC,Itapema,2012,13843286.850000001,12,28
4208401,8165,SC,Itapiranga,2012,6921643.56,12,72
4208450,9985,SC,Itapoá,2012,6921643.56,12,72
4208500,8167,SC,Ituporanga,2012,8305972.27,12,51
4208005,8157,SC,Itá,2012,4152986.33,12,122
4207007,8137,SC,Içara,2012,15227615.49,12,21
4208609,8169,SC,Jaborá,2012,4152986.33,12,122
4208708,8171,SC,Jacinto Machado,2012,5537314.93,12,93
4208807,8173,SC,Jaguaruna,2012,8305972.27,12,51
4208906,8175,SC,Jaraguá do Sul,2012,35192626.35,12,9
4208955,5587,SC,Jardinópolis,2012,4152986.33,12,122
4209003,8177,SC,Joaçaba,2012,9690300.85,12,42
4209102,8179,SC,Joinville,2012,36576955.07,12,2
4209151,9957,SC,José Boiteux,2012,4152986.33,12,122
4209177,924,SC,Jupiá,2012,4152986.33,12,122
4209201,8181,SC,Lacerdópolis,2012,4152986.33,12,122
4209300,8183,SC,Lages,2012,36576955.07,12,2
4209409,8185,SC,Laguna,2012,15227615.49,12,21
4209458,5739,SC,Lajeado Grande,2012,4152986.33,12,122
4209508,8187,SC,Laurentino,2012,4152986.33,12,122
4209607,8189,SC,Lauro Muller,2012,6921643.56,12,72
4209706,8191,SC,Lebon Régis,2012,5537314.93,12,93
4209805,8193,SC,Leoberto Leal,2012,4152986.33,12,122
4209854,9961,SC,Lindóia do Sul,2012,4152986.33,12,122
4209904,8195,SC,Lontras,2012,5537314.93,12,93
4210001,8197,SC,Luiz Alves,2012,5537314.93,12,93
4210035,926,SC,Luzerna,2012,4152986.33,12,122
4210050,5575,SC,Macieira,2012,4152986.33,12,122
4210100,8199,SC,Mafra,2012,15227615.49,12,21
4210209,8201,SC,Major Gercino,2012,4152986.33,12,122
4210308,8203,SC,Major Vieira,2012,4152986.33,12,122
4210407,8391,SC,Maracajá,2012,4152986.33,12,122
4210506,8205,SC,Maravilha,2012,8305972.27,12,51
4210555,9963,SC,Marema,2012,4152986.33,12,122
4210605,8207,SC,Massaranduba,2012,6921643.56,12,72
4210704,8209,SC,Matos Costa,2012,4152986.33,12,122
4210803,8211,SC,Meleiro,2012,4152986.33,12,122
4210852,5559,SC,Mirim Doce,2012,4152986.33,12,122
4210902,8213,SC,Modelo,2012,4152986.33,12,122
4211009,8215,SC,Mondaí,2012,5537314.93,12,93
4211058,5561,SC,Monte Carlo,2012,4152986.33,12,122
4211108,8217,SC,Monte Castelo,2012,4152986.33,12,122
4211256,5539,SC,Morro Grande,2012,4152986.33,12,122
4211207,8219,SC,Morro da Fumaça,2012,6921643.56,12,72
4211306,8221,SC,Navegantes,2012,16611944.09,12,16
4211405,8223,SC,Nova Erechim,2012,4152986.33,12,122
4211454,5589,SC,Nova Itaberaba,2012,4152986.33,12,122
4211504,8225,SC,Nova Trento,2012,5537314.93,12,93
4211603,8227,SC,Nova Veneza,2012,5537314.93,12,93
4211652,5591,SC,Novo Horizonte,2012,4152986.33,12,122
4211702,8229,SC,Orleans,2012,8305972.27,12,51
4211751,8397,SC,Otacílio Costa,2012,6921643.56,12,72
4211801,8231,SC,Ouro,2012,4152986.33,12,122
4211850,5741,SC,Ouro Verde,2012,4152986.33,12,122
4211876,928,SC,Paial,2012,4152986.33,12,122
4211892,930,SC,Painel,2012,4152986.33,12,122
4211900,8233,SC,Palhoça,2012,24917916.03,12,10
4212007,8235,SC,Palma Sola,2012,4152986.33,12,122
4212056,932,SC,Palmeira,2012,4152986.33,12,122
4212106,8237,SC,Palmitos,2012,6921643.56,12,72
4212205,8239,SC,Papanduva,2012,8305972.27,12,51
4212239,5747,SC,Paraíso,2012,4152986.33,12,122
4212254,5541,SC,Passo de Torres,2012,4152986.33,12,122
4212270,5743,SC,Passos Maia,2012,4152986.33,12,122
4212304,8241,SC,Paulo Lopes,2012,4152986.33,12,122
4212403,8243,SC,Pedras Grandes,2012,4152986.33,12,122
4212502,8245,SC,Penha,2012,9690300.85,12,42
4212601,8247,SC,Peritiba,2012,4152986.33,12,122
4212700,8249,SC,Petrolândia,2012,4152986.33,12,122
4212908,8253,SC,Pinhalzinho,2012,6921643.56,12,72
4213005,8255,SC,Pinheiro Preto,2012,4152986.33,12,122
4213104,8257,SC,Piratuba,2012,4152986.33,12,122
4213153,5593,SC,Planalto Alegre,2012,4152986.33,12,122
4213203,8259,SC,Pomerode,2012,9690300.85,12,42
4213302,8261,SC,Ponte Alta,2012,4152986.33,12,122
4213351,5569,SC,Ponte Alta do Norte,2012,4152986.33,12,122
4213401,8263,SC,Ponte Serrada,2012,5537314.93,12,93
4213500,8265,SC,Porto Belo,2012,6921643.56,12,72
4213609,8267,SC,Porto União,2012,11074629.5,12,35
4213708,8269,SC,Pouso Redondo,2012,6921643.56,12,72
4213807,8271,SC,Praia Grande,2012,4152986.33,12,122
4213906,8273,SC,Presidente Castelo Branco,2012,4152986.33,12,122
4214003,8275,SC,Presidente Getúlio,2012,6921643.56,12,72
4214102,8277,SC,Presidente Nereu,2012,4152986.33,12,122
4214151,934,SC,Princesa,2012,4152986.33,12,122
4214201,8279,SC,Quilombo,2012,5537314.93,12,93
4214300,8281,SC,Rancho Queimado,2012,4152986.33,12,122
4214904,8293,SC,Rio Fortuna,2012,4152986.33,12,122
4215000,8295,SC,Rio Negrinho,2012,12458958.15,12,31
4215059,5571,SC,Rio Rufino,2012,4152986.33,12,122
4214409,8283,SC,Rio das Antas,2012,4152986.33,12,122
4214508,8285,SC,Rio do Campo,2012,4152986.33,12,122
4214607,8287,SC,Rio do Oeste,2012,4152986.33,12,122
4214805,8291,SC,Rio do Sul,2012,16611944.09,12,16
4214706,8289,SC,Rio dos Cedros,2012,5537314.93,12,93
4215075,5749,SC,Riqueza,2012,4152986.33,12,122
4215109,8297,SC,Rodeio,2012,5537314.93,12,93
4215208,8299,SC,Romelândia,2012,4152986.33,12,122
4215307,8301,SC,Salete,2012,4152986.33,12,122
4215356,936,SC,Saltinho,2012,4152986.33,12,122
4215406,8303,SC,Salto Veloso,2012,4152986.33,12,122
4215455,5547,SC,Sangão,2012,5537314.93,12,93
4215505,8305,SC,Santa Cecília,2012,6921643.56,12,72
4215554,5751,SC,Santa Helena,2012,4152986.33,12,122
4215604,8307,SC,Santa Rosa de Lima,2012,4152986.33,12,122
4215653,9967,SC,Santa Rosa do Sul,2012,4152986.33,12,122
4215679,5555,SC,Santa Terezinha,2012,4152986.33,12,122
4215687,938,SC,Santa Terezinha do Progresso,2012,4152986.33,12,122
4215695,940,SC,Santiago do Sul,2012,4152986.33,12,122
4215703,8309,SC,Santo Amaro da Imperatriz,2012,8305972.27,12,51
4217303,8341,SC,Saudades,2012,4152986.33,12,122
4217402,8343,SC,Schroeder,2012,6921643.56,12,72
4217501,8345,SC,Seara,2012,6921643.56,12,72
4217550,9989,SC,Serra Alta,2012,4152986.33,12,122
4217600,8347,SC,Siderópolis,2012,5537314.93,12,93
4217709,8349,SC,Sombrio,2012,9690300.85,12,42
4217758,5595,SC,Sul Brasil,2012,4152986.33,12,122
4215802,8311,SC,São Bento do Sul,2012,17996272.78,12,14
4215752,942,SC,São Bernardino,2012,4152986.33,12,122
4215901,8313,SC,São Bonifácio,2012,4152986.33,12,122
4216008,8315,SC,São Carlos,2012,5537314.93,12,93
4216057,5573,SC,São Cristovão do Sul,2012,4152986.33,12,122
4216107,8317,SC,São Domingos,2012,4152986.33,12,122
4216206,8319,SC,São Francisco do Sul,2012,12458958.15,12,31
4216503,8325,SC,São Joaquim,2012,9690300.85,12,42
4216602,8327,SC,São José,2012,36576955.07,12,2
4216701,8329,SC,São José do Cedro,2012,6921643.56,12,72
4216800,8331,SC,São José do Cerrito,2012,4152986.33,12,122
4216305,8321,SC,São João Batista,2012,9690300.85,12,42
4216354,5551,SC,São João do Itaperiú,2012,4152986.33,12,122
4216255,5753,SC,São João do Oeste,2012,4152986.33,12,122
4216404,8323,SC,São João do Sul,2012,4152986.33,12,122
4216909,8333,SC,São Lourenço do Oeste,2012,8305972.27,12,51
4217006,8335,SC,São Ludgero,2012,5537314.93,12,93
4217105,8337,SC,São Martinho,2012,4152986.33,12,122
4217204,8339,SC,São Miguel DOeste,2012,11074629.5,12,35
4217154,5755,SC,São Miguel da Boa Vista,2012,4152986.33,12,122
4217253,944,SC,São Pedro de Alcântara,2012,4152986.33,12,122
4217808,8351,SC,Taió,2012,8305972.27,12,51
4217907,8353,SC,Tangará,2012,4152986.33,12,122
4217956,946,SC,Tigrinhos,2012,4152986.33,12,122
4218004,8355,SC,Tijucas,2012,11074629.5,12,35
4218103,8393,SC,Timbé do Sul,2012,4152986.33,12,122
4218202,8357,SC,Timbó,2012,11074629.5,12,35
4218251,9971,SC,Timbó Grande,2012,4152986.33,12,122
4218350,948,SC,Treviso,2012,4152986.33,12,122
4218509,8363,SC,Treze Tílias,2012,4152986.33,12,122
4218400,8361,SC,Treze de Maio,2012,4152986.33,12,122
4218608,8365,SC,Trombudo Central,2012,4152986.33,12,122
4218301,8359,SC,Três Barras,2012,8305972.27,12,51
4218707,8367,SC,Tubarão,2012,20764930.09,12,13
4218756,9991,SC,Tunápolis,2012,4152986.33,12,122
4218806,8369,SC,Turvo,2012,5537314.93,12,93
4218855,9973,SC,União do Oeste,2012,4152986.33,12,122
4218905,8371,SC,Urubici,2012,5537314.93,12,93
4218954,9975,SC,Urupema,2012,4152986.33,12,122
4219002,8373,SC,Urussanga,2012,8305972.27,12,51
4219150,5563,SC,Vargem,2012,4152986.33,12,122
4219176,5565,SC,Vargem Bonita,2012,4152986.33,12,122
4219101,8375,SC,Vargeão,2012,4152986.33,12,122
4219200,8377,SC,Vidal Ramos,2012,4152986.33,12,122
4219309,8379,SC,Videira,2012,13843286.850000001,12,28
4219358,9977,SC,Vitor Meireles,2012,4152986.33,12,122
4219408,8381,SC,Witmarsum,2012,4152986.33,12,122
4219507,8383,SC,Xanxerê,2012,13843286.850000001,12,28
4219606,8385,SC,Xavantina,2012,4152986.33,12,122
4219705,8387,SC,Xaxim,2012,9690300.85,12,42
4219853,950,SC,Zortéa,2012,4152983.43,12,293
4200408,8007,SC,Água Doce,2012,4152986.33,12,122
4200556,5577,SC,Águas Frias,2012,4152986.33,12,122
4200606,8011,SC,Águas Mornas,2012,4152986.33,12,122
4200507,8009,SC,Águas de Chapecó,2012,4152986.33,12,122
4200051,9939,SC,Abdon Batista,2013,4453954.73,12,122
4200101,8001,SC,Abelardo Luz,2013,8907909.1,12,51
4200200,8003,SC,Agrolândia,2013,4453954.73,12,122
4200309,8005,SC,Agronômica,2013,4453954.73,12,122
4200705,8013,SC,Alfredo Wagner,2013,4453954.73,12,122
4200754,886,SC,Alto Bela Vista,2013,4453954.73,12,122
4200804,8015,SC,Anchieta,2013,4453954.73,12,122
4200903,8017,SC,Angelina,2013,4453954.73,12,122
4201000,8019,SC,Anita Garibaldi,2013,4453954.73,12,122
4201109,8021,SC,Anitápolis,2013,4453954.73,12,122
4201208,8023,SC,Antônio Carlos,2013,4453954.73,12,122
4201257,9941,SC,Apiúna,2013,4453954.73,12,122
4201273,5597,SC,Arabutã,2013,4453954.73,12,122
4201307,8025,SC,Araquari,2013,10392560.64,12,42
4201406,8027,SC,Araranguá,2013,17815817.98,12,16
4201505,8029,SC,Armazém,2013,4453954.73,12,122
4201604,8031,SC,Arroio Trinta,2013,4453954.73,12,122
4201653,5599,SC,Arvoredo,2013,4453954.73,12,122
4201703,8033,SC,Ascurra,2013,4453954.73,12,122
4201802,8035,SC,Atalanta,2013,4453954.73,12,122
4201901,8037,SC,Aurora,2013,4453954.73,12,122
4201950,888,SC,Balneário Arroio do Silva,2013,4453954.73,12,122
4202057,5549,SC,Balneário Barra do Sul,2013,4453954.73,12,122
4202008,8039,SC,Balneário Camboriú,2013,23754423.88,12,11
4202073,890,SC,Balneário Gaivota,2013,4453954.73,12,122
4212809,8251,SC,Balneário Piçarras,2013,8907909.1,12,51
4220000,1192,SC,Balneário Rincão,2013,5938606.19,12,93
4202081,892,SC,Bandeirante,2013,4453954.73,12,122
4202099,894,SC,Barra Bonita,2013,4453954.73,12,122
4202107,8041,SC,Barra Velha,2013,8907909.1,12,51
4202131,896,SC,Bela Vista do Toldo,2013,4453954.73,12,122
4202156,5745,SC,Belmonte,2013,4453954.73,12,122
4202206,8043,SC,Benedito Novo,2013,5938606.19,12,93
4202305,8045,SC,Biguaçu,2013,16331166.47,12,21
4202404,8047,SC,Blumenau,2013,39175414.3,12,2
4202438,898,SC,Bocaina do Sul,2013,4453954.73,12,122
4202503,8389,SC,Bom Jardim da Serra,2013,4453954.73,12,122
4202537,900,SC,Bom Jesus,2013,4453954.73,12,122
4202578,902,SC,Bom Jesus do Oeste,2013,4453954.73,12,122
4202602,8049,SC,Bom Retiro,2013,4453954.73,12,122
4202453,5537,SC,Bombinhas,2013,7423257.68,12,73
4202701,8051,SC,Botuverá,2013,4453954.73,12,122
4202800,8053,SC,Braço do Norte,2013,10392560.64,12,42
4202859,5557,SC,Braço do Trombudo,2013,4453954.73,12,122
4202875,904,SC,Brunópolis,2013,4453954.73,12,122
4202909,8055,SC,Brusque,2013,23754423.88,12,11
4203105,8059,SC,Caibi,2013,4453954.73,12,122
4203154,5553,SC,Calmon,2013,4453954.73,12,122
4203204,8061,SC,Camboriú,2013,17815817.98,12,16
4203303,8063,SC,Campo Alegre,2013,5938606.19,12,93
4203402,8065,SC,Campo Belo do Sul,2013,4453954.73,12,122
4203501,8067,SC,Campo Erê,2013,4453954.73,12,122
4203600,8069,SC,Campos Novos,2013,11877212.05,12,36
4203709,8071,SC,Canelinha,2013,5938606.19,12,93
4203808,8073,SC,Canoinhas,2013,16331166.47,12,21
4203907,8075,SC,Capinzal,2013,8907909.1,12,51
4203956,5545,SC,Capivari de Baixo,2013,8907909.1,12,51
4203253,906,SC,Capão Alto,2013,4453954.73,12,122
4204004,8077,SC,Catanduvas,2013,4453954.73,12,122
4204103,8079,SC,Caxambu do Sul,2013,4453954.73,12,122
4203006,8057,SC,Caçador,2013,19300469.44,12,14
4204152,9943,SC,Celso Ramos,2013,4453954.73,12,122
4204178,5567,SC,Cerro Negro,2013,4453954.73,12,122
4204194,908,SC,Chapadão do Lageado,2013,4453954.73,12,122
4204202,8081,SC,Chapecó,2013,39175414.3,12,2
4204251,5543,SC,Cocal do Sul,2013,7423257.68,12,73
4204301,8083,SC,Concórdia,2013,17815817.98,12,16
4204350,5579,SC,Cordilheira Alta,2013,4453954.73,12,122
4204400,8085,SC,Coronel Freitas,2013,4453954.73,12,122
4204459,5735,SC,Coronel Martins,2013,4453954.73,12,122
4204558,8395,SC,Correia Pinto,2013,7423257.68,12,73
4204509,8087,SC,Corupá,2013,7423257.68,12,73
4204608,8089,SC,Criciúma,2013,39175414.3,12,2
4204707,8091,SC,Cunha Porã,2013,5938606.19,12,93
4204756,910,SC,Cunhataí,2013,4453954.73,12,122
4204806,8093,SC,Curitibanos,2013,13361863.51,12,30
4204905,8095,SC,Descanso,2013,4453954.73,12,122
4205001,8097,SC,Dionísio Cerqueira,2013,7423257.68,12,73
4205100,8099,SC,Dona Emma,2013,4453954.73,12,122
4205159,9945,SC,Doutor Pedrinho,2013,4453954.73,12,122
4205175,912,SC,Entre Rios,2013,4453954.73,12,122
4205191,914,SC,Ermo,2013,4453954.73,12,122
4205209,8101,SC,Erval Velho,2013,4453954.73,12,122
4205308,8103,SC,Faxinal dos Guedes,2013,5938606.19,12,93
4205357,916,SC,Flor do Sertão,2013,4453954.73,12,122
4205407,8105,SC,Florianópolis,2013,78843374.92,12,1
4205431,5581,SC,Formosa do Sul,2013,4453954.73,12,122
4205456,973,SC,Forquilhinha,2013,8907909.1,12,51
4205506,8107,SC,Fraiburgo,2013,11877212.05,12,36
4205555,918,SC,Frei Rogério,2013,4453954.73,12,122
4205605,8109,SC,Galvão,2013,4453954.73,12,122
4205704,8113,SC,Garopaba,2013,8907909.1,12,51
4205803,8115,SC,Garuva,2013,7423257.68,12,73
4205902,8117,SC,Gaspar,2013,16331166.47,12,21
4206009,8111,SC,Governador Celso Ramos,2013,5938606.19,12,93
4206207,8121,SC,Gravatal,2013,5938606.19,12,93
4206108,8119,SC,Grão Pará,2013,4453954.73,12,122
4206306,8123,SC,Guabiruba,2013,8907909.1,12,51
4206405,8125,SC,Guaraciaba,2013,5938606.19,12,93
4206504,8127,SC,Guaramirim,2013,11877212.05,12,36
4206603,8129,SC,Guarujá do Sul,2013,4453954.73,12,122
4206652,5583,SC,Guatambú,2013,4453954.73,12,122
4206702,8131,SC,Herval DOeste,2013,8907909.1,12,51
4206751,920,SC,Ibiam,2013,4453954.73,12,122
4206801,8133,SC,Ibicaré,2013,4453954.73,12,122
4206900,8135,SC,Ibirama,2013,8907909.1,12,51
4207106,8139,SC,Ilhota,2013,5938606.19,12,93
4207205,8141,SC,Imaruí,2013,5938606.19,12,93
4207304,8143,SC,Imbituba,2013,13361863.51,12,30
4207403,8145,SC,Imbuia,2013,4453954.73,12,122
4207502,8147,SC,Indaial,2013,16331166.47,12,21
4207577,922,SC,Iomerê,2013,4453954.73,12,122
4207601,8149,SC,Ipira,2013,4453954.73,12,122
4207650,9951,SC,Iporã do Oeste,2013,4453954.73,12,122
4207684,5737,SC,Ipuaçu,2013,4453954.73,12,122
4207700,8151,SC,Ipumirim,2013,4453954.73,12,122
4207759,9953,SC,Iraceminha,2013,4453954.73,12,122
4207809,8153,SC,Irani,2013,4453954.73,12,122
4207858,5585,SC,Irati,2013,4453954.73,12,122
4207908,8155,SC,Irineópolis,2013,5938606.19,12,93
4208104,8159,SC,Itaiópolis,2013,8907909.1,12,51
4208203,8161,SC,Itajaí,2013,39175414.3,12,2
4208302,8163,SC,Itapema,2013,14846515.02,12,26
4208401,8165,SC,Itapiranga,2013,7423257.68,12,73
4208450,9985,SC,Itapoá,2013,7423257.68,12,73
4208500,8167,SC,Ituporanga,2013,8907909.1,12,51
4208005,8157,SC,Itá,2013,4453954.73,12,122
4207007,8137,SC,Içara,2013,14846515.02,12,26
4208609,8169,SC,Jaborá,2013,4453954.73,12,122
4208708,8171,SC,Jacinto Machado,2013,5938606.19,12,93
4208807,8173,SC,Jaguaruna,2013,8907909.1,12,51
4208906,8175,SC,Jaraguá do Sul,2013,37690762.82,12,9
4208955,5587,SC,Jardinópolis,2013,4453954.73,12,122
4209003,8177,SC,Joaçaba,2013,10392560.64,12,42
4209102,8179,SC,Joinville,2013,39175414.3,12,2
4209151,9957,SC,José Boiteux,2013,4453954.73,12,122
4209177,924,SC,Jupiá,2013,4453954.73,12,122
4209201,8181,SC,Lacerdópolis,2013,4453954.73,12,122
4209300,8183,SC,Lages,2013,39175414.3,12,2
4209409,8185,SC,Laguna,2013,13361863.51,12,30
4209458,5739,SC,Lajeado Grande,2013,4453954.73,12,122
4209508,8187,SC,Laurentino,2013,4453954.73,12,122
4209607,8189,SC,Lauro Muller,2013,7423257.68,12,73
4209706,8191,SC,Lebon Régis,2013,5938606.19,12,93
4209805,8193,SC,Leoberto Leal,2013,4453954.73,12,122
4209854,9961,SC,Lindóia do Sul,2013,4453954.73,12,122
4209904,8195,SC,Lontras,2013,5938606.19,12,93
4210001,8197,SC,Luiz Alves,2013,5938606.19,12,93
4210035,926,SC,Luzerna,2013,4453954.73,12,122
4210050,5575,SC,Macieira,2013,4453954.73,12,122
4210100,8199,SC,Mafra,2013,16331166.47,12,21
4210209,8201,SC,Major Gercino,2013,4453954.73,12,122
4210308,8203,SC,Major Vieira,2013,4453954.73,12,122
4210407,8391,SC,Maracajá,2013,4453954.73,12,122
4210506,8205,SC,Maravilha,2013,8907909.1,12,51
4210555,9963,SC,Marema,2013,4453954.73,12,122
4210605,8207,SC,Massaranduba,2013,7423257.68,12,73
4210704,8209,SC,Matos Costa,2013,4453954.73,12,122
4210803,8211,SC,Meleiro,2013,4453954.73,12,122
4210852,5559,SC,Mirim Doce,2013,4453954.73,12,122
4210902,8213,SC,Modelo,2013,4453954.73,12,122
4211009,8215,SC,Mondaí,2013,5938606.19,12,93
4211058,5561,SC,Monte Carlo,2013,4453954.73,12,122
4211108,8217,SC,Monte Castelo,2013,4453954.73,12,122
4211256,5539,SC,Morro Grande,2013,4453954.73,12,122
4211207,8219,SC,Morro da Fumaça,2013,7423257.68,12,73
4211306,8221,SC,Navegantes,2013,17815817.98,12,16
4211405,8223,SC,Nova Erechim,2013,4453954.73,12,122
4211454,5589,SC,Nova Itaberaba,2013,4453954.73,12,122
4211504,8225,SC,Nova Trento,2013,5938606.19,12,93
4211603,8227,SC,Nova Veneza,2013,5938606.19,12,93
4211652,5591,SC,Novo Horizonte,2013,4453954.73,12,122
4211702,8229,SC,Orleans,2013,8907909.1,12,51
4211751,8397,SC,Otacílio Costa,2013,7423257.68,12,73
4211801,8231,SC,Ouro,2013,4453954.73,12,122
4211850,5741,SC,Ouro Verde,2013,4453954.73,12,122
4211876,928,SC,Paial,2013,4453954.73,12,122
4211892,930,SC,Painel,2013,4453954.73,12,122
4211900,8233,SC,Palhoça,2013,26723726.810000002,12,10
4212007,8235,SC,Palma Sola,2013,4453954.73,12,122
4212056,932,SC,Palmeira,2013,4453954.73,12,122
4212106,8237,SC,Palmitos,2013,7423257.68,12,73
4212205,8239,SC,Papanduva,2013,8907909.1,12,51
4212239,5747,SC,Paraíso,2013,4453954.73,12,122
4212254,5541,SC,Passo de Torres,2013,4453954.73,12,122
4212270,5743,SC,Passos Maia,2013,4453954.73,12,122
4212304,8241,SC,Paulo Lopes,2013,4453954.73,12,122
4212403,8243,SC,Pedras Grandes,2013,4453954.73,12,122
4212502,8245,SC,Penha,2013,10392560.64,12,42
4212601,8247,SC,Peritiba,2013,4453954.73,12,122
4212650,1194,SC,Pescaria Brava,2013,4453959.41,12,121
4212700,8249,SC,Petrolândia,2013,4453954.73,12,122
4212908,8253,SC,Pinhalzinho,2013,7423257.68,12,73
4213005,8255,SC,Pinheiro Preto,2013,4453954.73,12,122
4213104,8257,SC,Piratuba,2013,4453954.73,12,122
4213153,5593,SC,Planalto Alegre,2013,4453954.73,12,122
4213203,8259,SC,Pomerode,2013,10392560.64,12,42
4213302,8261,SC,Ponte Alta,2013,4453954.73,12,122
4213351,5569,SC,Ponte Alta do Norte,2013,4453954.73,12,122
4213401,8263,SC,Ponte Serrada,2013,5938606.19,12,93
4213500,8265,SC,Porto Belo,2013,7423257.68,12,73
4213609,8267,SC,Porto União,2013,11877212.05,12,36
4213708,8269,SC,Pouso Redondo,2013,7423257.68,12,73
4213807,8271,SC,Praia Grande,2013,4453954.73,12,122
4213906,8273,SC,Presidente Castelo Branco,2013,4453954.73,12,122
4214003,8275,SC,Presidente Getúlio,2013,7423257.68,12,73
4214102,8277,SC,Presidente Nereu,2013,4453954.73,12,122
4214151,934,SC,Princesa,2013,4453954.73,12,122
4214201,8279,SC,Quilombo,2013,4453954.73,12,122
4214300,8281,SC,Rancho Queimado,2013,4453954.73,12,122
4214904,8293,SC,Rio Fortuna,2013,4453954.73,12,122
4215000,8295,SC,Rio Negrinho,2013,13361863.51,12,30
4215059,5571,SC,Rio Rufino,2013,4453954.73,12,122
4214409,8283,SC,Rio das Antas,2013,4453954.73,12,122
4214508,8285,SC,Rio do Campo,2013,4453954.73,12,122
4214607,8287,SC,Rio do Oeste,2013,4453954.73,12,122
4214805,8291,SC,Rio do Sul,2013,17815817.98,12,16
4214706,8289,SC,Rio dos Cedros,2013,5938606.19,12,93
4215075,5749,SC,Riqueza,2013,4453954.73,12,122
4215109,8297,SC,Rodeio,2013,5938606.19,12,93
4215208,8299,SC,Romelândia,2013,4453954.73,12,122
4215307,8301,SC,Salete,2013,4453954.73,12,122
4215356,936,SC,Saltinho,2013,4453954.73,12,122
4215406,8303,SC,Salto Veloso,2013,4453954.73,12,122
4215455,5547,SC,Sangão,2013,5938606.19,12,93
4215505,8305,SC,Santa Cecília,2013,7423257.68,12,73
4215554,5751,SC,Santa Helena,2013,4453954.73,12,122
4215604,8307,SC,Santa Rosa de Lima,2013,4453954.73,12,122
4215653,9967,SC,Santa Rosa do Sul,2013,4453954.73,12,122
4215679,5555,SC,Santa Terezinha,2013,4453954.73,12,122
4215687,938,SC,Santa Terezinha do Progresso,2013,4453954.73,12,122
4215695,940,SC,Santiago do Sul,2013,4453954.73,12,122
4215703,8309,SC,Santo Amaro da Imperatriz,2013,8907909.1,12,51
4217303,8341,SC,Saudades,2013,4453954.73,12,122
4217402,8343,SC,Schroeder,2013,7423257.68,12,73
4217501,8345,SC,Seara,2013,8907909.1,12,51
4217550,9989,SC,Serra Alta,2013,4453954.73,12,122
4217600,8347,SC,Siderópolis,2013,5938606.19,12,93
4217709,8349,SC,Sombrio,2013,10392560.64,12,42
4217758,5595,SC,Sul Brasil,2013,4453954.73,12,122
4215802,8311,SC,São Bento do Sul,2013,19300469.44,12,14
4215752,942,SC,São Bernardino,2013,4453954.73,12,122
4215901,8313,SC,São Bonifácio,2013,4453954.73,12,122
4216008,8315,SC,São Carlos,2013,5938606.19,12,93
4216057,5573,SC,São Cristovão do Sul,2013,4453954.73,12,122
4216107,8317,SC,São Domingos,2013,4453954.73,12,122
4216206,8319,SC,São Francisco do Sul,2013,13361863.51,12,30
4216503,8325,SC,São Joaquim,2013,10392560.64,12,42
4216602,8327,SC,São José,2013,39175414.3,12,2
4216701,8329,SC,São José do Cedro,2013,7423257.68,12,73
4216800,8331,SC,São José do Cerrito,2013,4453954.73,12,122
4216305,8321,SC,São João Batista,2013,10392560.64,12,42
4216354,5551,SC,São João do Itaperiú,2013,4453954.73,12,122
4216255,5753,SC,São João do Oeste,2013,4453954.73,12,122
4216404,8323,SC,São João do Sul,2013,4453954.73,12,122
4216909,8333,SC,São Lourenço do Oeste,2013,8907909.1,12,51
4217006,8335,SC,São Ludgero,2013,5938606.19,12,93
4217105,8337,SC,São Martinho,2013,4453954.73,12,122
4217204,8339,SC,São Miguel DOeste,2013,11877212.05,12,36
4217154,5755,SC,São Miguel da Boa Vista,2013,4453954.73,12,122
4217253,944,SC,São Pedro de Alcântara,2013,4453954.73,12,122
4217808,8351,SC,Taió,2013,8907909.1,12,51
4217907,8353,SC,Tangará,2013,4453954.73,12,122
4217956,946,SC,Tigrinhos,2013,4453954.73,12,122
4218004,8355,SC,Tijucas,2013,11877212.05,12,36
4218103,8393,SC,Timbé do Sul,2013,4453954.73,12,122
4218202,8357,SC,Timbó,2013,13361863.51,12,30
4218251,9971,SC,Timbó Grande,2013,4453954.73,12,122
4218350,948,SC,Treviso,2013,4453954.73,12,122
4218509,8363,SC,Treze Tílias,2013,4453954.73,12,122
4218400,8361,SC,Treze de Maio,2013,4453954.73,12,122
4218608,8365,SC,Trombudo Central,2013,4453954.73,12,122
4218301,8359,SC,Três Barras,2013,8907909.1,12,51
4218707,8367,SC,Tubarão,2013,22269772.36,12,13
4218756,9991,SC,Tunápolis,2013,4453954.73,12,122
4218806,8369,SC,Turvo,2013,5938606.19,12,93
4218855,9973,SC,União do Oeste,2013,4453954.73,12,122
4218905,8371,SC,Urubici,2013,5938606.19,12,93
4218954,9975,SC,Urupema,2013,4453954.73,12,122
4219002,8373,SC,Urussanga,2013,8907909.1,12,51
4219150,5563,SC,Vargem,2013,4453954.73,12,122
4219176,5565,SC,Vargem Bonita,2013,4453954.73,12,122
4219101,8375,SC,Vargeão,2013,4453954.73,12,122
4219200,8377,SC,Vidal Ramos,2013,4453954.73,12,122
4219309,8379,SC,Videira,2013,14846515.02,12,26
4219358,9977,SC,Vitor Meireles,2013,4453954.73,12,122
4219408,8381,SC,Witmarsum,2013,4453954.73,12,122
4219507,8383,SC,Xanxerê,2013,14846515.02,12,26
4219606,8385,SC,Xavantina,2013,4453954.73,12,122
4219705,8387,SC,Xaxim,2013,10392560.64,12,42
4219853,950,SC,Zortéa,2013,4453954.73,12,122
4200408,8007,SC,Água Doce,2013,4453954.73,12,122
4200556,5577,SC,Águas Frias,2013,4453954.73,12,122
4200606,8011,SC,Águas Mornas,2013,4453954.73,12,122
4200507,8009,SC,Águas de Chapecó,2013,4453954.73,12,122
4200051,9939,SC,Abdon Batista,2014,4773764.0600000005,12,125
4200101,8001,SC,Abelardo Luz,2014,9547527.85,12,53
4200200,8003,SC,Agrolândia,2014,4773764.0600000005,12,125
4200309,8005,SC,Agronômica,2014,4773764.0600000005,12,125
4200705,8013,SC,Alfredo Wagner,2014,4773764.0600000005,12,125
4200754,886,SC,Alto Bela Vista,2014,4773764.0600000005,12,125
4200804,8015,SC,Anchieta,2014,4773764.0600000005,12,125
4200903,8017,SC,Angelina,2014,4773764.0600000005,12,125
4201000,8019,SC,Anita Garibaldi,2014,4773764.0600000005,12,125
4201109,8021,SC,Anitápolis,2014,4773764.0600000005,12,125
4201208,8023,SC,Antônio Carlos,2014,4773764.0600000005,12,125
4201257,9941,SC,Apiúna,2014,4773764.0600000005,12,125
4201273,5597,SC,Arabutã,2014,4773764.0600000005,12,125
4201307,8025,SC,Araquari,2014,11138782.43,12,43
4201406,8027,SC,Araranguá,2014,19095055.42,12,17
4201505,8029,SC,Armazém,2014,4773764.0600000005,12,125
4201604,8031,SC,Arroio Trinta,2014,4773764.0600000005,12,125
4201653,5599,SC,Arvoredo,2014,4773764.0600000005,12,125
4201703,8033,SC,Ascurra,2014,4773764.0600000005,12,125
4201802,8035,SC,Atalanta,2014,4773764.0600000005,12,125
4201901,8037,SC,Aurora,2014,4773764.0600000005,12,125
4201950,888,SC,Balneário Arroio do Silva,2014,6365018.68,12,95
4202057,5549,SC,Balneário Barra do Sul,2014,4773764.0600000005,12,125
4202008,8039,SC,Balneário Camboriú,2014,27051328.41,12,11
4202073,890,SC,Balneário Gaivota,2014,4773764.0600000005,12,125
4212809,8251,SC,Balneário Piçarras,2014,9547527.85,12,53
4220000,1192,SC,Balneário Rincão,2014,6365018.68,12,95
4202081,892,SC,Bandeirante,2014,4773764.0600000005,12,125
4202099,894,SC,Barra Bonita,2014,4773764.0600000005,12,125
4202107,8041,SC,Barra Velha,2014,11138782.43,12,43
4202131,896,SC,Bela Vista do Toldo,2014,4773764.0600000005,12,125
4202156,5745,SC,Belmonte,2014,4773764.0600000005,12,125
4202206,8043,SC,Benedito Novo,2014,6365018.68,12,95
4202305,8045,SC,Biguaçu,2014,19095055.42,12,17
4202404,8047,SC,Blumenau,2014,41827828.32,12,2
4202438,898,SC,Bocaina do Sul,2014,4773764.0600000005,12,125
4202503,8389,SC,Bom Jardim da Serra,2014,4773764.0600000005,12,125
4202537,900,SC,Bom Jesus,2014,4773764.0600000005,12,125
4202578,902,SC,Bom Jesus do Oeste,2014,4773764.0600000005,12,125
4202602,8049,SC,Bom Retiro,2014,4773764.0600000005,12,125
4202453,5537,SC,Bombinhas,2014,7956273.31,12,77
4202701,8051,SC,Botuverá,2014,4773764.0600000005,12,125
4202800,8053,SC,Braço do Norte,2014,12730037.030000001,12,38
4202859,5557,SC,Braço do Trombudo,2014,4773764.0600000005,12,125
4202875,904,SC,Brunópolis,2014,4773764.0600000005,12,125
4202909,8055,SC,Brusque,2014,27051328.41,12,11
4203105,8059,SC,Caibi,2014,4773764.0600000005,12,125
4203154,5553,SC,Calmon,2014,4773764.0600000005,12,125
4203204,8061,SC,Camboriú,2014,19095055.42,12,17
4203303,8063,SC,Campo Alegre,2014,6365018.68,12,95
4203402,8065,SC,Campo Belo do Sul,2014,4773764.0600000005,12,125
4203501,8067,SC,Campo Erê,2014,4773764.0600000005,12,125
4203600,8069,SC,Campos Novos,2014,12730037.030000001,12,38
4203709,8071,SC,Canelinha,2014,6365018.68,12,95
4203808,8073,SC,Canoinhas,2014,17503800.78,12,23
4203907,8075,SC,Capinzal,2014,9547527.85,12,53
4203956,5545,SC,Capivari de Baixo,2014,9547527.85,12,53
4203253,906,SC,Capão Alto,2014,4773764.0600000005,12,125
4204004,8077,SC,Catanduvas,2014,4773764.0600000005,12,125
4204103,8079,SC,Caxambu do Sul,2014,4773764.0600000005,12,125
4203006,8057,SC,Caçador,2014,20686310.05,12,14
4204152,9943,SC,Celso Ramos,2014,4773764.0600000005,12,125
4204178,5567,SC,Cerro Negro,2014,4773764.0600000005,12,125
4204194,908,SC,Chapadão do Lageado,2014,4773764.0600000005,12,125
4204202,8081,SC,Chapecó,2014,41827828.32,12,2
4204251,5543,SC,Cocal do Sul,2014,7956273.31,12,77
4204301,8083,SC,Concórdia,2014,20686310.05,12,14
4204350,5579,SC,Cordilheira Alta,2014,4773764.0600000005,12,125
4204400,8085,SC,Coronel Freitas,2014,6365018.68,12,95
4204459,5735,SC,Coronel Martins,2014,4773764.0600000005,12,125
4204558,8395,SC,Correia Pinto,2014,7956273.31,12,77
4204509,8087,SC,Corupá,2014,7956273.31,12,77
4204608,8089,SC,Criciúma,2014,41827828.32,12,2
4204707,8091,SC,Cunha Porã,2014,6365018.68,12,95
4204756,910,SC,Cunhataí,2014,4773764.0600000005,12,125
4204806,8093,SC,Curitibanos,2014,14321291.66,12,31
4204905,8095,SC,Descanso,2014,4773764.0600000005,12,125
4205001,8097,SC,Dionísio Cerqueira,2014,7956273.31,12,77
4205100,8099,SC,Dona Emma,2014,4773764.0600000005,12,125
4205159,9945,SC,Doutor Pedrinho,2014,4773764.0600000005,12,125
4205175,912,SC,Entre Rios,2014,4773764.0600000005,12,125
4205191,914,SC,Ermo,2014,4773764.0600000005,12,125
4205209,8101,SC,Erval Velho,2014,4773764.0600000005,12,125
4205308,8103,SC,Faxinal dos Guedes,2014,6365018.68,12,95
4205357,916,SC,Flor do Sertão,2014,4773764.0600000005,12,125
4205407,8105,SC,Florianópolis,2014,87215868.0,12,1
4205431,5581,SC,Formosa do Sul,2014,4773764.0600000005,12,125
4205456,973,SC,Forquilhinha,2014,11138782.43,12,43
4205506,8107,SC,Fraiburgo,2014,12730037.030000001,12,38
4205555,918,SC,Frei Rogério,2014,4773764.0600000005,12,125
4205605,8109,SC,Galvão,2014,4773764.0600000005,12,125
4205704,8113,SC,Garopaba,2014,9547527.85,12,53
4205803,8115,SC,Garuva,2014,7956273.31,12,77
4205902,8117,SC,Gaspar,2014,19095055.42,12,17
4206009,8111,SC,Governador Celso Ramos,2014,7956273.31,12,77
4206207,8121,SC,Gravatal,2014,6365018.68,12,95
4206108,8119,SC,Grão Pará,2014,4773764.0600000005,12,125
4206306,8123,SC,Guabiruba,2014,9547527.85,12,53
4206405,8125,SC,Guaraciaba,2014,6365018.68,12,95
4206504,8127,SC,Guaramirim,2014,14321291.66,12,31
4206603,8129,SC,Guarujá do Sul,2014,4773764.0600000005,12,125
4206652,5583,SC,Guatambú,2014,4773764.0600000005,12,125
4206702,8131,SC,Herval DOeste,2014,9547527.85,12,53
4206751,920,SC,Ibiam,2014,4773764.0600000005,12,125
4206801,8133,SC,Ibicaré,2014,4773764.0600000005,12,125
4206900,8135,SC,Ibirama,2014,9547527.85,12,53
4207106,8139,SC,Ilhota,2014,6365018.68,12,95
4207205,8141,SC,Imaruí,2014,6365018.68,12,95
4207304,8143,SC,Imbituba,2014,14321291.66,12,31
4207403,8145,SC,Imbuia,2014,4773764.0600000005,12,125
4207502,8147,SC,Indaial,2014,17503800.78,12,23
4207577,922,SC,Iomerê,2014,4773764.0600000005,12,125
4207601,8149,SC,Ipira,2014,4773764.0600000005,12,125
4207650,9951,SC,Iporã do Oeste,2014,4773764.0600000005,12,125
4207684,5737,SC,Ipuaçu,2014,4773764.0600000005,12,125
4207700,8151,SC,Ipumirim,2014,4773764.0600000005,12,125
4207759,9953,SC,Iraceminha,2014,4773764.0600000005,12,125
4207809,8153,SC,Irani,2014,4773764.0600000005,12,125
4207858,5585,SC,Irati,2014,4773764.0600000005,12,125
4207908,8155,SC,Irineópolis,2014,6365018.68,12,95
4208104,8159,SC,Itaiópolis,2014,9547527.85,12,53
4208203,8161,SC,Itajaí,2014,41827828.32,12,2
4208302,8163,SC,Itapema,2014,17503800.78,12,23
4208401,8165,SC,Itapiranga,2014,7956273.31,12,77
4208450,9985,SC,Itapoá,2014,7956273.31,12,77
4208500,8167,SC,Ituporanga,2014,9547527.85,12,53
4208005,8157,SC,Itá,2014,4773764.0600000005,12,125
4207007,8137,SC,Içara,2014,17503800.78,12,23
4208609,8169,SC,Jaborá,2014,4773764.0600000005,12,125
4208708,8171,SC,Jacinto Machado,2014,6365018.68,12,95
4208807,8173,SC,Jaguaruna,2014,9547527.85,12,53
4208906,8175,SC,Jaraguá do Sul,2014,41827828.32,12,2
4208955,5587,SC,Jardinópolis,2014,4773764.0600000005,12,125
4209003,8177,SC,Joaçaba,2014,11138782.43,12,43
4209102,8179,SC,Joinville,2014,41827828.32,12,2
4209151,9957,SC,José Boiteux,2014,4773764.0600000005,12,125
4209177,924,SC,Jupiá,2014,4773764.0600000005,12,125
4209201,8181,SC,Lacerdópolis,2014,4773764.0600000005,12,125
4209300,8183,SC,Lages,2014,41827828.32,12,2
4209409,8185,SC,Laguna,2014,14321291.66,12,31
4209458,5739,SC,Lajeado Grande,2014,4773764.0600000005,12,125
4209508,8187,SC,Laurentino,2014,4773764.0600000005,12,125
4209607,8189,SC,Lauro Muller,2014,7956273.31,12,77
4209706,8191,SC,Lebon Régis,2014,6365018.68,12,95
4209805,8193,SC,Leoberto Leal,2014,4773764.0600000005,12,125
4209854,9961,SC,Lindóia do Sul,2014,4773764.0600000005,12,125
4209904,8195,SC,Lontras,2014,6365018.68,12,95
4210001,8197,SC,Luiz Alves,2014,6365018.68,12,95
4210035,926,SC,Luzerna,2014,4773764.0600000005,12,125
4210050,5575,SC,Macieira,2014,4773764.0600000005,12,125
4210100,8199,SC,Mafra,2014,17503800.78,12,23
4210209,8201,SC,Major Gercino,2014,4773764.0600000005,12,125
4210308,8203,SC,Major Vieira,2014,4773764.0600000005,12,125
4210407,8391,SC,Maracajá,2014,4773764.0600000005,12,125
4210506,8205,SC,Maravilha,2014,9547527.85,12,53
4210555,9963,SC,Marema,2014,4773764.0600000005,12,125
4210605,8207,SC,Massaranduba,2014,7956273.31,12,77
4210704,8209,SC,Matos Costa,2014,4773764.0600000005,12,125
4210803,8211,SC,Meleiro,2014,4773764.0600000005,12,125
4210852,5559,SC,Mirim Doce,2014,4773764.0600000005,12,125
4210902,8213,SC,Modelo,2014,4773764.0600000005,12,125
4211009,8215,SC,Mondaí,2014,6365018.68,12,95
4211058,5561,SC,Monte Carlo,2014,4773764.0600000005,12,125
4211108,8217,SC,Monte Castelo,2014,4773764.0600000005,12,125
4211256,5539,SC,Morro Grande,2014,4773764.0600000005,12,125
4211207,8219,SC,Morro da Fumaça,2014,7956273.31,12,77
4211306,8221,SC,Navegantes,2014,19095055.42,12,17
4211405,8223,SC,Nova Erechim,2014,4773764.0600000005,12,125
4211454,5589,SC,Nova Itaberaba,2014,4773764.0600000005,12,125
4211504,8225,SC,Nova Trento,2014,6365018.68,12,95
4211603,8227,SC,Nova Veneza,2014,7956273.31,12,77
4211652,5591,SC,Novo Horizonte,2014,4773764.0600000005,12,125
4211702,8229,SC,Orleans,2014,9547527.85,12,53
4211751,8397,SC,Otacílio Costa,2014,9547527.85,12,53
4211801,8231,SC,Ouro,2014,4773764.0600000005,12,125
4211850,5741,SC,Ouro Verde,2014,4773764.0600000005,12,125
4211876,928,SC,Paial,2014,4773764.0600000005,12,125
4211892,930,SC,Painel,2014,4773764.0600000005,12,125
4211900,8233,SC,Palhoça,2014,40236573.71,12,10
4212007,8235,SC,Palma Sola,2014,4773764.0600000005,12,125
4212056,932,SC,Palmeira,2014,4773764.0600000005,12,125
4212106,8237,SC,Palmitos,2014,7956273.31,12,77
4212205,8239,SC,Papanduva,2014,9547527.85,12,53
4212239,5747,SC,Paraíso,2014,4773764.0600000005,12,125
4212254,5541,SC,Passo de Torres,2014,4773764.0600000005,12,125
4212270,5743,SC,Passos Maia,2014,4773764.0600000005,12,125
4212304,8241,SC,Paulo Lopes,2014,4773764.0600000005,12,125
4212403,8243,SC,Pedras Grandes,2014,4773764.0600000005,12,125
4212502,8245,SC,Penha,2014,11138782.43,12,43
4212601,8247,SC,Peritiba,2014,4773764.0600000005,12,125
4212650,1194,SC,Pescaria Brava,2014,4773764.1899999995,12,124
4212700,8249,SC,Petrolândia,2014,4773764.0600000005,12,125
4212908,8253,SC,Pinhalzinho,2014,9547527.85,12,53
4213005,8255,SC,Pinheiro Preto,2014,4773764.0600000005,12,125
4213104,8257,SC,Piratuba,2014,4773764.0600000005,12,125
4213153,5593,SC,Planalto Alegre,2014,4773764.0600000005,12,125
4213203,8259,SC,Pomerode,2014,11138782.43,12,43
4213302,8261,SC,Ponte Alta,2014,4773764.0600000005,12,125
4213351,5569,SC,Ponte Alta do Norte,2014,4773764.0600000005,12,125
4213401,8263,SC,Ponte Serrada,2014,6365018.68,12,95
4213500,8265,SC,Porto Belo,2014,9547527.85,12,53
4213609,8267,SC,Porto União,2014,12730037.030000001,12,38
4213708,8269,SC,Pouso Redondo,2014,7956273.31,12,77
4213807,8271,SC,Praia Grande,2014,4773764.0600000005,12,125
4213906,8273,SC,Presidente Castelo Branco,2014,4773764.0600000005,12,125
4214003,8275,SC,Presidente Getúlio,2014,7956273.31,12,77
4214102,8277,SC,Presidente Nereu,2014,4773764.0600000005,12,125
4214151,934,SC,Princesa,2014,4773764.0600000005,12,125
4214201,8279,SC,Quilombo,2014,6365018.68,12,95
4214300,8281,SC,Rancho Queimado,2014,4773764.0600000005,12,125
4214904,8293,SC,Rio Fortuna,2014,4773764.0600000005,12,125
4215000,8295,SC,Rio Negrinho,2014,14321291.66,12,31
4215059,5571,SC,Rio Rufino,2014,4773764.0600000005,12,125
4214409,8283,SC,Rio das Antas,2014,4773764.0600000005,12,125
4214508,8285,SC,Rio do Campo,2014,4773764.0600000005,12,125
4214607,8287,SC,Rio do Oeste,2014,4773764.0600000005,12,125
4214805,8291,SC,Rio do Sul,2014,19095055.42,12,17
4214706,8289,SC,Rio dos Cedros,2014,6365018.68,12,95
4215075,5749,SC,Riqueza,2014,4773764.0600000005,12,125
4215109,8297,SC,Rodeio,2014,6365018.68,12,95
4215208,8299,SC,Romelândia,2014,4773764.0600000005,12,125
4215307,8301,SC,Salete,2014,4773764.0600000005,12,125
4215356,936,SC,Saltinho,2014,4773764.0600000005,12,125
4215406,8303,SC,Salto Veloso,2014,4773764.0600000005,12,125
4215455,5547,SC,Sangão,2014,6365018.68,12,95
4215505,8305,SC,Santa Cecília,2014,7956273.31,12,77
4215554,5751,SC,Santa Helena,2014,4773764.0600000005,12,125
4215604,8307,SC,Santa Rosa de Lima,2014,4773764.0600000005,12,125
4215653,9967,SC,Santa Rosa do Sul,2014,4773764.0600000005,12,125
4215679,5555,SC,Santa Terezinha,2014,4773764.0600000005,12,125
4215687,938,SC,Santa Terezinha do Progresso,2014,4773764.0600000005,12,125
4215695,940,SC,Santiago do Sul,2014,4773764.0600000005,12,125
4215703,8309,SC,Santo Amaro da Imperatriz,2014,9547527.85,12,53
4217303,8341,SC,Saudades,2014,4773764.0600000005,12,125
4217402,8343,SC,Schroeder,2014,9547527.85,12,53
4217501,8345,SC,Seara,2014,9547527.85,12,53
4217550,9989,SC,Serra Alta,2014,4773764.0600000005,12,125
4217600,8347,SC,Siderópolis,2014,6365018.68,12,95
4217709,8349,SC,Sombrio,2014,11138782.43,12,43
4217758,5595,SC,Sul Brasil,2014,4773764.0600000005,12,125
4215802,8311,SC,São Bento do Sul,2014,20686310.05,12,14
4215752,942,SC,São Bernardino,2014,4773764.0600000005,12,125
4215901,8313,SC,São Bonifácio,2014,4773764.0600000005,12,125
4216008,8315,SC,São Carlos,2014,6365018.68,12,95
4216057,5573,SC,São Cristovão do Sul,2014,4773764.0600000005,12,125
4216107,8317,SC,São Domingos,2014,4773764.0600000005,12,125
4216206,8319,SC,São Francisco do Sul,2014,15912546.24,12,28
4216503,8325,SC,São Joaquim,2014,11138782.43,12,43
4216602,8327,SC,São José,2014,41827828.32,12,2
4216701,8329,SC,São José do Cedro,2014,7956273.31,12,77
4216800,8331,SC,São José do Cerrito,2014,4773764.0600000005,12,125
4216305,8321,SC,São João Batista,2014,11138782.43,12,43
4216354,5551,SC,São João do Itaperiú,2014,4773764.0600000005,12,125
4216255,5753,SC,São João do Oeste,2014,4773764.0600000005,12,125
4216404,8323,SC,São João do Sul,2014,4773764.0600000005,12,125
4216909,8333,SC,São Lourenço do Oeste,2014,9547527.85,12,53
4217006,8335,SC,São Ludgero,2014,6365018.68,12,95
4217105,8337,SC,São Martinho,2014,4773764.0600000005,12,125
4217204,8339,SC,São Miguel DOeste,2014,14321291.66,12,31
4217154,5755,SC,São Miguel da Boa Vista,2014,4773764.0600000005,12,125
4217253,944,SC,São Pedro de Alcântara,2014,4773764.0600000005,12,125
4217808,8351,SC,Taió,2014,9547527.85,12,53
4217907,8353,SC,Tangará,2014,4773764.0600000005,12,125
4217956,946,SC,Tigrinhos,2014,4773764.0600000005,12,125
4218004,8355,SC,Tijucas,2014,12730037.030000001,12,38
4218103,8393,SC,Timbé do Sul,2014,4773764.0600000005,12,125
4218202,8357,SC,Timbó,2014,14321291.66,12,31
4218251,9971,SC,Timbó Grande,2014,4773764.0600000005,12,125
4218350,948,SC,Treviso,2014,4773764.0600000005,12,125
4218509,8363,SC,Treze Tílias,2014,4773764.0600000005,12,125
4218400,8361,SC,Treze de Maio,2014,4773764.0600000005,12,125
4218608,8365,SC,Trombudo Central,2014,4773764.0600000005,12,125
4218301,8359,SC,Três Barras,2014,9547527.85,12,53
4218707,8367,SC,Tubarão,2014,23868819.22,12,13
4218756,9991,SC,Tunápolis,2014,4773764.0600000005,12,125
4218806,8369,SC,Turvo,2014,6365018.68,12,95
4218855,9973,SC,União do Oeste,2014,4773764.0600000005,12,125
4218905,8371,SC,Urubici,2014,6365018.68,12,95
4218954,9975,SC,Urupema,2014,4773764.0600000005,12,125
4219002,8373,SC,Urussanga,2014,9547527.85,12,53
4219150,5563,SC,Vargem,2014,4773764.0600000005,12,125
4219176,5565,SC,Vargem Bonita,2014,4773764.0600000005,12,125
4219101,8375,SC,Vargeão,2014,4773764.0600000005,12,125
4219200,8377,SC,Vidal Ramos,2014,4773764.0600000005,12,125
4219309,8379,SC,Videira,2014,15912546.24,12,28
4219358,9977,SC,Vitor Meireles,2014,4773764.0600000005,12,125
4219408,8381,SC,Witmarsum,2014,4773764.0600000005,12,125
4219507,8383,SC,Xanxerê,2014,15912546.24,12,28
4219606,8385,SC,Xavantina,2014,4773764.0600000005,12,125
4219705,8387,SC,Xaxim,2014,11138782.43,12,43
4219853,950,SC,Zortéa,2014,4773764.0600000005,12,125
4200408,8007,SC,Água Doce,2014,4773764.0600000005,12,125
4200556,5577,SC,Águas Frias,2014,4773764.0600000005,12,125
4200606,8011,SC,Águas Mornas,2014,4773764.0600000005,12,125
4200507,8009,SC,Águas de Chapecó,2014,4773764.0600000005,12,125
4200051,9939,SC,Abdon Batista,2015,5041066.41,12,126
4200101,8001,SC,Abelardo Luz,2015,10082132.44,12,55
4200200,8003,SC,Agrolândia,2015,5041066.41,12,126
4200309,8005,SC,Agronômica,2015,5041066.41,12,126
4200705,8013,SC,Alfredo Wagner,2015,5041066.41,12,126
4200754,886,SC,Alto Bela Vista,2015,5041066.41,12,126
4200804,8015,SC,Anchieta,2015,5041066.41,12,126
4200903,8017,SC,Angelina,2015,5041066.41,12,126
4201000,8019,SC,Anita Garibaldi,2015,5041066.41,12,126
4201109,8021,SC,Anitápolis,2015,5041066.41,12,126
4201208,8023,SC,Antônio Carlos,2015,5041066.41,12,126
4201257,9941,SC,Apiúna,2015,6721421.72,12,96
4201273,5597,SC,Arabutã,2015,5041066.41,12,126
4201307,8025,SC,Araquari,2015,13442843.11,12,38
4201406,8027,SC,Araranguá,2015,20164264.54,12,18
4201505,8029,SC,Armazém,2015,5041066.41,12,126
4201604,8031,SC,Arroio Trinta,2015,5041066.41,12,126
4201653,5599,SC,Arvoredo,2015,5041066.41,12,126
4201703,8033,SC,Ascurra,2015,5041066.41,12,126
4201802,8035,SC,Atalanta,2015,5041066.41,12,126
4201901,8037,SC,Aurora,2015,5041066.41,12,126
4201950,888,SC,Balneário Arroio do Silva,2015,6721421.72,12,96
4202057,5549,SC,Balneário Barra do Sul,2015,5041066.41,12,126
4202008,8039,SC,Balneário Camboriú,2015,28566041.36,12,11
4202073,890,SC,Balneário Gaivota,2015,5041066.41,12,126
4212809,8251,SC,Balneário Piçarras,2015,10082132.44,12,55
4220000,1192,SC,Balneário Rincão,2015,6721421.72,12,96
4202081,892,SC,Bandeirante,2015,5041066.41,12,126
4202099,894,SC,Barra Bonita,2015,5041066.41,12,126
4202107,8041,SC,Barra Velha,2015,11762487.82,12,46
4202131,896,SC,Bela Vista do Toldo,2015,5041066.41,12,126
4202156,5745,SC,Belmonte,2015,5041066.41,12,126
4202206,8043,SC,Benedito Novo,2015,6721421.72,12,96
4202305,8045,SC,Biguaçu,2015,20164264.54,12,18
4202404,8047,SC,Blumenau,2015,43988612.9,12,2
4202438,898,SC,Bocaina do Sul,2015,5041066.41,12,126
4202503,8389,SC,Bom Jardim da Serra,2015,5041066.41,12,126
4202537,900,SC,Bom Jesus,2015,5041066.41,12,126
4202578,902,SC,Bom Jesus do Oeste,2015,5041066.41,12,126
4202602,8049,SC,Bom Retiro,2015,5041066.41,12,126
4202453,5537,SC,Bombinhas,2015,8401777.11,12,79
4202701,8051,SC,Botuverá,2015,5041066.41,12,126
4202800,8053,SC,Braço do Norte,2015,13442843.11,12,38
4202859,5557,SC,Braço do Trombudo,2015,5041066.41,12,126
4202875,904,SC,Brunópolis,2015,5041066.41,12,126
4202909,8055,SC,Brusque,2015,28566041.36,12,11
4203105,8059,SC,Caibi,2015,5041066.41,12,126
4203154,5553,SC,Calmon,2015,5041066.41,12,126
4203204,8061,SC,Camboriú,2015,21844619.91,12,14
4203303,8063,SC,Campo Alegre,2015,6721421.72,12,96
4203402,8065,SC,Campo Belo do Sul,2015,5041066.41,12,126
4203501,8067,SC,Campo Erê,2015,5041066.41,12,126
4203600,8069,SC,Campos Novos,2015,13442843.11,12,38
4203709,8071,SC,Canelinha,2015,6721421.72,12,96
4203808,8073,SC,Canoinhas,2015,18483909.18,12,24
4203907,8075,SC,Capinzal,2015,10082132.44,12,55
4203956,5545,SC,Capivari de Baixo,2015,10082132.44,12,55
4203253,906,SC,Capão Alto,2015,5041066.41,12,126
4204004,8077,SC,Catanduvas,2015,6721421.72,12,96
4204103,8079,SC,Caxambu do Sul,2015,5041066.41,12,126
4203006,8057,SC,Caçador,2015,21844619.91,12,14
4204152,9943,SC,Celso Ramos,2015,5041066.41,12,126
4204178,5567,SC,Cerro Negro,2015,5041066.41,12,126
4204194,908,SC,Chapadão do Lageado,2015,5041066.41,12,126
4204202,8081,SC,Chapecó,2015,43988612.9,12,2
4204251,5543,SC,Cocal do Sul,2015,8401777.11,12,79
4204301,8083,SC,Concórdia,2015,21844619.91,12,14
4204350,5579,SC,Cordilheira Alta,2015,5041066.41,12,126
4204400,8085,SC,Coronel Freitas,2015,6721421.72,12,96
4204459,5735,SC,Coronel Martins,2015,5041066.41,12,126
4204558,8395,SC,Correia Pinto,2015,8401777.11,12,79
4204509,8087,SC,Corupá,2015,8401777.11,12,79
4204608,8089,SC,Criciúma,2015,43988612.9,12,2
4204707,8091,SC,Cunha Porã,2015,6721421.72,12,96
4204756,910,SC,Cunhataí,2015,5041066.41,12,126
4204806,8093,SC,Curitibanos,2015,15123198.52,12,32
4204905,8095,SC,Descanso,2015,5041066.41,12,126
4205001,8097,SC,Dionísio Cerqueira,2015,8401777.11,12,79
4205100,8099,SC,Dona Emma,2015,5041066.41,12,126
4205159,9945,SC,Doutor Pedrinho,2015,5041066.41,12,126
4205175,912,SC,Entre Rios,2015,5041066.41,12,126
4205191,914,SC,Ermo,2015,5041066.41,12,126
4205209,8101,SC,Erval Velho,2015,5041066.41,12,126
4205308,8103,SC,Faxinal dos Guedes,2015,6721421.72,12,96
4205357,916,SC,Flor do Sertão,2015,5041066.41,12,126
4205407,8105,SC,Florianópolis,2015,92431053.03,12,1
4205431,5581,SC,Formosa do Sul,2015,5041066.41,12,126
4205456,973,SC,Forquilhinha,2015,11762487.82,12,46
4205506,8107,SC,Fraiburgo,2015,13442843.11,12,38
4205555,918,SC,Frei Rogério,2015,5041066.41,12,126
4205605,8109,SC,Galvão,2015,5041066.41,12,126
4205704,8113,SC,Garopaba,2015,10082132.44,12,55
4205803,8115,SC,Garuva,2015,8401777.11,12,79
4205902,8117,SC,Gaspar,2015,20164264.54,12,18
4206009,8111,SC,Governador Celso Ramos,2015,8401777.11,12,79
4206207,8121,SC,Gravatal,2015,6721421.72,12,96
4206108,8119,SC,Grão Pará,2015,5041066.41,12,126
4206306,8123,SC,Guabiruba,2015,10082132.44,12,55
4206405,8125,SC,Guaraciaba,2015,6721421.72,12,96
4206504,8127,SC,Guaramirim,2015,15123198.52,12,32
4206603,8129,SC,Guarujá do Sul,2015,5041066.41,12,126
4206652,5583,SC,Guatambú,2015,5041066.41,12,126
4206702,8131,SC,Herval DOeste,2015,10082132.44,12,55
4206751,920,SC,Ibiam,2015,5041066.41,12,126
4206801,8133,SC,Ibicaré,2015,5041066.41,12,126
4206900,8135,SC,Ibirama,2015,10082132.44,12,55
4207106,8139,SC,Ilhota,2015,6721421.72,12,96
4207205,8141,SC,Imaruí,2015,6721421.72,12,96
4207304,8143,SC,Imbituba,2015,15123198.52,12,32
4207403,8145,SC,Imbuia,2015,5041066.41,12,126
4207502,8147,SC,Indaial,2015,20164264.54,12,18
4207577,922,SC,Iomerê,2015,5041066.41,12,126
4207601,8149,SC,Ipira,2015,5041066.41,12,126
4207650,9951,SC,Iporã do Oeste,2015,5041066.41,12,126
4207684,5737,SC,Ipuaçu,2015,5041066.41,12,126
4207700,8151,SC,Ipumirim,2015,5041066.41,12,126
4207759,9953,SC,Iraceminha,2015,5041066.41,12,126
4207809,8153,SC,Irani,2015,5041066.41,12,126
4207858,5585,SC,Irati,2015,5041066.41,12,126
4207908,8155,SC,Irineópolis,2015,6721421.72,12,96
4208104,8159,SC,Itaiópolis,2015,10082132.44,12,55
4208203,8161,SC,Itajaí,2015,43988612.9,12,2
4208302,8163,SC,Itapema,2015,18483909.18,12,24
4208401,8165,SC,Itapiranga,2015,8401777.11,12,79
4208450,9985,SC,Itapoá,2015,10082132.44,12,55
4208500,8167,SC,Ituporanga,2015,11762487.82,12,46
4208005,8157,SC,Itá,2015,5041066.41,12,126
4207007,8137,SC,Içara,2015,18483909.18,12,24
4208609,8169,SC,Jaborá,2015,5041066.41,12,126
4208708,8171,SC,Jacinto Machado,2015,6721421.72,12,96
4208807,8173,SC,Jaguaruna,2015,10082132.44,12,55
4208906,8175,SC,Jaraguá do Sul,2015,43988612.9,12,2
4208955,5587,SC,Jardinópolis,2015,5041066.41,12,126
4209003,8177,SC,Joaçaba,2015,11762487.82,12,46
4209102,8179,SC,Joinville,2015,43988612.9,12,2
4209151,9957,SC,José Boiteux,2015,5041066.41,12,126
4209177,924,SC,Jupiá,2015,5041066.41,12,126
4209201,8181,SC,Lacerdópolis,2015,5041066.41,12,126
4209300,8183,SC,Lages,2015,43988612.9,12,2
4209409,8185,SC,Laguna,2015,16803553.91,12,28
4209458,5739,SC,Lajeado Grande,2015,5041066.41,12,126
4209508,8187,SC,Laurentino,2015,5041066.41,12,126
4209607,8189,SC,Lauro Muller,2015,8401777.11,12,79
4209706,8191,SC,Lebon Régis,2015,6721421.72,12,96
4209805,8193,SC,Leoberto Leal,2015,5041066.41,12,126
4209854,9961,SC,Lindóia do Sul,2015,5041066.41,12,126
4209904,8195,SC,Lontras,2015,6721421.72,12,96
4210001,8197,SC,Luiz Alves,2015,6721421.72,12,96
4210035,926,SC,Luzerna,2015,5041066.41,12,126
4210050,5575,SC,Macieira,2015,5041066.41,12,126
4210100,8199,SC,Mafra,2015,18483909.18,12,24
4210209,8201,SC,Major Gercino,2015,5041066.41,12,126
4210308,8203,SC,Major Vieira,2015,5041066.41,12,126
4210407,8391,SC,Maracajá,2015,5041066.41,12,126
4210506,8205,SC,Maravilha,2015,11762487.82,12,46
4210555,9963,SC,Marema,2015,5041066.41,12,126
4210605,8207,SC,Massaranduba,2015,8401777.11,12,79
4210704,8209,SC,Matos Costa,2015,5041066.41,12,126
4210803,8211,SC,Meleiro,2015,5041066.41,12,126
4210852,5559,SC,Mirim Doce,2015,5041066.41,12,126
4210902,8213,SC,Modelo,2015,5041066.41,12,126
4211009,8215,SC,Mondaí,2015,6721421.72,12,96
4211058,5561,SC,Monte Carlo,2015,5041066.41,12,126
4211108,8217,SC,Monte Castelo,2015,5041066.41,12,126
4211256,5539,SC,Morro Grande,2015,5041066.41,12,126
4211207,8219,SC,Morro da Fumaça,2015,10082132.44,12,55
4211306,8221,SC,Navegantes,2015,20164264.54,12,18
4211405,8223,SC,Nova Erechim,2015,5041066.41,12,126
4211454,5589,SC,Nova Itaberaba,2015,5041066.41,12,126
4211504,8225,SC,Nova Trento,2015,6721421.72,12,96
4211603,8227,SC,Nova Veneza,2015,8401777.11,12,79
4211652,5591,SC,Novo Horizonte,2015,5041066.41,12,126
4211702,8229,SC,Orleans,2015,10082132.44,12,55
4211751,8397,SC,Otacílio Costa,2015,10082132.44,12,55
4211801,8231,SC,Ouro,2015,5041066.41,12,126
4211850,5741,SC,Ouro Verde,2015,5041066.41,12,126
4211876,928,SC,Paial,2015,5041066.41,12,126
4211892,930,SC,Painel,2015,5041066.41,12,126
4211900,8233,SC,Palhoça,2015,42308257.489999995,12,10
4212007,8235,SC,Palma Sola,2015,5041066.41,12,126
4212056,932,SC,Palmeira,2015,5041066.41,12,126
4212106,8237,SC,Palmitos,2015,8401777.11,12,79
4212205,8239,SC,Papanduva,2015,10082132.44,12,55
4212239,5747,SC,Paraíso,2015,5041066.41,12,126
4212254,5541,SC,Passo de Torres,2015,5041066.41,12,126
4212270,5743,SC,Passos Maia,2015,5041066.41,12,126
4212304,8241,SC,Paulo Lopes,2015,5041066.41,12,126
4212403,8243,SC,Pedras Grandes,2015,5041066.41,12,126
4212502,8245,SC,Penha,2015,11762487.82,12,46
4212601,8247,SC,Peritiba,2015,5041066.41,12,126
4212650,1194,SC,Pescaria Brava,2015,5041066.34,12,295
4212700,8249,SC,Petrolândia,2015,5041066.41,12,126
4212908,8253,SC,Pinhalzinho,2015,10082132.44,12,55
4213005,8255,SC,Pinheiro Preto,2015,5041066.41,12,126
4213104,8257,SC,Piratuba,2015,5041066.41,12,126
4213153,5593,SC,Planalto Alegre,2015,5041066.41,12,126
4213203,8259,SC,Pomerode,2015,13442843.11,12,38
4213302,8261,SC,Ponte Alta,2015,5041066.41,12,126
4213351,5569,SC,Ponte Alta do Norte,2015,5041066.41,12,126
4213401,8263,SC,Ponte Serrada,2015,6721421.72,12,96
4213500,8265,SC,Porto Belo,2015,10082132.44,12,55
4213609,8267,SC,Porto União,2015,13442843.11,12,38
4213708,8269,SC,Pouso Redondo,2015,8401777.11,12,79
4213807,8271,SC,Praia Grande,2015,5041066.41,12,126
4213906,8273,SC,Presidente Castelo Branco,2015,5041066.41,12,126
4214003,8275,SC,Presidente Getúlio,2015,8401777.11,12,79
4214102,8277,SC,Presidente Nereu,2015,5041066.41,12,126
4214151,934,SC,Princesa,2015,5041066.41,12,126
4214201,8279,SC,Quilombo,2015,6721421.72,12,96
4214300,8281,SC,Rancho Queimado,2015,5041066.41,12,126
4214904,8293,SC,Rio Fortuna,2015,5041066.41,12,126
4215000,8295,SC,Rio Negrinho,2015,15123198.52,12,32
4215059,5571,SC,Rio Rufino,2015,5041066.41,12,126
4214409,8283,SC,Rio das Antas,2015,5041066.41,12,126
4214508,8285,SC,Rio do Campo,2015,5041066.41,12,126
4214607,8287,SC,Rio do Oeste,2015,5041066.41,12,126
4214805,8291,SC,Rio do Sul,2015,20164264.54,12,18
4214706,8289,SC,Rio dos Cedros,2015,6721421.72,12,96
4215075,5749,SC,Riqueza,2015,5041066.41,12,126
4215109,8297,SC,Rodeio,2015,6721421.72,12,96
4215208,8299,SC,Romelândia,2015,5041066.41,12,126
4215307,8301,SC,Salete,2015,5041066.41,12,126
4215356,936,SC,Saltinho,2015,5041066.41,12,126
4215406,8303,SC,Salto Veloso,2015,5041066.41,12,126
4215455,5547,SC,Sangão,2015,6721421.72,12,96
4215505,8305,SC,Santa Cecília,2015,8401777.11,12,79
4215554,5751,SC,Santa Helena,2015,5041066.41,12,126
4215604,8307,SC,Santa Rosa de Lima,2015,5041066.41,12,126
4215653,9967,SC,Santa Rosa do Sul,2015,5041066.41,12,126
4215679,5555,SC,Santa Terezinha,2015,5041066.41,12,126
4215687,938,SC,Santa Terezinha do Progresso,2015,5041066.41,12,126
4215695,940,SC,Santiago do Sul,2015,5041066.41,12,126
4215703,8309,SC,Santo Amaro da Imperatriz,2015,10082132.44,12,55
4217303,8341,SC,Saudades,2015,5041066.41,12,126
4217402,8343,SC,Schroeder,2015,10082132.44,12,55
4217501,8345,SC,Seara,2015,10082132.44,12,55
4217550,9989,SC,Serra Alta,2015,5041066.41,12,126
4217600,8347,SC,Siderópolis,2015,8401777.11,12,79
4217709,8349,SC,Sombrio,2015,11762487.82,12,46
4217758,5595,SC,Sul Brasil,2015,5041066.41,12,126
4215802,8311,SC,São Bento do Sul,2015,21844619.91,12,14
4215752,942,SC,São Bernardino,2015,5041066.41,12,126
4215901,8313,SC,São Bonifácio,2015,5041066.41,12,126
4216008,8315,SC,São Carlos,2015,6721421.72,12,96
4216057,5573,SC,São Cristovão do Sul,2015,5041066.41,12,126
4216107,8317,SC,São Domingos,2015,5041066.41,12,126
4216206,8319,SC,São Francisco do Sul,2015,16803553.91,12,28
4216503,8325,SC,São Joaquim,2015,11762487.82,12,46
4216602,8327,SC,São José,2015,43988612.9,12,2
4216701,8329,SC,São José do Cedro,2015,8401777.11,12,79
4216800,8331,SC,São José do Cerrito,2015,5041066.41,12,126
4216305,8321,SC,São João Batista,2015,13442843.11,12,38
4216354,5551,SC,São João do Itaperiú,2015,5041066.41,12,126
4216255,5753,SC,São João do Oeste,2015,5041066.41,12,126
4216404,8323,SC,São João do Sul,2015,5041066.41,12,126
4216909,8333,SC,São Lourenço do Oeste,2015,10082132.44,12,55
4217006,8335,SC,São Ludgero,2015,6721421.72,12,96
4217105,8337,SC,São Martinho,2015,5041066.41,12,126
4217204,8339,SC,São Miguel DOeste,2015,15123198.52,12,32
4217154,5755,SC,São Miguel da Boa Vista,2015,5041066.41,12,126
4217253,944,SC,São Pedro de Alcântara,2015,5041066.41,12,126
4217808,8351,SC,Taió,2015,10082132.44,12,55
4217907,8353,SC,Tangará,2015,5041066.41,12,126
4217956,946,SC,Tigrinhos,2015,5041066.41,12,126
4218004,8355,SC,Tijucas,2015,13442843.11,12,38
4218103,8393,SC,Timbé do Sul,2015,5041066.41,12,126
4218202,8357,SC,Timbó,2015,15123198.52,12,32
4218251,9971,SC,Timbó Grande,2015,5041066.41,12,126
4218350,948,SC,Treviso,2015,5041066.41,12,126
4218509,8363,SC,Treze Tílias,2015,5041066.41,12,126
4218400,8361,SC,Treze de Maio,2015,5041066.41,12,126
4218608,8365,SC,Trombudo Central,2015,5041066.41,12,126
4218301,8359,SC,Três Barras,2015,10082132.44,12,55
4218707,8367,SC,Tubarão,2015,26885685.96,12,13
4218756,9991,SC,Tunápolis,2015,5041066.41,12,126
4218806,8369,SC,Turvo,2015,6721421.72,12,96
4218855,9973,SC,União do Oeste,2015,5041066.41,12,126
4218905,8371,SC,Urubici,2015,6721421.72,12,96
4218954,9975,SC,Urupema,2015,5041066.41,12,126
4219002,8373,SC,Urussanga,2015,10082132.44,12,55
4219150,5563,SC,Vargem,2015,5041066.41,12,126
4219176,5565,SC,Vargem Bonita,2015,5041066.41,12,126
4219101,8375,SC,Vargeão,2015,5041066.41,12,126
4219200,8377,SC,Vidal Ramos,2015,5041066.41,12,126
4219309,8379,SC,Videira,2015,16803553.91,12,28
4219358,9977,SC,Vitor Meireles,2015,5041066.41,12,126
4219408,8381,SC,Witmarsum,2015,5041066.41,12,126
4219507,8383,SC,Xanxerê,2015,16803553.91,12,28
4219606,8385,SC,Xavantina,2015,5041066.41,12,126
4219705,8387,SC,Xaxim,2015,11762487.82,12,46
4219853,950,SC,Zortéa,2015,5041066.41,12,126
4200408,8007,SC,Água Doce,2015,5041066.41,12,126
4200556,5577,SC,Águas Frias,2015,5041066.41,12,126
4200606,8011,SC,Águas Mornas,2015,5041066.41,12,126
4200507,8009,SC,Águas de Chapecó,2015,5041066.41,12,126
4200051,9939,SC,Abdon Batista,2016,5873586.98,12,127
4200101,8001,SC,Abelardo Luz,2016,11747173.64,12,55
4200200,8003,SC,Agrolândia,2016,7831449.14,12,97
4200309,8005,SC,Agronômica,2016,5873586.98,12,127
4200705,8013,SC,Alfredo Wagner,2016,5873586.98,12,127
4200754,886,SC,Alto Bela Vista,2016,5873586.98,12,127
4200804,8015,SC,Anchieta,2016,5873586.98,12,127
4200903,8017,SC,Angelina,2016,5873586.98,12,127
4201000,8019,SC,Anita Garibaldi,2016,5873586.98,12,127
4201109,8021,SC,Anitápolis,2016,5873586.98,12,127
4201208,8023,SC,Antônio Carlos,2016,5873586.98,12,127
4201257,9941,SC,Apiúna,2016,7831449.14,12,97
4201273,5597,SC,Arabutã,2016,5873586.98,12,127
4201307,8025,SC,Araquari,2016,15662897.940000001,12,38
4201406,8027,SC,Araranguá,2016,23494346.810000002,12,19
4201505,8029,SC,Armazém,2016,5873586.98,12,127
4201604,8031,SC,Arroio Trinta,2016,5873586.98,12,127
4201653,5599,SC,Arvoredo,2016,5873586.98,12,127
4201703,8033,SC,Ascurra,2016,5873586.98,12,127
4201802,8035,SC,Atalanta,2016,5873586.98,12,127
4201901,8037,SC,Aurora,2016,5873586.98,12,127
4201950,888,SC,Balneário Arroio do Silva,2016,7831449.14,12,97
4202057,5549,SC,Balneário Barra do Sul,2016,5873586.98,12,127
4202008,8039,SC,Balneário Camboriú,2016,33283657.89,12,11
4202073,890,SC,Balneário Gaivota,2016,5873586.98,12,127
4212809,8251,SC,Balneário Piçarras,2016,11747173.64,12,55
4220000,1192,SC,Balneário Rincão,2016,7831449.14,12,97
4202081,892,SC,Bandeirante,2016,5873586.98,12,127
4202099,894,SC,Barra Bonita,2016,5873586.98,12,127
4202107,8041,SC,Barra Velha,2016,13705035.74,12,46
4202131,896,SC,Bela Vista do Toldo,2016,5873586.98,12,127
4202156,5745,SC,Belmonte,2016,5873586.98,12,127
4202206,8043,SC,Benedito Novo,2016,7831449.14,12,97
4202305,8045,SC,Biguaçu,2016,23494346.810000002,12,19
4202404,8047,SC,Blumenau,2016,51222405.510000005,12,2
4202438,898,SC,Bocaina do Sul,2016,5873586.98,12,127
4202503,8389,SC,Bom Jardim da Serra,2016,5873586.98,12,127
4202537,900,SC,Bom Jesus,2016,5873586.98,12,127
4202578,902,SC,Bom Jesus do Oeste,2016,5873586.98,12,127
4202602,8049,SC,Bom Retiro,2016,5873586.98,12,127
4202453,5537,SC,Bombinhas,2016,11747173.64,12,55
4202701,8051,SC,Botuverá,2016,5873586.98,12,127
4202800,8053,SC,Braço do Norte,2016,15662897.940000001,12,38
4202859,5557,SC,Braço do Trombudo,2016,5873586.98,12,127
4202875,904,SC,Brunópolis,2016,5873586.98,12,127
4202909,8055,SC,Brusque,2016,33283657.89,12,11
4203105,8059,SC,Caibi,2016,5873586.98,12,127
4203154,5553,SC,Calmon,2016,5873586.98,12,127
4203204,8061,SC,Camboriú,2016,25452209.04,12,14
4203303,8063,SC,Campo Alegre,2016,7831449.14,12,97
4203402,8065,SC,Campo Belo do Sul,2016,5873586.98,12,127
4203501,8067,SC,Campo Erê,2016,5873586.98,12,127
4203600,8069,SC,Campos Novos,2016,15662897.940000001,12,38
4203709,8071,SC,Canelinha,2016,7831449.14,12,97
4203808,8073,SC,Canoinhas,2016,21536484.59,12,24
4203907,8075,SC,Capinzal,2016,11747173.64,12,55
4203956,5545,SC,Capivari de Baixo,2016,11747173.64,12,55
4203253,906,SC,Capão Alto,2016,5873586.98,12,127
4204004,8077,SC,Catanduvas,2016,7831449.14,12,97
4204103,8079,SC,Caxambu do Sul,2016,5873586.98,12,127
4203006,8057,SC,Caçador,2016,25452209.04,12,14
4204152,9943,SC,Celso Ramos,2016,5873586.98,12,127
4204178,5567,SC,Cerro Negro,2016,5873586.98,12,127
4204194,908,SC,Chapadão do Lageado,2016,5873586.98,12,127
4204202,8081,SC,Chapecó,2016,51222405.510000005,12,2
4204251,5543,SC,Cocal do Sul,2016,9789311.34,12,80
4204301,8083,SC,Concórdia,2016,25452209.04,12,14
4204350,5579,SC,Cordilheira Alta,2016,5873586.98,12,127
4204400,8085,SC,Coronel Freitas,2016,7831449.14,12,97
4204459,5735,SC,Coronel Martins,2016,5873586.98,12,127
4204558,8395,SC,Correia Pinto,2016,9789311.34,12,80
4204509,8087,SC,Corupá,2016,9789311.34,12,80
4204608,8089,SC,Criciúma,2016,51222405.510000005,12,2
4204707,8091,SC,Cunha Porã,2016,7831449.14,12,97
4204756,910,SC,Cunhataí,2016,5873586.98,12,127
4204806,8093,SC,Curitibanos,2016,17620760.19,12,32
4204905,8095,SC,Descanso,2016,5873586.98,12,127
4205001,8097,SC,Dionísio Cerqueira,2016,9789311.34,12,80
4205100,8099,SC,Dona Emma,2016,5873586.98,12,127
4205159,9945,SC,Doutor Pedrinho,2016,5873586.98,12,127
4205175,912,SC,Entre Rios,2016,5873586.98,12,127
4205191,914,SC,Ermo,2016,5873586.98,12,127
4205209,8101,SC,Erval Velho,2016,5873586.98,12,127
4205308,8103,SC,Faxinal dos Guedes,2016,7831449.14,12,97
4205357,916,SC,Flor do Sertão,2016,5873586.98,12,127
4205407,8105,SC,Florianópolis,2016,108353550.66,12,1
4205431,5581,SC,Formosa do Sul,2016,5873586.98,12,127
4205456,973,SC,Forquilhinha,2016,13705035.74,12,46
4205506,8107,SC,Fraiburgo,2016,15662897.940000001,12,38
4205555,918,SC,Frei Rogério,2016,5873586.98,12,127
4205605,8109,SC,Galvão,2016,5873586.98,12,127
4205704,8113,SC,Garopaba,2016,11747173.64,12,55
4205803,8115,SC,Garuva,2016,9789311.34,12,80
4205902,8117,SC,Gaspar,2016,23494346.810000002,12,19
4206009,8111,SC,Governador Celso Ramos,2016,9789311.34,12,80
4206207,8121,SC,Gravatal,2016,7831449.14,12,97
4206108,8119,SC,Grão Pará,2016,5873586.98,12,127
4206306,8123,SC,Guabiruba,2016,11747173.64,12,55
4206405,8125,SC,Guaraciaba,2016,7831449.14,12,97
4206504,8127,SC,Guaramirim,2016,17620760.19,12,32
4206603,8129,SC,Guarujá do Sul,2016,5873586.98,12,127
4206652,5583,SC,Guatambú,2016,5873586.98,12,127
4206702,8131,SC,Herval DOeste,2016,11747173.64,12,55
4206751,920,SC,Ibiam,2016,5873586.98,12,127
4206801,8133,SC,Ibicaré,2016,5873586.98,12,127
4206900,8135,SC,Ibirama,2016,11747173.64,12,55
4207106,8139,SC,Ilhota,2016,7831449.14,12,97
4207205,8141,SC,Imaruí,2016,7831449.14,12,97
4207304,8143,SC,Imbituba,2016,17620760.19,12,32
4207403,8145,SC,Imbuia,2016,5873586.98,12,127
4207502,8147,SC,Indaial,2016,23494346.810000002,12,19
4207577,922,SC,Iomerê,2016,5873586.98,12,127
4207601,8149,SC,Ipira,2016,5873586.98,12,127
4207650,9951,SC,Iporã do Oeste,2016,5873586.98,12,127
4207684,5737,SC,Ipuaçu,2016,5873586.98,12,127
4207700,8151,SC,Ipumirim,2016,5873586.98,12,127
4207759,9953,SC,Iraceminha,2016,5873586.98,12,127
4207809,8153,SC,Irani,2016,5873586.98,12,127
4207858,5585,SC,Irati,2016,5873586.98,12,127
4207908,8155,SC,Irineópolis,2016,7831449.14,12,97
4208104,8159,SC,Itaiópolis,2016,11747173.64,12,55
4208203,8161,SC,Itajaí,2016,51222405.510000005,12,2
4208302,8163,SC,Itapema,2016,21536484.59,12,24
4208401,8165,SC,Itapiranga,2016,9789311.34,12,80
4208450,9985,SC,Itapoá,2016,11747173.64,12,55
4208500,8167,SC,Ituporanga,2016,13705035.74,12,46
4208005,8157,SC,Itá,2016,5873586.98,12,127
4207007,8137,SC,Içara,2016,21536484.59,12,24
4208609,8169,SC,Jaborá,2016,5873586.98,12,127
4208708,8171,SC,Jacinto Machado,2016,7831449.14,12,97
4208807,8173,SC,Jaguaruna,2016,11747173.64,12,55
4208906,8175,SC,Jaraguá do Sul,2016,51222405.510000005,12,2
4208955,5587,SC,Jardinópolis,2016,5873586.98,12,127
4209003,8177,SC,Joaçaba,2016,13705035.74,12,46
4209102,8179,SC,Joinville,2016,51222405.510000005,12,2
4209151,9957,SC,José Boiteux,2016,5873586.98,12,127
4209177,924,SC,Jupiá,2016,5873586.98,12,127
4209201,8181,SC,Lacerdópolis,2016,5873586.98,12,127
4209300,8183,SC,Lages,2016,51222405.510000005,12,2
4209409,8185,SC,Laguna,2016,19578622.33,12,28
4209458,5739,SC,Lajeado Grande,2016,5873586.98,12,127
4209508,8187,SC,Laurentino,2016,5873586.98,12,127
4209607,8189,SC,Lauro Muller,2016,9789311.34,12,80
4209706,8191,SC,Lebon Régis,2016,7831449.14,12,97
4209805,8193,SC,Leoberto Leal,2016,5873586.98,12,127
4209854,9961,SC,Lindóia do Sul,2016,5873586.98,12,127
4209904,8195,SC,Lontras,2016,7831449.14,12,97
4210001,8197,SC,Luiz Alves,2016,7831449.14,12,97
4210035,926,SC,Luzerna,2016,5873586.98,12,127
4210050,5575,SC,Macieira,2016,5873586.98,12,127
4210100,8199,SC,Mafra,2016,21536484.59,12,24
4210209,8201,SC,Major Gercino,2016,5873586.98,12,127
4210308,8203,SC,Major Vieira,2016,5873586.98,12,127
4210407,8391,SC,Maracajá,2016,5873586.98,12,127
4210506,8205,SC,Maravilha,2016,13705035.74,12,46
4210555,9963,SC,Marema,2016,5873586.98,12,127
4210605,8207,SC,Massaranduba,2016,9789311.34,12,80
4210704,8209,SC,Matos Costa,2016,5873586.98,12,127
4210803,8211,SC,Meleiro,2016,5873586.98,12,127
4210852,5559,SC,Mirim Doce,2016,5873586.98,12,127
4210902,8213,SC,Modelo,2016,5873586.98,12,127
4211009,8215,SC,Mondaí,2016,7831449.14,12,97
4211058,5561,SC,Monte Carlo,2016,5873586.98,12,127
4211108,8217,SC,Monte Castelo,2016,5873586.98,12,127
4211256,5539,SC,Morro Grande,2016,5873586.98,12,127
4211207,8219,SC,Morro da Fumaça,2016,11747173.64,12,55
4211306,8221,SC,Navegantes,2016,25452209.04,12,14
4211405,8223,SC,Nova Erechim,2016,5873586.98,12,127
4211454,5589,SC,Nova Itaberaba,2016,5873586.98,12,127
4211504,8225,SC,Nova Trento,2016,9789311.34,12,80
4211603,8227,SC,Nova Veneza,2016,9789311.34,12,80
4211652,5591,SC,Novo Horizonte,2016,5873586.98,12,127
4211702,8229,SC,Orleans,2016,11747173.64,12,55
4211751,8397,SC,Otacílio Costa,2016,11747173.64,12,55
4211801,8231,SC,Ouro,2016,5873586.98,12,127
4211850,5741,SC,Ouro Verde,2016,5873586.98,12,127
4211876,928,SC,Paial,2016,5873586.98,12,127
4211892,930,SC,Painel,2016,5873586.98,12,127
4211900,8233,SC,Palhoça,2016,51222405.510000005,12,2
4212007,8235,SC,Palma Sola,2016,5873586.98,12,127
4212056,932,SC,Palmeira,2016,5873586.98,12,127
4212106,8237,SC,Palmitos,2016,9789311.34,12,80
4212205,8239,SC,Papanduva,2016,11747173.64,12,55
4212239,5747,SC,Paraíso,2016,5873586.98,12,127
4212254,5541,SC,Passo de Torres,2016,5873586.98,12,127
4212270,5743,SC,Passos Maia,2016,5873586.98,12,127
4212304,8241,SC,Paulo Lopes,2016,5873586.98,12,127
4212403,8243,SC,Pedras Grandes,2016,5873586.98,12,127
4212502,8245,SC,Penha,2016,13705035.74,12,46
4212601,8247,SC,Peritiba,2016,5873586.98,12,127
4212650,1194,SC,Pescaria Brava,2016,5873587.5,12,126
4212700,8249,SC,Petrolândia,2016,5873586.98,12,127
4212908,8253,SC,Pinhalzinho,2016,11747173.64,12,55
4213005,8255,SC,Pinheiro Preto,2016,5873586.98,12,127
4213104,8257,SC,Piratuba,2016,5873586.98,12,127
4213153,5593,SC,Planalto Alegre,2016,5873586.98,12,127
4213203,8259,SC,Pomerode,2016,15662897.940000001,12,38
4213302,8261,SC,Ponte Alta,2016,5873586.98,12,127
4213351,5569,SC,Ponte Alta do Norte,2016,5873586.98,12,127
4213401,8263,SC,Ponte Serrada,2016,7831449.14,12,97
4213500,8265,SC,Porto Belo,2016,11747173.64,12,55
4213609,8267,SC,Porto União,2016,15662897.940000001,12,38
4213708,8269,SC,Pouso Redondo,2016,9789311.34,12,80
4213807,8271,SC,Praia Grande,2016,5873586.98,12,127
4213906,8273,SC,Presidente Castelo Branco,2016,5873586.98,12,127
4214003,8275,SC,Presidente Getúlio,2016,9789311.34,12,80
4214102,8277,SC,Presidente Nereu,2016,5873586.98,12,127
4214151,934,SC,Princesa,2016,5873586.98,12,127
4214201,8279,SC,Quilombo,2016,5873586.98,12,127
4214300,8281,SC,Rancho Queimado,2016,5873586.98,12,127
4214904,8293,SC,Rio Fortuna,2016,5873586.98,12,127
4215000,8295,SC,Rio Negrinho,2016,17620760.19,12,32
4215059,5571,SC,Rio Rufino,2016,5873586.98,12,127
4214409,8283,SC,Rio das Antas,2016,5873586.98,12,127
4214508,8285,SC,Rio do Campo,2016,5873586.98,12,127
4214607,8287,SC,Rio do Oeste,2016,5873586.98,12,127
4214805,8291,SC,Rio do Sul,2016,23494346.810000002,12,19
4214706,8289,SC,Rio dos Cedros,2016,7831449.14,12,97
4215075,5749,SC,Riqueza,2016,5873586.98,12,127
4215109,8297,SC,Rodeio,2016,7831449.14,12,97
4215208,8299,SC,Romelândia,2016,5873586.98,12,127
4215307,8301,SC,Salete,2016,5873586.98,12,127
4215356,936,SC,Saltinho,2016,5873586.98,12,127
4215406,8303,SC,Salto Veloso,2016,5873586.98,12,127
4215455,5547,SC,Sangão,2016,7831449.14,12,97
4215505,8305,SC,Santa Cecília,2016,9789311.34,12,80
4215554,5751,SC,Santa Helena,2016,5873586.98,12,127
4215604,8307,SC,Santa Rosa de Lima,2016,5873586.98,12,127
4215653,9967,SC,Santa Rosa do Sul,2016,5873586.98,12,127
4215679,5555,SC,Santa Terezinha,2016,5873586.98,12,127
4215687,938,SC,Santa Terezinha do Progresso,2016,5873586.98,12,127
4215695,940,SC,Santiago do Sul,2016,5873586.98,12,127
4215703,8309,SC,Santo Amaro da Imperatriz,2016,11747173.64,12,55
4217303,8341,SC,Saudades,2016,5873586.98,12,127
4217402,8343,SC,Schroeder,2016,11747173.64,12,55
4217501,8345,SC,Seara,2016,11747173.64,12,55
4217550,9989,SC,Serra Alta,2016,5873586.98,12,127
4217600,8347,SC,Siderópolis,2016,9789311.34,12,80
4217709,8349,SC,Sombrio,2016,13705035.74,12,46
4217758,5595,SC,Sul Brasil,2016,5873586.98,12,127
4215802,8311,SC,São Bento do Sul,2016,25452209.04,12,14
4215752,942,SC,São Bernardino,2016,5873586.98,12,127
4215901,8313,SC,São Bonifácio,2016,5873586.98,12,127
4216008,8315,SC,São Carlos,2016,7831449.14,12,97
4216057,5573,SC,São Cristovão do Sul,2016,5873586.98,12,127
4216107,8317,SC,São Domingos,2016,5873586.98,12,127
4216206,8319,SC,São Francisco do Sul,2016,19578622.33,12,28
4216503,8325,SC,São Joaquim,2016,13705035.74,12,46
4216602,8327,SC,São José,2016,51222405.510000005,12,2
4216701,8329,SC,São José do Cedro,2016,9789311.34,12,80
4216800,8331,SC,São José do Cerrito,2016,5873586.98,12,127
4216305,8321,SC,São João Batista,2016,15662897.940000001,12,38
4216354,5551,SC,São João do Itaperiú,2016,5873586.98,12,127
4216255,5753,SC,São João do Oeste,2016,5873586.98,12,127
4216404,8323,SC,São João do Sul,2016,5873586.98,12,127
4216909,8333,SC,São Lourenço do Oeste,2016,11747173.64,12,55
4217006,8335,SC,São Ludgero,2016,7831449.14,12,97
4217105,8337,SC,São Martinho,2016,5873586.98,12,127
4217204,8339,SC,São Miguel DOeste,2016,17620760.19,12,32
4217154,5755,SC,São Miguel da Boa Vista,2016,5873586.98,12,127
4217253,944,SC,São Pedro de Alcântara,2016,5873586.98,12,127
4217808,8351,SC,Taió,2016,11747173.64,12,55
4217907,8353,SC,Tangará,2016,5873586.98,12,127
4217956,946,SC,Tigrinhos,2016,5873586.98,12,127
4218004,8355,SC,Tijucas,2016,15662897.940000001,12,38
4218103,8393,SC,Timbé do Sul,2016,5873586.98,12,127
4218202,8357,SC,Timbó,2016,17620760.19,12,32
4218251,9971,SC,Timbó Grande,2016,5873586.98,12,127
4218350,948,SC,Treviso,2016,5873586.98,12,127
4218509,8363,SC,Treze Tílias,2016,5873586.98,12,127
4218400,8361,SC,Treze de Maio,2016,5873586.98,12,127
4218608,8365,SC,Trombudo Central,2016,5873586.98,12,127
4218301,8359,SC,Três Barras,2016,11747173.64,12,55
4218707,8367,SC,Tubarão,2016,31325795.63,12,13
4218756,9991,SC,Tunápolis,2016,5873586.98,12,127
4218806,8369,SC,Turvo,2016,7831449.14,12,97
4218855,9973,SC,União do Oeste,2016,5873586.98,12,127
4218905,8371,SC,Urubici,2016,7831449.14,12,97
4218954,9975,SC,Urupema,2016,5873586.98,12,127
4219002,8373,SC,Urussanga,2016,11747173.64,12,55
4219150,5563,SC,Vargem,2016,5873586.98,12,127
4219176,5565,SC,Vargem Bonita,2016,5873586.98,12,127
4219101,8375,SC,Vargeão,2016,5873586.98,12,127
4219200,8377,SC,Vidal Ramos,2016,5873586.98,12,127
4219309,8379,SC,Videira,2016,19578622.33,12,28
4219358,9977,SC,Vitor Meireles,2016,5873586.98,12,127
4219408,8381,SC,Witmarsum,2016,5873586.98,12,127
4219507,8383,SC,Xanxerê,2016,19578622.33,12,28
4219606,8385,SC,Xavantina,2016,5873586.98,12,127
4219705,8387,SC,Xaxim,2016,13705035.74,12,46
4219853,950,SC,Zortéa,2016,5873586.98,12,127
4200408,8007,SC,Água Doce,2016,5873586.98,12,127
4200556,5577,SC,Águas Frias,2016,5873586.98,12,127
4200606,8011,SC,Águas Mornas,2016,5873586.98,12,127
4200507,8009,SC,Águas de Chapecó,2016,5873586.98,12,127
4200051,9939,SC,Abdon Batista,2017,5683262.38,12,126
4200101,8001,SC,Abelardo Luz,2017,11366524.36,12,56
4200200,8003,SC,Agrolândia,2017,7577683.0,12,98
4200309,8005,SC,Agronômica,2017,5683262.38,12,126
4200705,8013,SC,Alfredo Wagner,2017,5683262.38,12,126
4200754,886,SC,Alto Bela Vista,2017,5683262.38,12,126
4200804,8015,SC,Anchieta,2017,5683262.38,12,126
4200903,8017,SC,Angelina,2017,5683262.38,12,126
4201000,8019,SC,Anita Garibaldi,2017,5683262.38,12,126
4201109,8021,SC,Anitápolis,2017,5683262.38,12,126
4201208,8023,SC,Antônio Carlos,2017,5683262.38,12,126
4201257,9941,SC,Apiúna,2017,7577683.0,12,98
4201273,5597,SC,Arabutã,2017,5683262.38,12,126
4201307,8025,SC,Araquari,2017,15155365.84,12,38
4201406,8027,SC,Araranguá,2017,22733048.43,12,19
4201505,8029,SC,Armazém,2017,5683262.38,12,126
4201604,8031,SC,Arroio Trinta,2017,5683262.38,12,126
4201653,5599,SC,Arvoredo,2017,5683262.38,12,126
4201703,8033,SC,Ascurra,2017,5683262.38,12,126
4201802,8035,SC,Atalanta,2017,5683262.38,12,126
4201901,8037,SC,Aurora,2017,5683262.38,12,126
4201950,888,SC,Balneário Arroio do Silva,2017,7577683.0,12,98
4202057,5549,SC,Balneário Barra do Sul,2017,5683262.38,12,126
4202008,8039,SC,Balneário Camboriú,2017,34099572.5,12,11
4202073,890,SC,Balneário Gaivota,2017,5683262.38,12,126
4212809,8251,SC,Balneário Piçarras,2017,11366524.36,12,56
4220000,1192,SC,Balneário Rincão,2017,7577683.0,12,98
4202081,892,SC,Bandeirante,2017,5683262.38,12,126
4202099,894,SC,Barra Bonita,2017,5683262.38,12,126
4202107,8041,SC,Barra Velha,2017,13260945.120000001,12,46
4202131,896,SC,Bela Vista do Toldo,2017,5683262.38,12,126
4202156,5745,SC,Belmonte,2017,5683262.38,12,126
4202206,8043,SC,Benedito Novo,2017,7577683.0,12,98
4202305,8045,SC,Biguaçu,2017,22733048.43,12,19
4202404,8047,SC,Blumenau,2017,49646903.82,12,2
4202438,898,SC,Bocaina do Sul,2017,5683262.38,12,126
4202503,8389,SC,Bom Jardim da Serra,2017,5683262.38,12,126
4202537,900,SC,Bom Jesus,2017,5683262.38,12,126
4202578,902,SC,Bom Jesus do Oeste,2017,5683262.38,12,126
4202602,8049,SC,Bom Retiro,2017,5683262.38,12,126
4202453,5537,SC,Bombinhas,2017,11366524.36,12,56
4202701,8051,SC,Botuverá,2017,5683262.38,12,126
4202800,8053,SC,Braço do Norte,2017,15155365.84,12,38
4202859,5557,SC,Braço do Trombudo,2017,5683262.38,12,126
4202875,904,SC,Brunópolis,2017,5683262.38,12,126
4202909,8055,SC,Brusque,2017,32205151.840000004,12,12
4203105,8059,SC,Caibi,2017,5683262.38,12,126
4203154,5553,SC,Calmon,2017,5683262.38,12,126
4203204,8061,SC,Camboriú,2017,24627469.16,12,15
4203303,8063,SC,Campo Alegre,2017,7577683.0,12,98
4203402,8065,SC,Campo Belo do Sul,2017,5683262.38,12,126
4203501,8067,SC,Campo Erê,2017,5683262.38,12,126
4203600,8069,SC,Campos Novos,2017,15155365.84,12,38
4203709,8071,SC,Canelinha,2017,7577683.0,12,98
4203808,8073,SC,Canoinhas,2017,20838627.79,12,24
4203907,8075,SC,Capinzal,2017,11366524.36,12,56
4203956,5545,SC,Capivari de Baixo,2017,13260945.120000001,12,46
4203253,906,SC,Capão Alto,2017,5683262.38,12,126
4204004,8077,SC,Catanduvas,2017,7577683.0,12,98
4204103,8079,SC,Caxambu do Sul,2017,5683262.38,12,126
4203006,8057,SC,Caçador,2017,24627469.16,12,15
4204152,9943,SC,Celso Ramos,2017,5683262.38,12,126
4204178,5567,SC,Cerro Negro,2017,5683262.38,12,126
4204194,908,SC,Chapadão do Lageado,2017,5683262.38,12,126
4204202,8081,SC,Chapecó,2017,49646903.82,12,2
4204251,5543,SC,Cocal do Sul,2017,9472103.71,12,81
4204301,8083,SC,Concórdia,2017,24627469.16,12,15
4204350,5579,SC,Cordilheira Alta,2017,5683262.38,12,126
4204400,8085,SC,Coronel Freitas,2017,5683262.38,12,126
4204459,5735,SC,Coronel Martins,2017,5683262.38,12,126
4204558,8395,SC,Correia Pinto,2017,9472103.71,12,81
4204509,8087,SC,Corupá,2017,9472103.71,12,81
4204608,8089,SC,Criciúma,2017,49646903.82,12,2
4204707,8091,SC,Cunha Porã,2017,7577683.0,12,98
4204756,910,SC,Cunhataí,2017,5683262.38,12,126
4204806,8093,SC,Curitibanos,2017,17049786.45,12,32
4204905,8095,SC,Descanso,2017,5683262.38,12,126
4205001,8097,SC,Dionísio Cerqueira,2017,9472103.71,12,81
4205100,8099,SC,Dona Emma,2017,5683262.38,12,126
4205159,9945,SC,Doutor Pedrinho,2017,5683262.38,12,126
4205175,912,SC,Entre Rios,2017,5683262.38,12,126
4205191,914,SC,Ermo,2017,5683262.38,12,126
4205209,8101,SC,Erval Velho,2017,5683262.38,12,126
4205308,8103,SC,Faxinal dos Guedes,2017,7577683.0,12,98
4205357,916,SC,Flor do Sertão,2017,5683262.38,12,126
4205407,8105,SC,Florianópolis,2017,106714242.72,12,1
4205431,5581,SC,Formosa do Sul,2017,5683262.38,12,126
4205456,973,SC,Forquilhinha,2017,13260945.120000001,12,46
4205506,8107,SC,Fraiburgo,2017,15155365.84,12,38
4205555,918,SC,Frei Rogério,2017,5683262.38,12,126
4205605,8109,SC,Galvão,2017,5683262.38,12,126
4205704,8113,SC,Garopaba,2017,11366524.36,12,56
4205803,8115,SC,Garuva,2017,11366524.36,12,56
4205902,8117,SC,Gaspar,2017,22733048.43,12,19
4206009,8111,SC,Governador Celso Ramos,2017,9472103.71,12,81
4206207,8121,SC,Gravatal,2017,7577683.0,12,98
4206108,8119,SC,Grão Pará,2017,5683262.38,12,126
4206306,8123,SC,Guabiruba,2017,11366524.36,12,56
4206405,8125,SC,Guaraciaba,2017,7577683.0,12,98
4206504,8127,SC,Guaramirim,2017,17049786.45,12,32
4206603,8129,SC,Guarujá do Sul,2017,5683262.38,12,126
4206652,5583,SC,Guatambú,2017,5683262.38,12,126
4206702,8131,SC,Herval DOeste,2017,11366524.36,12,56
4206751,920,SC,Ibiam,2017,5683262.38,12,126
4206801,8133,SC,Ibicaré,2017,5683262.38,12,126
4206900,8135,SC,Ibirama,2017,11366524.36,12,56
4207106,8139,SC,Ilhota,2017,9472103.71,12,81
4207205,8141,SC,Imaruí,2017,7577683.0,12,98
4207304,8143,SC,Imbituba,2017,17049786.45,12,32
4207403,8145,SC,Imbuia,2017,5683262.38,12,126
4207502,8147,SC,Indaial,2017,22733048.43,12,19
4207577,922,SC,Iomerê,2017,5683262.38,12,126
4207601,8149,SC,Ipira,2017,5683262.38,12,126
4207650,9951,SC,Iporã do Oeste,2017,5683262.38,12,126
4207684,5737,SC,Ipuaçu,2017,5683262.38,12,126
4207700,8151,SC,Ipumirim,2017,5683262.38,12,126
4207759,9953,SC,Iraceminha,2017,5683262.38,12,126
4207809,8153,SC,Irani,2017,7577683.0,12,98
4207858,5585,SC,Irati,2017,5683262.38,12,126
4207908,8155,SC,Irineópolis,2017,7577683.0,12,98
4208104,8159,SC,Itaiópolis,2017,11366524.36,12,56
4208203,8161,SC,Itajaí,2017,49646903.82,12,2
4208302,8163,SC,Itapema,2017,20838627.79,12,24
4208401,8165,SC,Itapiranga,2017,9472103.71,12,81
4208450,9985,SC,Itapoá,2017,11366524.36,12,56
4208500,8167,SC,Ituporanga,2017,13260945.120000001,12,46
4208005,8157,SC,Itá,2017,5683262.38,12,126
4207007,8137,SC,Içara,2017,20838627.79,12,24
4208609,8169,SC,Jaborá,2017,5683262.38,12,126
4208708,8171,SC,Jacinto Machado,2017,7577683.0,12,98
4208807,8173,SC,Jaguaruna,2017,11366524.36,12,56
4208906,8175,SC,Jaraguá do Sul,2017,49646903.82,12,2
4208955,5587,SC,Jardinópolis,2017,5683262.38,12,126
4209003,8177,SC,Joaçaba,2017,13260945.120000001,12,46
4209102,8179,SC,Joinville,2017,49646903.82,12,2
4209151,9957,SC,José Boiteux,2017,5683262.38,12,126
4209177,924,SC,Jupiá,2017,5683262.38,12,126
4209201,8181,SC,Lacerdópolis,2017,5683262.38,12,126
4209300,8183,SC,Lages,2017,49646903.82,12,2
4209409,8185,SC,Laguna,2017,18944207.11,12,29
4209458,5739,SC,Lajeado Grande,2017,5683262.38,12,126
4209508,8187,SC,Laurentino,2017,5683262.38,12,126
4209607,8189,SC,Lauro Muller,2017,9472103.71,12,81
4209706,8191,SC,Lebon Régis,2017,7577683.0,12,98
4209805,8193,SC,Leoberto Leal,2017,5683262.38,12,126
4209854,9961,SC,Lindóia do Sul,2017,5683262.38,12,126
4209904,8195,SC,Lontras,2017,7577683.0,12,98
4210001,8197,SC,Luiz Alves,2017,7577683.0,12,98
4210035,926,SC,Luzerna,2017,5683262.38,12,126
4210050,5575,SC,Macieira,2017,5683262.38,12,126
4210100,8199,SC,Mafra,2017,20838627.79,12,24
4210209,8201,SC,Major Gercino,2017,5683262.38,12,126
4210308,8203,SC,Major Vieira,2017,5683262.38,12,126
4210407,8391,SC,Maracajá,2017,5683262.38,12,126
4210506,8205,SC,Maravilha,2017,13260945.120000001,12,46
4210555,9963,SC,Marema,2017,5683262.38,12,126
4210605,8207,SC,Massaranduba,2017,9472103.71,12,81
4210704,8209,SC,Matos Costa,2017,5683262.38,12,126
4210803,8211,SC,Meleiro,2017,5683262.38,12,126
4210852,5559,SC,Mirim Doce,2017,5683262.38,12,126
4210902,8213,SC,Modelo,2017,5683262.38,12,126
4211009,8215,SC,Mondaí,2017,7577683.0,12,98
4211058,5561,SC,Monte Carlo,2017,5683262.38,12,126
4211108,8217,SC,Monte Castelo,2017,5683262.38,12,126
4211256,5539,SC,Morro Grande,2017,5683262.38,12,126
4211207,8219,SC,Morro da Fumaça,2017,11366524.36,12,56
4211306,8221,SC,Navegantes,2017,24627469.16,12,15
4211405,8223,SC,Nova Erechim,2017,5683262.38,12,126
4211454,5589,SC,Nova Itaberaba,2017,5683262.38,12,126
4211504,8225,SC,Nova Trento,2017,9472103.71,12,81
4211603,8227,SC,Nova Veneza,2017,9472103.71,12,81
4211652,5591,SC,Novo Horizonte,2017,5683262.38,12,126
4211702,8229,SC,Orleans,2017,11366524.36,12,56
4211751,8397,SC,Otacílio Costa,2017,11366524.36,12,56
4211801,8231,SC,Ouro,2017,5683262.38,12,126
4211850,5741,SC,Ouro Verde,2017,5683262.38,12,126
4211876,928,SC,Paial,2017,5683262.38,12,126
4211892,930,SC,Painel,2017,5683262.38,12,126
4211900,8233,SC,Palhoça,2017,49646903.82,12,2
4212007,8235,SC,Palma Sola,2017,5683262.38,12,126
4212056,932,SC,Palmeira,2017,5683262.38,12,126
4212106,8237,SC,Palmitos,2017,9472103.71,12,81
4212205,8239,SC,Papanduva,2017,11366524.36,12,56
4212239,5747,SC,Paraíso,2017,5683262.38,12,126
4212254,5541,SC,Passo de Torres,2017,5683262.38,12,126
4212270,5743,SC,Passos Maia,2017,5683262.38,12,126
4212304,8241,SC,Paulo Lopes,2017,5683262.38,12,126
4212403,8243,SC,Pedras Grandes,2017,5683262.38,12,126
4212502,8245,SC,Penha,2017,13260945.120000001,12,46
4212601,8247,SC,Peritiba,2017,5683262.38,12,126
4212650,1194,SC,Pescaria Brava,2017,5683261.46,12,295
4212700,8249,SC,Petrolândia,2017,5683262.38,12,126
4212908,8253,SC,Pinhalzinho,2017,11366524.36,12,56
4213005,8255,SC,Pinheiro Preto,2017,5683262.38,12,126
4213104,8257,SC,Piratuba,2017,5683262.38,12,126
4213153,5593,SC,Planalto Alegre,2017,5683262.38,12,126
4213203,8259,SC,Pomerode,2017,15155365.84,12,38
4213302,8261,SC,Ponte Alta,2017,5683262.38,12,126
4213351,5569,SC,Ponte Alta do Norte,2017,5683262.38,12,126
4213401,8263,SC,Ponte Serrada,2017,7577683.0,12,98
4213500,8265,SC,Porto Belo,2017,11366524.36,12,56
4213609,8267,SC,Porto União,2017,15155365.84,12,38
4213708,8269,SC,Pouso Redondo,2017,9472103.71,12,81
4213807,8271,SC,Praia Grande,2017,5683262.38,12,126
4213906,8273,SC,Presidente Castelo Branco,2017,5683262.38,12,126
4214003,8275,SC,Presidente Getúlio,2017,9472103.71,12,81
4214102,8277,SC,Presidente Nereu,2017,5683262.38,12,126
4214151,934,SC,Princesa,2017,5683262.38,12,126
4214201,8279,SC,Quilombo,2017,5683262.38,12,126
4214300,8281,SC,Rancho Queimado,2017,5683262.38,12,126
4214904,8293,SC,Rio Fortuna,2017,5683262.38,12,126
4215000,8295,SC,Rio Negrinho,2017,17049786.45,12,32
4215059,5571,SC,Rio Rufino,2017,5683262.38,12,126
4214409,8283,SC,Rio das Antas,2017,5683262.38,12,126
4214508,8285,SC,Rio do Campo,2017,5683262.38,12,126
4214607,8287,SC,Rio do Oeste,2017,5683262.38,12,126
4214805,8291,SC,Rio do Sul,2017,22733048.43,12,19
4214706,8289,SC,Rio dos Cedros,2017,7577683.0,12,98
4215075,5749,SC,Riqueza,2017,5683262.38,12,126
4215109,8297,SC,Rodeio,2017,7577683.0,12,98
4215208,8299,SC,Romelândia,2017,5683262.38,12,126
4215307,8301,SC,Salete,2017,5683262.38,12,126
4215356,936,SC,Saltinho,2017,5683262.38,12,126
4215406,8303,SC,Salto Veloso,2017,5683262.38,12,126
4215455,5547,SC,Sangão,2017,7577683.0,12,98
4215505,8305,SC,Santa Cecília,2017,9472103.71,12,81
4215554,5751,SC,Santa Helena,2017,5683262.38,12,126
4215604,8307,SC,Santa Rosa de Lima,2017,5683262.38,12,126
4215653,9967,SC,Santa Rosa do Sul,2017,5683262.38,12,126
4215679,5555,SC,Santa Terezinha,2017,5683262.38,12,126
4215687,938,SC,Santa Terezinha do Progresso,2017,5683262.38,12,126
4215695,940,SC,Santiago do Sul,2017,5683262.38,12,126
4215703,8309,SC,Santo Amaro da Imperatriz,2017,11366524.36,12,56
4217303,8341,SC,Saudades,2017,5683262.38,12,126
4217402,8343,SC,Schroeder,2017,11366524.36,12,56
4217501,8345,SC,Seara,2017,11366524.36,12,56
4217550,9989,SC,Serra Alta,2017,5683262.38,12,126
4217600,8347,SC,Siderópolis,2017,9472103.71,12,81
4217709,8349,SC,Sombrio,2017,13260945.120000001,12,46
4217758,5595,SC,Sul Brasil,2017,5683262.38,12,126
4215802,8311,SC,São Bento do Sul,2017,26521889.810000002,12,14
4215752,942,SC,São Bernardino,2017,5683262.38,12,126
4215901,8313,SC,São Bonifácio,2017,5683262.38,12,126
4216008,8315,SC,São Carlos,2017,7577683.0,12,98
4216057,5573,SC,São Cristovão do Sul,2017,5683262.38,12,126
4216107,8317,SC,São Domingos,2017,5683262.38,12,126
4216206,8319,SC,São Francisco do Sul,2017,18944207.11,12,29
4216503,8325,SC,São Joaquim,2017,13260945.120000001,12,46
4216602,8327,SC,São José,2017,49646903.82,12,2
4216701,8329,SC,São José do Cedro,2017,9472103.71,12,81
4216800,8331,SC,São José do Cerrito,2017,5683262.38,12,126
4216305,8321,SC,São João Batista,2017,15155365.84,12,38
4216354,5551,SC,São João do Itaperiú,2017,5683262.38,12,126
4216255,5753,SC,São João do Oeste,2017,5683262.38,12,126
4216404,8323,SC,São João do Sul,2017,5683262.38,12,126
4216909,8333,SC,São Lourenço do Oeste,2017,11366524.36,12,56
4217006,8335,SC,São Ludgero,2017,7577683.0,12,98
4217105,8337,SC,São Martinho,2017,5683262.38,12,126
4217204,8339,SC,São Miguel DOeste,2017,17049786.45,12,32
4217154,5755,SC,São Miguel da Boa Vista,2017,5683262.38,12,126
4217253,944,SC,São Pedro de Alcântara,2017,5683262.38,12,126
4217808,8351,SC,Taió,2017,11366524.36,12,56
4217907,8353,SC,Tangará,2017,5683262.38,12,126
4217956,946,SC,Tigrinhos,2017,5683262.38,12,126
4218004,8355,SC,Tijucas,2017,15155365.84,12,38
4218103,8393,SC,Timbé do Sul,2017,5683262.38,12,126
4218202,8357,SC,Timbó,2017,17049786.45,12,32
4218251,9971,SC,Timbó Grande,2017,5683262.38,12,126
4218350,948,SC,Treviso,2017,5683262.38,12,126
4218509,8363,SC,Treze Tílias,2017,5683262.38,12,126
4218400,8361,SC,Treze de Maio,2017,5683262.38,12,126
4218608,8365,SC,Trombudo Central,2017,5683262.38,12,126
4218301,8359,SC,Três Barras,2017,11366524.36,12,56
4218707,8367,SC,Tubarão,2017,30310731.22,12,13
4218756,9991,SC,Tunápolis,2017,5683262.38,12,126
4218806,8369,SC,Turvo,2017,7577683.0,12,98
4218855,9973,SC,União do Oeste,2017,5683262.38,12,126
4218905,8371,SC,Urubici,2017,7577683.0,12,98
4218954,9975,SC,Urupema,2017,5683262.38,12,126
4219002,8373,SC,Urussanga,2017,11366524.36,12,56
4219150,5563,SC,Vargem,2017,5683262.38,12,126
4219176,5565,SC,Vargem Bonita,2017,5683262.38,12,126
4219101,8375,SC,Vargeão,2017,5683262.38,12,126
4219200,8377,SC,Vidal Ramos,2017,5683262.38,12,126
4219309,8379,SC,Videira,2017,20838627.79,12,24
4219358,9977,SC,Vitor Meireles,2017,5683262.38,12,126
4219408,8381,SC,Witmarsum,2017,5683262.38,12,126
4219507,8383,SC,Xanxerê,2017,18944207.11,12,29
4219606,8385,SC,Xavantina,2017,5683262.38,12,126
4219705,8387,SC,Xaxim,2017,13260945.120000001,12,46
4219853,950,SC,Zortéa,2017,5683262.38,12,126
4200408,8007,SC,Água Doce,2017,5683262.38,12,126
4200556,5577,SC,Águas Frias,2017,5683262.38,12,126
4200606,8011,SC,Águas Mornas,2017,5683262.38,12,126
4200507,8009,SC,Águas de Chapecó,2017,5683262.38,12,126
4200051,9939,SC,Abdon Batista,2018,6060503.359999999,12,128
4200101,8001,SC,Abelardo Luz,2018,12121006.370000001,12,56
4200200,8003,SC,Agrolândia,2018,8080671.0,12,97
4200309,8005,SC,Agronômica,2018,6060503.359999999,12,128
4200705,8013,SC,Alfredo Wagner,2018,6060503.359999999,12,128
4200754,886,SC,Alto Bela Vista,2018,6060503.359999999,12,128
4200804,8015,SC,Anchieta,2018,6060503.359999999,12,128
4200903,8017,SC,Angelina,2018,6060503.359999999,12,128
4201000,8019,SC,Anita Garibaldi,2018,6060503.359999999,12,128
4201109,8021,SC,Anitápolis,2018,6060503.359999999,12,128
4201208,8023,SC,Antônio Carlos,2018,6060503.359999999,12,128
4201257,9941,SC,Apiúna,2018,8080671.0,12,97
4201273,5597,SC,Arabutã,2018,6060503.359999999,12,128
4201307,8025,SC,Araquari,2018,16161341.67,12,38
4201406,8027,SC,Araranguá,2018,24242012.34,12,19
4201505,8029,SC,Armazém,2018,6060503.359999999,12,128
4201604,8031,SC,Arroio Trinta,2018,6060503.359999999,12,128
4201653,5599,SC,Arvoredo,2018,6060503.359999999,12,128
4201703,8033,SC,Ascurra,2018,6060503.359999999,12,128
4201802,8035,SC,Atalanta,2018,6060503.359999999,12,128
4201901,8037,SC,Aurora,2018,6060503.359999999,12,128
4201950,888,SC,Balneário Arroio do Silva,2018,8080671.0,12,97
4202057,5549,SC,Balneário Barra do Sul,2018,8080671.0,12,97
4202008,8039,SC,Balneário Camboriú,2018,36363018.43,12,11
4202073,890,SC,Balneário Gaivota,2018,8080671.0,12,97
4212809,8251,SC,Balneário Piçarras,2018,12121006.370000001,12,56
4220000,1192,SC,Balneário Rincão,2018,8080671.0,12,97
4202081,892,SC,Bandeirante,2018,6060503.359999999,12,128
4202099,894,SC,Barra Bonita,2018,6060503.359999999,12,128
4202107,8041,SC,Barra Velha,2018,14141173.96,12,47
4202131,896,SC,Bela Vista do Toldo,2018,6060503.359999999,12,128
4202156,5745,SC,Belmonte,2018,6060503.359999999,12,128
4202206,8043,SC,Benedito Novo,2018,8080671.0,12,97
4202305,8045,SC,Biguaçu,2018,24242012.34,12,19
4202404,8047,SC,Blumenau,2018,52956268.269999996,12,2
4202438,898,SC,Bocaina do Sul,2018,6060503.359999999,12,128
4202503,8389,SC,Bom Jardim da Serra,2018,6060503.359999999,12,128
4202537,900,SC,Bom Jesus,2018,6060503.359999999,12,128
4202578,902,SC,Bom Jesus do Oeste,2018,6060503.359999999,12,128
4202602,8049,SC,Bom Retiro,2018,6060503.359999999,12,128
4202453,5537,SC,Bombinhas,2018,12121006.370000001,12,56
4202701,8051,SC,Botuverá,2018,6060503.359999999,12,128
4202800,8053,SC,Braço do Norte,2018,16161341.67,12,38
4202859,5557,SC,Braço do Trombudo,2018,6060503.359999999,12,128
4202875,904,SC,Brunópolis,2018,6060503.359999999,12,128
4202909,8055,SC,Brusque,2018,34342850.72,12,12
4203105,8059,SC,Caibi,2018,6060503.359999999,12,128
4203154,5553,SC,Calmon,2018,6060503.359999999,12,128
4203204,8061,SC,Camboriú,2018,26262180.04,12,15
4203303,8063,SC,Campo Alegre,2018,8080671.0,12,97
4203402,8065,SC,Campo Belo do Sul,2018,6060503.359999999,12,128
4203501,8067,SC,Campo Erê,2018,6060503.359999999,12,128
4203600,8069,SC,Campos Novos,2018,16161341.67,12,38
4203709,8071,SC,Canelinha,2018,8080671.0,12,97
4203808,8073,SC,Canoinhas,2018,22221844.69,12,25
4203907,8075,SC,Capinzal,2018,12121006.370000001,12,56
4203956,5545,SC,Capivari de Baixo,2018,14141173.96,12,47
4203253,906,SC,Capão Alto,2018,6060503.359999999,12,128
4204004,8077,SC,Catanduvas,2018,8080671.0,12,97
4204103,8079,SC,Caxambu do Sul,2018,6060503.359999999,12,128
4203006,8057,SC,Caçador,2018,26262180.04,12,15
4204152,9943,SC,Celso Ramos,2018,6060503.359999999,12,128
4204178,5567,SC,Cerro Negro,2018,6060503.359999999,12,128
4204194,908,SC,Chapadão do Lageado,2018,6060503.359999999,12,128
4204202,8081,SC,Chapecó,2018,52956268.269999996,12,2
4204251,5543,SC,Cocal do Sul,2018,10100838.61,12,82
4204301,8083,SC,Concórdia,2018,26262180.04,12,15
4204350,5579,SC,Cordilheira Alta,2018,6060503.359999999,12,128
4204400,8085,SC,Coronel Freitas,2018,6060503.359999999,12,128
4204459,5735,SC,Coronel Martins,2018,6060503.359999999,12,128
4204558,8395,SC,Correia Pinto,2018,8080671.0,12,97
4204509,8087,SC,Corupá,2018,10100838.61,12,82
4204608,8089,SC,Criciúma,2018,52956268.269999996,12,2
4204707,8091,SC,Cunha Porã,2018,8080671.0,12,97
4204756,910,SC,Cunhataí,2018,6060503.359999999,12,128
4204806,8093,SC,Curitibanos,2018,18181509.31,12,32
4204905,8095,SC,Descanso,2018,6060503.359999999,12,128
4205001,8097,SC,Dionísio Cerqueira,2018,10100838.61,12,82
4205100,8099,SC,Dona Emma,2018,6060503.359999999,12,128
4205159,9945,SC,Doutor Pedrinho,2018,6060503.359999999,12,128
4205175,912,SC,Entre Rios,2018,6060503.359999999,12,128
4205191,914,SC,Ermo,2018,6060503.359999999,12,128
4205209,8101,SC,Erval Velho,2018,6060503.359999999,12,128
4205308,8103,SC,Faxinal dos Guedes,2018,8080671.0,12,97
4205357,916,SC,Flor do Sertão,2018,6060503.359999999,12,128
4205407,8105,SC,Florianópolis,2018,114447915.94999999,12,1
4205431,5581,SC,Formosa do Sul,2018,6060503.359999999,12,128
4205456,973,SC,Forquilhinha,2018,14141173.96,12,47
4205506,8107,SC,Fraiburgo,2018,16161341.67,12,38
4205555,918,SC,Frei Rogério,2018,6060503.359999999,12,128
4205605,8109,SC,Galvão,2018,6060503.359999999,12,128
4205704,8113,SC,Garopaba,2018,12121006.370000001,12,56
4205803,8115,SC,Garuva,2018,12121006.370000001,12,56
4205902,8117,SC,Gaspar,2018,24242012.34,12,19
4206009,8111,SC,Governador Celso Ramos,2018,10100838.61,12,82
4206207,8121,SC,Gravatal,2018,8080671.0,12,97
4206108,8119,SC,Grão Pará,2018,6060503.359999999,12,128
4206306,8123,SC,Guabiruba,2018,12121006.370000001,12,56
4206405,8125,SC,Guaraciaba,2018,8080671.0,12,97
4206504,8127,SC,Guaramirim,2018,18181509.31,12,32
4206603,8129,SC,Guarujá do Sul,2018,6060503.359999999,12,128
4206652,5583,SC,Guatambú,2018,6060503.359999999,12,128
4206702,8131,SC,Herval DOeste,2018,12121006.370000001,12,56
4206751,920,SC,Ibiam,2018,6060503.359999999,12,128
4206801,8133,SC,Ibicaré,2018,6060503.359999999,12,128
4206900,8135,SC,Ibirama,2018,12121006.370000001,12,56
4207106,8139,SC,Ilhota,2018,10100838.61,12,82
4207205,8141,SC,Imaruí,2018,8080671.0,12,97
4207304,8143,SC,Imbituba,2018,18181509.31,12,32
4207403,8145,SC,Imbuia,2018,6060503.359999999,12,128
4207502,8147,SC,Indaial,2018,24242012.34,12,19
4207577,922,SC,Iomerê,2018,6060503.359999999,12,128
4207601,8149,SC,Ipira,2018,6060503.359999999,12,128
4207650,9951,SC,Iporã do Oeste,2018,6060503.359999999,12,128
4207684,5737,SC,Ipuaçu,2018,6060503.359999999,12,128
4207700,8151,SC,Ipumirim,2018,6060503.359999999,12,128
4207759,9953,SC,Iraceminha,2018,6060503.359999999,12,128
4207809,8153,SC,Irani,2018,8080671.0,12,97
4207858,5585,SC,Irati,2018,6060503.359999999,12,128
4207908,8155,SC,Irineópolis,2018,8080671.0,12,97
4208104,8159,SC,Itaiópolis,2018,12121006.370000001,12,56
4208203,8161,SC,Itajaí,2018,52956268.269999996,12,2
4208302,8163,SC,Itapema,2018,24242012.34,12,19
4208401,8165,SC,Itapiranga,2018,10100838.61,12,82
4208450,9985,SC,Itapoá,2018,12121006.370000001,12,56
4208500,8167,SC,Ituporanga,2018,14141173.96,12,47
4208005,8157,SC,Itá,2018,6060503.359999999,12,128
4207007,8137,SC,Içara,2018,22221844.69,12,25
4208609,8169,SC,Jaborá,2018,6060503.359999999,12,128
4208708,8171,SC,Jacinto Machado,2018,8080671.0,12,97
4208807,8173,SC,Jaguaruna,2018,12121006.370000001,12,56
4208906,8175,SC,Jaraguá do Sul,2018,52956268.269999996,12,2
4208955,5587,SC,Jardinópolis,2018,6060503.359999999,12,128
4209003,8177,SC,Joaçaba,2018,14141173.96,12,47
4209102,8179,SC,Joinville,2018,52956268.269999996,12,2
4209151,9957,SC,José Boiteux,2018,6060503.359999999,12,128
4209177,924,SC,Jupiá,2018,6060503.359999999,12,128
4209201,8181,SC,Lacerdópolis,2018,6060503.359999999,12,128
4209300,8183,SC,Lages,2018,52956268.269999996,12,2
4209409,8185,SC,Laguna,2018,20201676.98,12,29
4209458,5739,SC,Lajeado Grande,2018,6060503.359999999,12,128
4209508,8187,SC,Laurentino,2018,6060503.359999999,12,128
4209607,8189,SC,Lauro Muller,2018,10100838.61,12,82
4209706,8191,SC,Lebon Régis,2018,8080671.0,12,97
4209805,8193,SC,Leoberto Leal,2018,6060503.359999999,12,128
4209854,9961,SC,Lindóia do Sul,2018,6060503.359999999,12,128
4209904,8195,SC,Lontras,2018,8080671.0,12,97
4210001,8197,SC,Luiz Alves,2018,8080671.0,12,97
4210035,926,SC,Luzerna,2018,6060503.359999999,12,128
4210050,5575,SC,Macieira,2018,6060503.359999999,12,128
4210100,8199,SC,Mafra,2018,22221844.69,12,25
4210209,8201,SC,Major Gercino,2018,6060503.359999999,12,128
4210308,8203,SC,Major Vieira,2018,6060503.359999999,12,128
4210407,8391,SC,Maracajá,2018,6060503.359999999,12,128
4210506,8205,SC,Maravilha,2018,14141173.96,12,47
4210555,9963,SC,Marema,2018,6060503.359999999,12,128
4210605,8207,SC,Massaranduba,2018,10100838.61,12,82
4210704,8209,SC,Matos Costa,2018,6060503.359999999,12,128
4210803,8211,SC,Meleiro,2018,6060503.359999999,12,128
4210852,5559,SC,Mirim Doce,2018,6060503.359999999,12,128
4210902,8213,SC,Modelo,2018,6060503.359999999,12,128
4211009,8215,SC,Mondaí,2018,8080671.0,12,97
4211058,5561,SC,Monte Carlo,2018,6060503.359999999,12,128
4211108,8217,SC,Monte Castelo,2018,6060503.359999999,12,128
4211256,5539,SC,Morro Grande,2018,6060503.359999999,12,128
4211207,8219,SC,Morro da Fumaça,2018,12121006.370000001,12,56
4211306,8221,SC,Navegantes,2018,26262180.04,12,15
4211405,8223,SC,Nova Erechim,2018,6060503.359999999,12,128
4211454,5589,SC,Nova Itaberaba,2018,6060503.359999999,12,128
4211504,8225,SC,Nova Trento,2018,10100838.61,12,82
4211603,8227,SC,Nova Veneza,2018,10100838.61,12,82
4211652,5591,SC,Novo Horizonte,2018,6060503.359999999,12,128
4211702,8229,SC,Orleans,2018,12121006.370000001,12,56
4211751,8397,SC,Otacílio Costa,2018,12121006.370000001,12,56
4211801,8231,SC,Ouro,2018,6060503.359999999,12,128
4211850,5741,SC,Ouro Verde,2018,6060503.359999999,12,128
4211876,928,SC,Paial,2018,6060503.359999999,12,128
4211892,930,SC,Painel,2018,6060503.359999999,12,128
4211900,8233,SC,Palhoça,2018,52956268.269999996,12,2
4212007,8235,SC,Palma Sola,2018,6060503.359999999,12,128
4212056,932,SC,Palmeira,2018,6060503.359999999,12,128
4212106,8237,SC,Palmitos,2018,10100838.61,12,82
4212205,8239,SC,Papanduva,2018,12121006.370000001,12,56
4212239,5747,SC,Paraíso,2018,6060503.359999999,12,128
4212254,5541,SC,Passo de Torres,2018,6060503.359999999,12,128
4212270,5743,SC,Passos Maia,2018,6060503.359999999,12,128
4212304,8241,SC,Paulo Lopes,2018,6060503.359999999,12,128
4212403,8243,SC,Pedras Grandes,2018,6060503.359999999,12,128
4212502,8245,SC,Penha,2018,16161341.67,12,38
4212601,8247,SC,Peritiba,2018,6060503.359999999,12,128
4212650,1194,SC,Pescaria Brava,2018,6060499.18,12,295
4212700,8249,SC,Petrolândia,2018,6060503.359999999,12,128
4212908,8253,SC,Pinhalzinho,2018,12121006.370000001,12,56
4213005,8255,SC,Pinheiro Preto,2018,6060503.359999999,12,128
4213104,8257,SC,Piratuba,2018,6060503.359999999,12,128
4213153,5593,SC,Planalto Alegre,2018,6060503.359999999,12,128
4213203,8259,SC,Pomerode,2018,16161341.67,12,38
4213302,8261,SC,Ponte Alta,2018,6060503.359999999,12,128
4213351,5569,SC,Ponte Alta do Norte,2018,6060503.359999999,12,128
4213401,8263,SC,Ponte Serrada,2018,8080671.0,12,97
4213500,8265,SC,Porto Belo,2018,12121006.370000001,12,56
4213609,8267,SC,Porto União,2018,16161341.67,12,38
4213708,8269,SC,Pouso Redondo,2018,10100838.61,12,82
4213807,8271,SC,Praia Grande,2018,6060503.359999999,12,128
4213906,8273,SC,Presidente Castelo Branco,2018,6060503.359999999,12,128
4214003,8275,SC,Presidente Getúlio,2018,12121006.370000001,12,56
4214102,8277,SC,Presidente Nereu,2018,6060503.359999999,12,128
4214151,934,SC,Princesa,2018,6060503.359999999,12,128
4214201,8279,SC,Quilombo,2018,6060503.359999999,12,128
4214300,8281,SC,Rancho Queimado,2018,6060503.359999999,12,128
4214904,8293,SC,Rio Fortuna,2018,6060503.359999999,12,128
4215000,8295,SC,Rio Negrinho,2018,18181509.31,12,32
4215059,5571,SC,Rio Rufino,2018,6060503.359999999,12,128
4214409,8283,SC,Rio das Antas,2018,6060503.359999999,12,128
4214508,8285,SC,Rio do Campo,2018,6060503.359999999,12,128
4214607,8287,SC,Rio do Oeste,2018,6060503.359999999,12,128
4214805,8291,SC,Rio do Sul,2018,24242012.34,12,19
4214706,8289,SC,Rio dos Cedros,2018,8080671.0,12,97
4215075,5749,SC,Riqueza,2018,6060503.359999999,12,128
4215109,8297,SC,Rodeio,2018,8080671.0,12,97
4215208,8299,SC,Romelândia,2018,6060503.359999999,12,128
4215307,8301,SC,Salete,2018,6060503.359999999,12,128
4215356,936,SC,Saltinho,2018,6060503.359999999,12,128
4215406,8303,SC,Salto Veloso,2018,6060503.359999999,12,128
4215455,5547,SC,Sangão,2018,8080671.0,12,97
4215505,8305,SC,Santa Cecília,2018,10100838.61,12,82
4215554,5751,SC,Santa Helena,2018,6060503.359999999,12,128
4215604,8307,SC,Santa Rosa de Lima,2018,6060503.359999999,12,128
4215653,9967,SC,Santa Rosa do Sul,2018,6060503.359999999,12,128
4215679,5555,SC,Santa Terezinha,2018,6060503.359999999,12,128
4215687,938,SC,Santa Terezinha do Progresso,2018,6060503.359999999,12,128
4215695,940,SC,Santiago do Sul,2018,6060503.359999999,12,128
4215703,8309,SC,Santo Amaro da Imperatriz,2018,12121006.370000001,12,56
4217303,8341,SC,Saudades,2018,6060503.359999999,12,128
4217402,8343,SC,Schroeder,2018,12121006.370000001,12,56
4217501,8345,SC,Seara,2018,12121006.370000001,12,56
4217550,9989,SC,Serra Alta,2018,6060503.359999999,12,128
4217600,8347,SC,Siderópolis,2018,10100838.61,12,82
4217709,8349,SC,Sombrio,2018,14141173.96,12,47
4217758,5595,SC,Sul Brasil,2018,6060503.359999999,12,128
4215802,8311,SC,São Bento do Sul,2018,28282347.73,12,14
4215752,942,SC,São Bernardino,2018,6060503.359999999,12,128
4215901,8313,SC,São Bonifácio,2018,6060503.359999999,12,128
4216008,8315,SC,São Carlos,2018,8080671.0,12,97
4216057,5573,SC,São Cristovão do Sul,2018,6060503.359999999,12,128
4216107,8317,SC,São Domingos,2018,6060503.359999999,12,128
4216206,8319,SC,São Francisco do Sul,2018,20201676.98,12,29
4216503,8325,SC,São Joaquim,2018,14141173.96,12,47
4216602,8327,SC,São José,2018,52956268.269999996,12,2
4216701,8329,SC,São José do Cedro,2018,10100838.61,12,82
4216800,8331,SC,São José do Cerrito,2018,6060503.359999999,12,128
4216305,8321,SC,São João Batista,2018,16161341.67,12,38
4216354,5551,SC,São João do Itaperiú,2018,6060503.359999999,12,128
4216255,5753,SC,São João do Oeste,2018,6060503.359999999,12,128
4216404,8323,SC,São João do Sul,2018,6060503.359999999,12,128
4216909,8333,SC,São Lourenço do Oeste,2018,12121006.370000001,12,56
4217006,8335,SC,São Ludgero,2018,8080671.0,12,97
4217105,8337,SC,São Martinho,2018,6060503.359999999,12,128
4217204,8339,SC,São Miguel DOeste,2018,18181509.31,12,32
4217154,5755,SC,São Miguel da Boa Vista,2018,6060503.359999999,12,128
4217253,944,SC,São Pedro de Alcântara,2018,6060503.359999999,12,128
4217808,8351,SC,Taió,2018,12121006.370000001,12,56
4217907,8353,SC,Tangará,2018,6060503.359999999,12,128
4217956,946,SC,Tigrinhos,2018,6060503.359999999,12,128
4218004,8355,SC,Tijucas,2018,16161341.67,12,38
4218103,8393,SC,Timbé do Sul,2018,6060503.359999999,12,128
4218202,8357,SC,Timbó,2018,18181509.31,12,32
4218251,9971,SC,Timbó Grande,2018,6060503.359999999,12,128
4218350,948,SC,Treviso,2018,6060503.359999999,12,128
4218509,8363,SC,Treze Tílias,2018,6060503.359999999,12,128
4218400,8361,SC,Treze de Maio,2018,6060503.359999999,12,128
4218608,8365,SC,Trombudo Central,2018,6060503.359999999,12,128
4218301,8359,SC,Três Barras,2018,12121006.370000001,12,56
4218707,8367,SC,Tubarão,2018,32322682.99,12,13
4218756,9991,SC,Tunápolis,2018,6060503.359999999,12,128
4218806,8369,SC,Turvo,2018,8080671.0,12,97
4218855,9973,SC,União do Oeste,2018,6060503.359999999,12,128
4218905,8371,SC,Urubici,2018,8080671.0,12,97
4218954,9975,SC,Urupema,2018,6060503.359999999,12,128
4219002,8373,SC,Urussanga,2018,12121006.370000001,12,56
4219150,5563,SC,Vargem,2018,6060503.359999999,12,128
4219176,5565,SC,Vargem Bonita,2018,6060503.359999999,12,128
4219101,8375,SC,Vargeão,2018,6060503.359999999,12,128
4219200,8377,SC,Vidal Ramos,2018,6060503.359999999,12,128
4219309,8379,SC,Videira,2018,22221844.69,12,25
4219358,9977,SC,Vitor Meireles,2018,6060503.359999999,12,128
4219408,8381,SC,Witmarsum,2018,6060503.359999999,12,128
4219507,8383,SC,Xanxerê,2018,20201676.98,12,29
4219606,8385,SC,Xavantina,2018,6060503.359999999,12,128
4219705,8387,SC,Xaxim,2018,14141173.96,12,47
4219853,950,SC,Zortéa,2018,6060503.359999999,12,128
4200408,8007,SC,Água Doce,2018,6060503.359999999,12,128
4200556,5577,SC,Águas Frias,2018,6060503.359999999,12,128
4200606,8011,SC,Águas Mornas,2018,6060503.359999999,12,128
4200507,8009,SC,Águas de Chapecó,2018,6060503.359999999,12,128
4200051,9939,SC,Abdon Batista,2019,6574238.97,12,129
4200101,8001,SC,Abelardo Luz,2019,13148477.629999999,12,57
4200200,8003,SC,Agrolândia,2019,8765651.86,12,97
4200309,8005,SC,Agronômica,2019,6574238.97,12,129
4200705,8013,SC,Alfredo Wagner,2019,6574238.97,12,129
4200754,886,SC,Alto Bela Vista,2019,6574238.97,12,129
4200804,8015,SC,Anchieta,2019,6574238.97,12,129
4200903,8017,SC,Angelina,2019,6574238.97,12,129
4201000,8019,SC,Anita Garibaldi,2019,6574238.97,12,129
4201109,8021,SC,Anitápolis,2019,6574238.97,12,129
4201208,8023,SC,Antônio Carlos,2019,6574238.97,12,129
4201257,9941,SC,Apiúna,2019,8765651.86,12,97
4201273,5597,SC,Arabutã,2019,6574238.97,12,129
4201307,8025,SC,Araquari,2019,17531303.37,12,39
4201406,8027,SC,Araranguá,2019,26296954.89,12,19
4201505,8029,SC,Armazém,2019,6574238.97,12,129
4201604,8031,SC,Arroio Trinta,2019,6574238.97,12,129
4201653,5599,SC,Arvoredo,2019,6574238.97,12,129
4201703,8033,SC,Ascurra,2019,6574238.97,12,129
4201802,8035,SC,Atalanta,2019,6574238.97,12,129
4201901,8037,SC,Aurora,2019,6574238.97,12,129
4201950,888,SC,Balneário Arroio do Silva,2019,8765651.86,12,97
4202057,5549,SC,Balneário Barra do Sul,2019,8765651.86,12,97
4202008,8039,SC,Balneário Camboriú,2019,39445432.28,12,11
4202073,890,SC,Balneário Gaivota,2019,8765651.86,12,97
4212809,8251,SC,Balneário Piçarras,2019,13148477.629999999,12,57
4220000,1192,SC,Balneário Rincão,2019,8765651.86,12,97
4202081,892,SC,Bandeirante,2019,6574238.97,12,129
4202099,894,SC,Barra Bonita,2019,6574238.97,12,129
4202107,8041,SC,Barra Velha,2019,15339890.45,12,47
4202131,896,SC,Bela Vista do Toldo,2019,6574238.97,12,129
4202156,5745,SC,Belmonte,2019,6574238.97,12,129
4202206,8043,SC,Benedito Novo,2019,8765651.86,12,97
4202305,8045,SC,Biguaçu,2019,26296954.89,12,19
4202404,8047,SC,Blumenau,2019,57281077.72,12,2
4202438,898,SC,Bocaina do Sul,2019,6574238.97,12,129
4202503,8389,SC,Bom Jardim da Serra,2019,6574238.97,12,129
4202537,900,SC,Bom Jesus,2019,6574238.97,12,129
4202578,902,SC,Bom Jesus do Oeste,2019,6574238.97,12,129
4202602,8049,SC,Bom Retiro,2019,6574238.97,12,129
4202453,5537,SC,Bombinhas,2019,13148477.629999999,12,57
4202701,8051,SC,Botuverá,2019,6574238.97,12,129
4202800,8053,SC,Braço do Norte,2019,17531303.37,12,39
4202859,5557,SC,Braço do Trombudo,2019,6574238.97,12,129
4202875,904,SC,Brunópolis,2019,6574238.97,12,129
4202909,8055,SC,Brusque,2019,39445432.28,12,11
4203105,8059,SC,Caibi,2019,6574238.97,12,129
4203154,5553,SC,Calmon,2019,6574238.97,12,129
4203204,8061,SC,Camboriú,2019,28488367.84,12,15
4203303,8063,SC,Campo Alegre,2019,8765651.86,12,97
4203402,8065,SC,Campo Belo do Sul,2019,6574238.97,12,129
4203501,8067,SC,Campo Erê,2019,6574238.97,12,129
4203600,8069,SC,Campos Novos,2019,17531303.37,12,39
4203709,8071,SC,Canelinha,2019,8765651.86,12,97
4203808,8073,SC,Canoinhas,2019,24105541.98,12,25
4203907,8075,SC,Capinzal,2019,13148477.629999999,12,57
4203956,5545,SC,Capivari de Baixo,2019,15339890.45,12,47
4203253,906,SC,Capão Alto,2019,6574238.97,12,129
4204004,8077,SC,Catanduvas,2019,8765651.86,12,97
4204103,8079,SC,Caxambu do Sul,2019,6574238.97,12,129
4203006,8057,SC,Caçador,2019,28488367.84,12,15
4204152,9943,SC,Celso Ramos,2019,6574238.97,12,129
4204178,5567,SC,Cerro Negro,2019,6574238.97,12,129
4204194,908,SC,Chapadão do Lageado,2019,6574238.97,12,129
4204202,8081,SC,Chapecó,2019,57281077.72,12,2
4204251,5543,SC,Cocal do Sul,2019,10957064.71,12,83
4204301,8083,SC,Concórdia,2019,28488367.84,12,15
4204350,5579,SC,Cordilheira Alta,2019,6574238.97,12,129
4204400,8085,SC,Coronel Freitas,2019,6574238.97,12,129
4204459,5735,SC,Coronel Martins,2019,6574238.97,12,129
4204558,8395,SC,Correia Pinto,2019,8765651.86,12,97
4204509,8087,SC,Corupá,2019,10957064.71,12,83
4204608,8089,SC,Criciúma,2019,57281077.72,12,2
4204707,8091,SC,Cunha Porã,2019,8765651.86,12,97
4204756,910,SC,Cunhataí,2019,6574238.97,12,129
4204806,8093,SC,Curitibanos,2019,19722716.24,12,33
4204905,8095,SC,Descanso,2019,6574238.97,12,129
4205001,8097,SC,Dionísio Cerqueira,2019,10957064.71,12,83
4205100,8099,SC,Dona Emma,2019,6574238.97,12,129
4205159,9945,SC,Doutor Pedrinho,2019,6574238.97,12,129
4205175,912,SC,Entre Rios,2019,6574238.97,12,129
4205191,914,SC,Ermo,2019,6574238.97,12,129
4205209,8101,SC,Erval Velho,2019,6574238.97,12,129
4205308,8103,SC,Faxinal dos Guedes,2019,8765651.86,12,97
4205357,916,SC,Flor do Sertão,2019,6574238.97,12,129
4205407,8105,SC,Florianópolis,2019,123689763.27000001,12,1
4205431,5581,SC,Formosa do Sul,2019,6574238.97,12,129
4205456,973,SC,Forquilhinha,2019,15339890.45,12,47
4205506,8107,SC,Fraiburgo,2019,17531303.37,12,39
4205555,918,SC,Frei Rogério,2019,6574238.97,12,129
4205605,8109,SC,Galvão,2019,6574238.97,12,129
4205704,8113,SC,Garopaba,2019,13148477.629999999,12,57
4205803,8115,SC,Garuva,2019,13148477.629999999,12,57
4205902,8117,SC,Gaspar,2019,26296954.89,12,19
4206009,8111,SC,Governador Celso Ramos,2019,10957064.71,12,83
4206207,8121,SC,Gravatal,2019,8765651.86,12,97
4206108,8119,SC,Grão Pará,2019,6574238.97,12,129
4206306,8123,SC,Guabiruba,2019,13148477.629999999,12,57
4206405,8125,SC,Guaraciaba,2019,8765651.86,12,97
4206504,8127,SC,Guaramirim,2019,19722716.24,12,33
4206603,8129,SC,Guarujá do Sul,2019,6574238.97,12,129
4206652,5583,SC,Guatambú,2019,6574238.97,12,129
4206702,8131,SC,Herval DOeste,2019,13148477.629999999,12,57
4206751,920,SC,Ibiam,2019,6574238.97,12,129
4206801,8133,SC,Ibicaré,2019,6574238.97,12,129
4206900,8135,SC,Ibirama,2019,13148477.629999999,12,57
4207106,8139,SC,Ilhota,2019,10957064.71,12,83
4207205,8141,SC,Imaruí,2019,8765651.86,12,97
4207304,8143,SC,Imbituba,2019,21914129.19,12,30
4207403,8145,SC,Imbuia,2019,6574238.97,12,129
4207502,8147,SC,Indaial,2019,26296954.89,12,19
4207577,922,SC,Iomerê,2019,6574238.97,12,129
4207601,8149,SC,Ipira,2019,6574238.97,12,129
4207650,9951,SC,Iporã do Oeste,2019,6574238.97,12,129
4207684,5737,SC,Ipuaçu,2019,6574238.97,12,129
4207700,8151,SC,Ipumirim,2019,6574238.97,12,129
4207759,9953,SC,Iraceminha,2019,6574238.97,12,129
4207809,8153,SC,Irani,2019,8765651.86,12,97
4207858,5585,SC,Irati,2019,6574238.97,12,129
4207908,8155,SC,Irineópolis,2019,8765651.86,12,97
4208104,8159,SC,Itaiópolis,2019,13148477.629999999,12,57
4208203,8161,SC,Itajaí,2019,57281077.72,12,2
4208302,8163,SC,Itapema,2019,26296954.89,12,19
4208401,8165,SC,Itapiranga,2019,10957064.71,12,83
4208450,9985,SC,Itapoá,2019,13148477.629999999,12,57
4208500,8167,SC,Ituporanga,2019,15339890.45,12,47
4208005,8157,SC,Itá,2019,6574238.97,12,129
4207007,8137,SC,Içara,2019,24105541.98,12,25
4208609,8169,SC,Jaborá,2019,6574238.97,12,129
4208708,8171,SC,Jacinto Machado,2019,8765651.86,12,97
4208807,8173,SC,Jaguaruna,2019,13148477.629999999,12,57
4208906,8175,SC,Jaraguá do Sul,2019,57281077.72,12,2
4208955,5587,SC,Jardinópolis,2019,6574238.97,12,129
4209003,8177,SC,Joaçaba,2019,15339890.45,12,47
4209102,8179,SC,Joinville,2019,57281077.72,12,2
4209151,9957,SC,José Boiteux,2019,6574238.97,12,129
4209177,924,SC,Jupiá,2019,6574238.97,12,129
4209201,8181,SC,Lacerdópolis,2019,6574238.97,12,129
4209300,8183,SC,Lages,2019,57281077.72,12,2
4209409,8185,SC,Laguna,2019,21914129.19,12,30
4209458,5739,SC,Lajeado Grande,2019,6574238.97,12,129
4209508,8187,SC,Laurentino,2019,6574238.97,12,129
4209607,8189,SC,Lauro Muller,2019,10957064.71,12,83
4209706,8191,SC,Lebon Régis,2019,8765651.86,12,97
4209805,8193,SC,Leoberto Leal,2019,6574238.97,12,129
4209854,9961,SC,Lindóia do Sul,2019,6574238.97,12,129
4209904,8195,SC,Lontras,2019,8765651.86,12,97
4210001,8197,SC,Luiz Alves,2019,8765651.86,12,97
4210035,926,SC,Luzerna,2019,6574238.97,12,129
4210050,5575,SC,Macieira,2019,6574238.97,12,129
4210100,8199,SC,Mafra,2019,24105541.98,12,25
4210209,8201,SC,Major Gercino,2019,6574238.97,12,129
4210308,8203,SC,Major Vieira,2019,6574238.97,12,129
4210407,8391,SC,Maracajá,2019,6574238.97,12,129
4210506,8205,SC,Maravilha,2019,15339890.45,12,47
4210555,9963,SC,Marema,2019,6574238.97,12,129
4210605,8207,SC,Massaranduba,2019,10957064.71,12,83
4210704,8209,SC,Matos Costa,2019,6574238.97,12,129
4210803,8211,SC,Meleiro,2019,6574238.97,12,129
4210852,5559,SC,Mirim Doce,2019,6574238.97,12,129
4210902,8213,SC,Modelo,2019,6574238.97,12,129
4211009,8215,SC,Mondaí,2019,8765651.86,12,97
4211058,5561,SC,Monte Carlo,2019,6574238.97,12,129
4211108,8217,SC,Monte Castelo,2019,6574238.97,12,129
4211256,5539,SC,Morro Grande,2019,6574238.97,12,129
4211207,8219,SC,Morro da Fumaça,2019,13148477.629999999,12,57
4211306,8221,SC,Navegantes,2019,28488367.84,12,15
4211405,8223,SC,Nova Erechim,2019,6574238.97,12,129
4211454,5589,SC,Nova Itaberaba,2019,6574238.97,12,129
4211504,8225,SC,Nova Trento,2019,10957064.71,12,83
4211603,8227,SC,Nova Veneza,2019,10957064.71,12,83
4211652,5591,SC,Novo Horizonte,2019,6574238.97,12,129
4211702,8229,SC,Orleans,2019,13148477.629999999,12,57
4211751,8397,SC,Otacílio Costa,2019,13148477.629999999,12,57
4211801,8231,SC,Ouro,2019,6574238.97,12,129
4211850,5741,SC,Ouro Verde,2019,6574238.97,12,129
4211876,928,SC,Paial,2019,6574238.97,12,129
4211892,930,SC,Painel,2019,6574238.97,12,129
4211900,8233,SC,Palhoça,2019,57281077.72,12,2
4212007,8235,SC,Palma Sola,2019,6574238.97,12,129
4212056,932,SC,Palmeira,2019,6574238.97,12,129
4212106,8237,SC,Palmitos,2019,10957064.71,12,83
4212205,8239,SC,Papanduva,2019,13148477.629999999,12,57
4212239,5747,SC,Paraíso,2019,6574238.97,12,129
4212254,5541,SC,Passo de Torres,2019,6574238.97,12,129
4212270,5743,SC,Passos Maia,2019,6574238.97,12,129
4212304,8241,SC,Paulo Lopes,2019,6574238.97,12,129
4212403,8243,SC,Pedras Grandes,2019,6574238.97,12,129
4212502,8245,SC,Penha,2019,17531303.37,12,39
4212601,8247,SC,Peritiba,2019,6574238.97,12,129
4212650,1194,SC,Pescaria Brava,2019,6574240.39,12,128
4212700,8249,SC,Petrolândia,2019,6574238.97,12,129
4212908,8253,SC,Pinhalzinho,2019,13148477.629999999,12,57
4213005,8255,SC,Pinheiro Preto,2019,6574238.97,12,129
4213104,8257,SC,Piratuba,2019,6574238.97,12,129
4213153,5593,SC,Planalto Alegre,2019,6574238.97,12,129
4213203,8259,SC,Pomerode,2019,17531303.37,12,39
4213302,8261,SC,Ponte Alta,2019,6574238.97,12,129
4213351,5569,SC,Ponte Alta do Norte,2019,6574238.97,12,129
4213401,8263,SC,Ponte Serrada,2019,8765651.86,12,97
4213500,8265,SC,Porto Belo,2019,13148477.629999999,12,57
4213609,8267,SC,Porto União,2019,17531303.37,12,39
4213708,8269,SC,Pouso Redondo,2019,13148477.629999999,12,57
4213807,8271,SC,Praia Grande,2019,6574238.97,12,129
4213906,8273,SC,Presidente Castelo Branco,2019,6574238.97,12,129
4214003,8275,SC,Presidente Getúlio,2019,13148477.629999999,12,57
4214102,8277,SC,Presidente Nereu,2019,6574238.97,12,129
4214151,934,SC,Princesa,2019,6574238.97,12,129
4214201,8279,SC,Quilombo,2019,6574238.97,12,129
4214300,8281,SC,Rancho Queimado,2019,6574238.97,12,129
4214904,8293,SC,Rio Fortuna,2019,6574238.97,12,129
4215000,8295,SC,Rio Negrinho,2019,19722716.24,12,33
4215059,5571,SC,Rio Rufino,2019,6574238.97,12,129
4214409,8283,SC,Rio das Antas,2019,6574238.97,12,129
4214508,8285,SC,Rio do Campo,2019,6574238.97,12,129
4214607,8287,SC,Rio do Oeste,2019,6574238.97,12,129
4214805,8291,SC,Rio do Sul,2019,26296954.89,12,19
4214706,8289,SC,Rio dos Cedros,2019,8765651.86,12,97
4215075,5749,SC,Riqueza,2019,6574238.97,12,129
4215109,8297,SC,Rodeio,2019,8765651.86,12,97
4215208,8299,SC,Romelândia,2019,6574238.97,12,129
4215307,8301,SC,Salete,2019,6574238.97,12,129
4215356,936,SC,Saltinho,2019,6574238.97,12,129
4215406,8303,SC,Salto Veloso,2019,6574238.97,12,129
4215455,5547,SC,Sangão,2019,8765651.86,12,97
4215505,8305,SC,Santa Cecília,2019,10957064.71,12,83
4215554,5751,SC,Santa Helena,2019,6574238.97,12,129
4215604,8307,SC,Santa Rosa de Lima,2019,6574238.97,12,129
4215653,9967,SC,Santa Rosa do Sul,2019,6574238.97,12,129
4215679,5555,SC,Santa Terezinha,2019,6574238.97,12,129
4215687,938,SC,Santa Terezinha do Progresso,2019,6574238.97,12,129
4215695,940,SC,Santiago do Sul,2019,6574238.97,12,129
4215703,8309,SC,Santo Amaro da Imperatriz,2019,13148477.629999999,12,57
4217303,8341,SC,Saudades,2019,6574238.97,12,129
4217402,8343,SC,Schroeder,2019,13148477.629999999,12,57
4217501,8345,SC,Seara,2019,13148477.629999999,12,57
4217550,9989,SC,Serra Alta,2019,6574238.97,12,129
4217600,8347,SC,Siderópolis,2019,10957064.71,12,83
4217709,8349,SC,Sombrio,2019,15339890.45,12,47
4217758,5595,SC,Sul Brasil,2019,6574238.97,12,129
4215802,8311,SC,São Bento do Sul,2019,30679780.73,12,14
4215752,942,SC,São Bernardino,2019,6574238.97,12,129
4215901,8313,SC,São Bonifácio,2019,6574238.97,12,129
4216008,8315,SC,São Carlos,2019,8765651.86,12,97
4216057,5573,SC,São Cristovão do Sul,2019,6574238.97,12,129
4216107,8317,SC,São Domingos,2019,6574238.97,12,129
4216206,8319,SC,São Francisco do Sul,2019,24105541.98,12,25
4216503,8325,SC,São Joaquim,2019,15339890.45,12,47
4216602,8327,SC,São José,2019,57281077.72,12,2
4216701,8329,SC,São José do Cedro,2019,10957064.71,12,83
4216800,8331,SC,São José do Cerrito,2019,6574238.97,12,129
4216305,8321,SC,São João Batista,2019,17531303.37,12,39
4216354,5551,SC,São João do Itaperiú,2019,6574238.97,12,129
4216255,5753,SC,São João do Oeste,2019,6574238.97,12,129
4216404,8323,SC,São João do Sul,2019,6574238.97,12,129
4216909,8333,SC,São Lourenço do Oeste,2019,15339890.45,12,47
4217006,8335,SC,São Ludgero,2019,8765651.86,12,97
4217105,8337,SC,São Martinho,2019,6574238.97,12,129
4217204,8339,SC,São Miguel DOeste,2019,19722716.24,12,33
4217154,5755,SC,São Miguel da Boa Vista,2019,6574238.97,12,129
4217253,944,SC,São Pedro de Alcântara,2019,6574238.97,12,129
4217808,8351,SC,Taió,2019,13148477.629999999,12,57
4217907,8353,SC,Tangará,2019,6574238.97,12,129
4217956,946,SC,Tigrinhos,2019,6574238.97,12,129
4218004,8355,SC,Tijucas,2019,19722716.24,12,33
4218103,8393,SC,Timbé do Sul,2019,6574238.97,12,129
4218202,8357,SC,Timbó,2019,19722716.24,12,33
4218251,9971,SC,Timbó Grande,2019,6574238.97,12,129
4218350,948,SC,Treviso,2019,6574238.97,12,129
4218509,8363,SC,Treze Tílias,2019,6574238.97,12,129
4218400,8361,SC,Treze de Maio,2019,6574238.97,12,129
4218608,8365,SC,Trombudo Central,2019,6574238.97,12,129
4218301,8359,SC,Três Barras,2019,13148477.629999999,12,57
4218707,8367,SC,Tubarão,2019,35062606.47,12,13
4218756,9991,SC,Tunápolis,2019,6574238.97,12,129
4218806,8369,SC,Turvo,2019,8765651.86,12,97
4218855,9973,SC,União do Oeste,2019,6574238.97,12,129
4218905,8371,SC,Urubici,2019,8765651.86,12,97
4218954,9975,SC,Urupema,2019,6574238.97,12,129
4219002,8373,SC,Urussanga,2019,13148477.629999999,12,57
4219150,5563,SC,Vargem,2019,6574238.97,12,129
4219176,5565,SC,Vargem Bonita,2019,6574238.97,12,129
4219101,8375,SC,Vargeão,2019,6574238.97,12,129
4219200,8377,SC,Vidal Ramos,2019,6574238.97,12,129
4219309,8379,SC,Videira,2019,24105541.98,12,25
4219358,9977,SC,Vitor Meireles,2019,6574238.97,12,129
4219408,8381,SC,Witmarsum,2019,6574238.97,12,129
4219507,8383,SC,Xanxerê,2019,21914129.19,12,30
4219606,8385,SC,Xavantina,2019,6574238.97,12,129
4219705,8387,SC,Xaxim,2019,15339890.45,12,47
4219853,950,SC,Zortéa,2019,6574238.97,12,129
4200408,8007,SC,Água Doce,2019,6574238.97,12,129
4200556,5577,SC,Águas Frias,2019,6574238.97,12,129
4200606,8011,SC,Águas Mornas,2019,6574238.97,12,129
4200507,8009,SC,Águas de Chapecó,2019,6574238.97,12,129
4200051,9939,SC,Abdon Batista,2020,6271904.21,12,129
4200101,8001,SC,Abelardo Luz,2020,12543808.04,12,58
4200200,8003,SC,Agrolândia,2020,8362538.7700000005,12,97
4200309,8005,SC,Agronômica,2020,6271904.21,12,129
4200705,8013,SC,Alfredo Wagner,2020,6271904.21,12,129
4200754,886,SC,Alto Bela Vista,2020,6271904.21,12,129
4200804,8015,SC,Anchieta,2020,6271904.21,12,129
4200903,8017,SC,Angelina,2020,6271904.21,12,129
4201000,8019,SC,Anita Garibaldi,2020,6271904.21,12,129
4201109,8021,SC,Anitápolis,2020,6271904.21,12,129
4201208,8023,SC,Antônio Carlos,2020,6271904.21,12,129
4201257,9941,SC,Apiúna,2020,8362538.7700000005,12,97
4201273,5597,SC,Arabutã,2020,6271904.21,12,129
4201307,8025,SC,Araquari,2020,18815711.97,12,35
4201406,8027,SC,Araranguá,2020,25087615.78,12,19
4201505,8029,SC,Armazém,2020,6271904.21,12,129
4201604,8031,SC,Arroio Trinta,2020,6271904.21,12,129
4201653,5599,SC,Arvoredo,2020,6271904.21,12,129
4201703,8033,SC,Ascurra,2020,6271904.21,12,129
4201802,8035,SC,Atalanta,2020,6271904.21,12,129
4201901,8037,SC,Aurora,2020,6271904.21,12,129
4201950,888,SC,Balneário Arroio do Silva,2020,8362538.7700000005,12,97
4202057,5549,SC,Balneário Barra do Sul,2020,8362538.7700000005,12,97
4202008,8039,SC,Balneário Camboriú,2020,37631423.57,12,11
4202073,890,SC,Balneário Gaivota,2020,8362538.7700000005,12,97
4212809,8251,SC,Balneário Piçarras,2020,12543808.04,12,58
4220000,1192,SC,Balneário Rincão,2020,8362538.7700000005,12,97
4202081,892,SC,Bandeirante,2020,6271904.21,12,129
4202099,894,SC,Barra Bonita,2020,6271904.21,12,129
4202107,8041,SC,Barra Velha,2020,14634442.69,12,47
4202131,896,SC,Bela Vista do Toldo,2020,6271904.21,12,129
4202156,5745,SC,Belmonte,2020,6271904.21,12,129
4202206,8043,SC,Benedito Novo,2020,8362538.7700000005,12,97
4202305,8045,SC,Biguaçu,2020,25087615.78,12,19
4202404,8047,SC,Blumenau,2020,54640582.77,12,2
4202438,898,SC,Bocaina do Sul,2020,6271904.21,12,129
4202503,8389,SC,Bom Jardim da Serra,2020,6271904.21,12,129
4202537,900,SC,Bom Jesus,2020,6271904.21,12,129
4202578,902,SC,Bom Jesus do Oeste,2020,6271904.21,12,129
4202602,8049,SC,Bom Retiro,2020,6271904.21,12,129
4202453,5537,SC,Bombinhas,2020,12543808.04,12,58
4202701,8051,SC,Botuverá,2020,6271904.21,12,129
4202800,8053,SC,Braço do Norte,2020,16725077.25,12,41
4202859,5557,SC,Braço do Trombudo,2020,6271904.21,12,129
4202875,904,SC,Brunópolis,2020,6271904.21,12,129
4202909,8055,SC,Brusque,2020,37631423.57,12,11
4203105,8059,SC,Caibi,2020,6271904.21,12,129
4203154,5553,SC,Calmon,2020,6271904.21,12,129
4203204,8061,SC,Camboriú,2020,29268885.04,12,14
4203303,8063,SC,Campo Alegre,2020,8362538.7700000005,12,97
4203402,8065,SC,Campo Belo do Sul,2020,6271904.21,12,129
4203501,8067,SC,Campo Erê,2020,6271904.21,12,129
4203600,8069,SC,Campos Novos,2020,16725077.25,12,41
4203709,8071,SC,Canelinha,2020,8362538.7700000005,12,97
4203808,8073,SC,Canoinhas,2020,22996981.16,12,25
4203907,8075,SC,Capinzal,2020,12543808.04,12,58
4203956,5545,SC,Capivari de Baixo,2020,14634442.69,12,47
4203253,906,SC,Capão Alto,2020,6271904.21,12,129
4204004,8077,SC,Catanduvas,2020,8362538.7700000005,12,97
4204103,8079,SC,Caxambu do Sul,2020,6271904.21,12,129
4203006,8057,SC,Caçador,2020,27178250.4,12,16
4204152,9943,SC,Celso Ramos,2020,6271904.21,12,129
4204178,5567,SC,Cerro Negro,2020,6271904.21,12,129
4204194,908,SC,Chapadão do Lageado,2020,6271904.21,12,129
4204202,8081,SC,Chapecó,2020,54640582.77,12,2
4204251,5543,SC,Cocal do Sul,2020,10453173.36,12,83
4204301,8083,SC,Concórdia,2020,27178250.4,12,16
4204350,5579,SC,Cordilheira Alta,2020,6271904.21,12,129
4204400,8085,SC,Coronel Freitas,2020,6271904.21,12,129
4204459,5735,SC,Coronel Martins,2020,6271904.21,12,129
4204558,8395,SC,Correia Pinto,2020,8362538.7700000005,12,97
4204509,8087,SC,Corupá,2020,10453173.36,12,83
4204608,8089,SC,Criciúma,2020,54640582.77,12,2
4204707,8091,SC,Cunha Porã,2020,8362538.7700000005,12,97
4204756,910,SC,Cunhataí,2020,6271904.21,12,129
4204806,8093,SC,Curitibanos,2020,18815711.97,12,35
4204905,8095,SC,Descanso,2020,6271904.21,12,129
4205001,8097,SC,Dionísio Cerqueira,2020,10453173.36,12,83
4205100,8099,SC,Dona Emma,2020,6271904.21,12,129
4205159,9945,SC,Doutor Pedrinho,2020,6271904.21,12,129
4205175,912,SC,Entre Rios,2020,6271904.21,12,129
4205191,914,SC,Ermo,2020,6271904.21,12,129
4205209,8101,SC,Erval Velho,2020,6271904.21,12,129
4205308,8103,SC,Faxinal dos Guedes,2020,8362538.7700000005,12,97
4205357,916,SC,Flor do Sertão,2020,6271904.21,12,129
4205407,8105,SC,Florianópolis,2020,119267189.91,12,1
4205431,5581,SC,Formosa do Sul,2020,6271904.21,12,129
4205456,973,SC,Forquilhinha,2020,14634442.69,12,47
4205506,8107,SC,Fraiburgo,2020,16725077.25,12,41
4205555,918,SC,Frei Rogério,2020,6271904.21,12,129
4205605,8109,SC,Galvão,2020,6271904.21,12,129
4205704,8113,SC,Garopaba,2020,12543808.04,12,58
4205803,8115,SC,Garuva,2020,12543808.04,12,58
4205902,8117,SC,Gaspar,2020,25087615.78,12,19
4206009,8111,SC,Governador Celso Ramos,2020,10453173.36,12,83
4206207,8121,SC,Gravatal,2020,8362538.7700000005,12,97
4206108,8119,SC,Grão Pará,2020,6271904.21,12,129
4206306,8123,SC,Guabiruba,2020,14634442.69,12,47
4206405,8125,SC,Guaraciaba,2020,8362538.7700000005,12,97
4206504,8127,SC,Guaramirim,2020,20906346.54,12,31
4206603,8129,SC,Guarujá do Sul,2020,6271904.21,12,129
4206652,5583,SC,Guatambú,2020,6271904.21,12,129
4206702,8131,SC,Herval DOeste,2020,12543808.04,12,58
4206751,920,SC,Ibiam,2020,6271904.21,12,129
4206801,8133,SC,Ibicaré,2020,6271904.21,12,129
4206900,8135,SC,Ibirama,2020,12543808.04,12,58
4207106,8139,SC,Ilhota,2020,10453173.36,12,83
4207205,8141,SC,Imaruí,2020,8362538.7700000005,12,97
4207304,8143,SC,Imbituba,2020,20906346.54,12,31
4207403,8145,SC,Imbuia,2020,6271904.21,12,129
4207502,8147,SC,Indaial,2020,25087615.78,12,19
4207577,922,SC,Iomerê,2020,6271904.21,12,129
4207601,8149,SC,Ipira,2020,6271904.21,12,129
4207650,9951,SC,Iporã do Oeste,2020,6271904.21,12,129
4207684,5737,SC,Ipuaçu,2020,6271904.21,12,129
4207700,8151,SC,Ipumirim,2020,6271904.21,12,129
4207759,9953,SC,Iraceminha,2020,6271904.21,12,129
4207809,8153,SC,Irani,2020,8362538.7700000005,12,97
4207858,5585,SC,Irati,2020,6271904.21,12,129
4207908,8155,SC,Irineópolis,2020,8362538.7700000005,12,97
4208104,8159,SC,Itaiópolis,2020,12543808.04,12,58
4208203,8161,SC,Itajaí,2020,54640582.77,12,2
4208302,8163,SC,Itapema,2020,25087615.78,12,19
4208401,8165,SC,Itapiranga,2020,10453173.36,12,83
4208450,9985,SC,Itapoá,2020,12543808.04,12,58
4208500,8167,SC,Ituporanga,2020,14634442.69,12,47
4208005,8157,SC,Itá,2020,6271904.21,12,129
4207007,8137,SC,Içara,2020,22996981.16,12,25
4208609,8169,SC,Jaborá,2020,6271904.21,12,129
4208708,8171,SC,Jacinto Machado,2020,8362538.7700000005,12,97
4208807,8173,SC,Jaguaruna,2020,12543808.04,12,58
4208906,8175,SC,Jaraguá do Sul,2020,54640582.77,12,2
4208955,5587,SC,Jardinópolis,2020,6271904.21,12,129
4209003,8177,SC,Joaçaba,2020,14634442.69,12,47
4209102,8179,SC,Joinville,2020,54640582.77,12,2
4209151,9957,SC,José Boiteux,2020,6271904.21,12,129
4209177,924,SC,Jupiá,2020,6271904.21,12,129
4209201,8181,SC,Lacerdópolis,2020,6271904.21,12,129
4209300,8183,SC,Lages,2020,54640582.77,12,2
4209409,8185,SC,Laguna,2020,20906346.54,12,31
4209458,5739,SC,Lajeado Grande,2020,6271904.21,12,129
4209508,8187,SC,Laurentino,2020,6271904.21,12,129
4209607,8189,SC,Lauro Muller,2020,10453173.36,12,83
4209706,8191,SC,Lebon Régis,2020,8362538.7700000005,12,97
4209805,8193,SC,Leoberto Leal,2020,6271904.21,12,129
4209854,9961,SC,Lindóia do Sul,2020,6271904.21,12,129
4209904,8195,SC,Lontras,2020,8362538.7700000005,12,97
4210001,8197,SC,Luiz Alves,2020,8362538.7700000005,12,97
4210035,926,SC,Luzerna,2020,6271904.21,12,129
4210050,5575,SC,Macieira,2020,6271904.21,12,129
4210100,8199,SC,Mafra,2020,22996981.16,12,25
4210209,8201,SC,Major Gercino,2020,6271904.21,12,129
4210308,8203,SC,Major Vieira,2020,6271904.21,12,129
4210407,8391,SC,Maracajá,2020,6271904.21,12,129
4210506,8205,SC,Maravilha,2020,14634442.69,12,47
4210555,9963,SC,Marema,2020,6271904.21,12,129
4210605,8207,SC,Massaranduba,2020,10453173.36,12,83
4210704,8209,SC,Matos Costa,2020,6271904.21,12,129
4210803,8211,SC,Meleiro,2020,6271904.21,12,129
4210852,5559,SC,Mirim Doce,2020,6271904.21,12,129
4210902,8213,SC,Modelo,2020,6271904.21,12,129
4211009,8215,SC,Mondaí,2020,8362538.7700000005,12,97
4211058,5561,SC,Monte Carlo,2020,6271904.21,12,129
4211108,8217,SC,Monte Castelo,2020,6271904.21,12,129
4211256,5539,SC,Morro Grande,2020,6271904.21,12,129
4211207,8219,SC,Morro da Fumaça,2020,12543808.04,12,58
4211306,8221,SC,Navegantes,2020,27178250.4,12,16
4211405,8223,SC,Nova Erechim,2020,6271904.21,12,129
4211454,5589,SC,Nova Itaberaba,2020,6271904.21,12,129
4211504,8225,SC,Nova Trento,2020,10453173.36,12,83
4211603,8227,SC,Nova Veneza,2020,10453173.36,12,83
4211652,5591,SC,Novo Horizonte,2020,6271904.21,12,129
4211702,8229,SC,Orleans,2020,12543808.04,12,58
4211751,8397,SC,Otacílio Costa,2020,12543808.04,12,58
4211801,8231,SC,Ouro,2020,6271904.21,12,129
4211850,5741,SC,Ouro Verde,2020,6271904.21,12,129
4211876,928,SC,Paial,2020,6271904.21,12,129
4211892,930,SC,Painel,2020,6271904.21,12,129
4211900,8233,SC,Palhoça,2020,54640582.77,12,2
4212007,8235,SC,Palma Sola,2020,6271904.21,12,129
4212056,932,SC,Palmeira,2020,6271904.21,12,129
4212106,8237,SC,Palmitos,2020,10453173.36,12,83
4212205,8239,SC,Papanduva,2020,12543808.04,12,58
4212239,5747,SC,Paraíso,2020,6271904.21,12,129
4212254,5541,SC,Passo de Torres,2020,6271904.21,12,129
4212270,5743,SC,Passos Maia,2020,6271904.21,12,129
4212304,8241,SC,Paulo Lopes,2020,6271904.21,12,129
4212403,8243,SC,Pedras Grandes,2020,6271904.21,12,129
4212502,8245,SC,Penha,2020,16725077.25,12,41
4212601,8247,SC,Peritiba,2020,6271904.21,12,129
4212650,1194,SC,Pescaria Brava,2020,6271904.46,12,128
4212700,8249,SC,Petrolândia,2020,6271904.21,12,129
4212908,8253,SC,Pinhalzinho,2020,12543808.04,12,58
4213005,8255,SC,Pinheiro Preto,2020,6271904.21,12,129
4213104,8257,SC,Piratuba,2020,6271904.21,12,129
4213153,5593,SC,Planalto Alegre,2020,6271904.21,12,129
4213203,8259,SC,Pomerode,2020,16725077.25,12,41
4213302,8261,SC,Ponte Alta,2020,6271904.21,12,129
4213351,5569,SC,Ponte Alta do Norte,2020,6271904.21,12,129
4213401,8263,SC,Ponte Serrada,2020,8362538.7700000005,12,97
4213500,8265,SC,Porto Belo,2020,12543808.04,12,58
4213609,8267,SC,Porto União,2020,16725077.25,12,41
4213708,8269,SC,Pouso Redondo,2020,12543808.04,12,58
4213807,8271,SC,Praia Grande,2020,6271904.21,12,129
4213906,8273,SC,Presidente Castelo Branco,2020,6271904.21,12,129
4214003,8275,SC,Presidente Getúlio,2020,12543808.04,12,58
4214102,8277,SC,Presidente Nereu,2020,6271904.21,12,129
4214151,934,SC,Princesa,2020,6271904.21,12,129
4214201,8279,SC,Quilombo,2020,6271904.21,12,129
4214300,8281,SC,Rancho Queimado,2020,6271904.21,12,129
4214904,8293,SC,Rio Fortuna,2020,6271904.21,12,129
4215000,8295,SC,Rio Negrinho,2020,18815711.97,12,35
4215059,5571,SC,Rio Rufino,2020,6271904.21,12,129
4214409,8283,SC,Rio das Antas,2020,6271904.21,12,129
4214508,8285,SC,Rio do Campo,2020,6271904.21,12,129
4214607,8287,SC,Rio do Oeste,2020,6271904.21,12,129
4214805,8291,SC,Rio do Sul,2020,25087615.78,12,19
4214706,8289,SC,Rio dos Cedros,2020,8362538.7700000005,12,97
4215075,5749,SC,Riqueza,2020,6271904.21,12,129
4215109,8297,SC,Rodeio,2020,8362538.7700000005,12,97
4215208,8299,SC,Romelândia,2020,6271904.21,12,129
4215307,8301,SC,Salete,2020,6271904.21,12,129
4215356,936,SC,Saltinho,2020,6271904.21,12,129
4215406,8303,SC,Salto Veloso,2020,6271904.21,12,129
4215455,5547,SC,Sangão,2020,8362538.7700000005,12,97
4215505,8305,SC,Santa Cecília,2020,10453173.36,12,83
4215554,5751,SC,Santa Helena,2020,6271904.21,12,129
4215604,8307,SC,Santa Rosa de Lima,2020,6271904.21,12,129
4215653,9967,SC,Santa Rosa do Sul,2020,6271904.21,12,129
4215679,5555,SC,Santa Terezinha,2020,6271904.21,12,129
4215687,938,SC,Santa Terezinha do Progresso,2020,6271904.21,12,129
4215695,940,SC,Santiago do Sul,2020,6271904.21,12,129
4215703,8309,SC,Santo Amaro da Imperatriz,2020,12543808.04,12,58
4217303,8341,SC,Saudades,2020,6271904.21,12,129
4217402,8343,SC,Schroeder,2020,12543808.04,12,58
4217501,8345,SC,Seara,2020,12543808.04,12,58
4217550,9989,SC,Serra Alta,2020,6271904.21,12,129
4217600,8347,SC,Siderópolis,2020,10453173.36,12,83
4217709,8349,SC,Sombrio,2020,14634442.69,12,47
4217758,5595,SC,Sul Brasil,2020,6271904.21,12,129
4215802,8311,SC,São Bento do Sul,2020,29268885.04,12,14
4215752,942,SC,São Bernardino,2020,6271904.21,12,129
4215901,8313,SC,São Bonifácio,2020,6271904.21,12,129
4216008,8315,SC,São Carlos,2020,8362538.7700000005,12,97
4216057,5573,SC,São Cristovão do Sul,2020,6271904.21,12,129
4216107,8317,SC,São Domingos,2020,6271904.21,12,129
4216206,8319,SC,São Francisco do Sul,2020,22996981.16,12,25
4216503,8325,SC,São Joaquim,2020,14634442.69,12,47
4216602,8327,SC,São José,2020,54640582.77,12,2
4216701,8329,SC,São José do Cedro,2020,10453173.36,12,83
4216800,8331,SC,São José do Cerrito,2020,6271904.21,12,129
4216305,8321,SC,São João Batista,2020,18815711.97,12,35
4216354,5551,SC,São João do Itaperiú,2020,6271904.21,12,129
4216255,5753,SC,São João do Oeste,2020,6271904.21,12,129
4216404,8323,SC,São João do Sul,2020,6271904.21,12,129
4216909,8333,SC,São Lourenço do Oeste,2020,14634442.69,12,47
4217006,8335,SC,São Ludgero,2020,8362538.7700000005,12,97
4217105,8337,SC,São Martinho,2020,6271904.21,12,129
4217204,8339,SC,São Miguel DOeste,2020,18815711.97,12,35
4217154,5755,SC,São Miguel da Boa Vista,2020,6271904.21,12,129
4217253,944,SC,São Pedro de Alcântara,2020,6271904.21,12,129
4217808,8351,SC,Taió,2020,12543808.04,12,58
4217907,8353,SC,Tangará,2020,6271904.21,12,129
4217956,946,SC,Tigrinhos,2020,6271904.21,12,129
4218004,8355,SC,Tijucas,2020,18815711.97,12,35
4218103,8393,SC,Timbé do Sul,2020,6271904.21,12,129
4218202,8357,SC,Timbó,2020,20906346.54,12,31
4218251,9971,SC,Timbó Grande,2020,6271904.21,12,129
4218350,948,SC,Treviso,2020,6271904.21,12,129
4218509,8363,SC,Treze Tílias,2020,6271904.21,12,129
4218400,8361,SC,Treze de Maio,2020,6271904.21,12,129
4218608,8365,SC,Trombudo Central,2020,6271904.21,12,129
4218301,8359,SC,Três Barras,2020,12543808.04,12,58
4218707,8367,SC,Tubarão,2020,33450154.34,12,13
4218756,9991,SC,Tunápolis,2020,6271904.21,12,129
4218806,8369,SC,Turvo,2020,8362538.7700000005,12,97
4218855,9973,SC,União do Oeste,2020,6271904.21,12,129
4218905,8371,SC,Urubici,2020,8362538.7700000005,12,97
4218954,9975,SC,Urupema,2020,6271904.21,12,129
4219002,8373,SC,Urussanga,2020,12543808.04,12,58
4219150,5563,SC,Vargem,2020,6271904.21,12,129
4219176,5565,SC,Vargem Bonita,2020,6271904.21,12,129
4219101,8375,SC,Vargeão,2020,6271904.21,12,129
4219200,8377,SC,Vidal Ramos,2020,6271904.21,12,129
4219309,8379,SC,Videira,2020,22996981.16,12,25
4219358,9977,SC,Vitor Meireles,2020,6271904.21,12,129
4219408,8381,SC,Witmarsum,2020,6271904.21,12,129
4219507,8383,SC,Xanxerê,2020,22996981.16,12,25
4219606,8385,SC,Xavantina,2020,6271904.21,12,129
4219705,8387,SC,Xaxim,2020,14634442.69,12,47
4219853,950,SC,Zortéa,2020,6271904.21,12,129
4200408,8007,SC,Água Doce,2020,6271904.21,12,129
4200556,5577,SC,Águas Frias,2020,6271904.21,12,129
4200606,8011,SC,Águas Mornas,2020,6271904.21,12,129
4200507,8009,SC,Águas de Chapecó,2020,6271904.21,12,129
4200051,9939,SC,Abdon Batista,2021,8352582.78,12,129
4200101,8001,SC,Abelardo Luz,2021,16705165.21,12,58
4200200,8003,SC,Agrolândia,2021,11136776.879999999,12,98
4200309,8005,SC,Agronômica,2021,8352582.78,12,129
4200705,8013,SC,Alfredo Wagner,2021,8352582.78,12,129
4200754,886,SC,Alto Bela Vista,2021,8352582.78,12,129
4200804,8015,SC,Anchieta,2021,8352582.78,12,129
4200903,8017,SC,Angelina,2021,8352582.78,12,129
4201000,8019,SC,Anita Garibaldi,2021,8352582.78,12,129
4201109,8021,SC,Anitápolis,2021,8352582.78,12,129
4201208,8023,SC,Antônio Carlos,2021,8352582.78,12,129
4201257,9941,SC,Apiúna,2021,11136776.879999999,12,98
4201273,5597,SC,Arabutã,2021,8352582.78,12,129
4201307,8025,SC,Araquari,2021,25057747.67,12,35
4201406,8027,SC,Araranguá,2021,33410330.1,12,20
4201505,8029,SC,Armazém,2021,8352582.78,12,129
4201604,8031,SC,Arroio Trinta,2021,8352582.78,12,129
4201653,5599,SC,Arvoredo,2021,8352582.78,12,129
4201703,8033,SC,Ascurra,2021,8352582.78,12,129
4201802,8035,SC,Atalanta,2021,8352582.78,12,129
4201901,8037,SC,Aurora,2021,8352582.78,12,129
4201950,888,SC,Balneário Arroio do Silva,2021,11136776.879999999,12,98
4202057,5549,SC,Balneário Barra do Sul,2021,11136776.879999999,12,98
4202008,8039,SC,Balneário Camboriú,2021,69922691.28999999,12,11
4202073,890,SC,Balneário Gaivota,2021,11136776.879999999,12,98
4212809,8251,SC,Balneário Piçarras,2021,16705165.21,12,58
4220000,1192,SC,Balneário Rincão,2021,11136776.879999999,12,98
4202081,892,SC,Bandeirante,2021,8352582.78,12,129
4202099,894,SC,Barra Bonita,2021,8352582.78,12,129
4202107,8041,SC,Barra Velha,2021,19489359.35,12,48
4202131,896,SC,Bela Vista do Toldo,2021,8352582.78,12,129
4202156,5745,SC,Belmonte,2021,8352582.78,12,129
4202206,8043,SC,Benedito Novo,2021,11136776.879999999,12,98
4202305,8045,SC,Biguaçu,2021,33410330.1,12,20
4202404,8047,SC,Blumenau,2021,72706885.38,12,2
4202438,898,SC,Bocaina do Sul,2021,8352582.78,12,129
4202503,8389,SC,Bom Jardim da Serra,2021,8352582.78,12,129
4202537,900,SC,Bom Jesus,2021,8352582.78,12,129
4202578,902,SC,Bom Jesus do Oeste,2021,8352582.78,12,129
4202602,8049,SC,Bom Retiro,2021,8352582.78,12,129
4202453,5537,SC,Bombinhas,2021,16705165.21,12,58
4202701,8051,SC,Botuverá,2021,8352582.78,12,129
4202800,8053,SC,Braço do Norte,2021,22273553.48,12,41
4202859,5557,SC,Braço do Trombudo,2021,8352582.78,12,129
4202875,904,SC,Brunópolis,2021,8352582.78,12,129
4202909,8055,SC,Brusque,2021,50115495.03,12,12
4203105,8059,SC,Caibi,2021,8352582.78,12,129
4203154,5553,SC,Calmon,2021,8352582.78,12,129
4203204,8061,SC,Camboriú,2021,38978718.42,12,14
4203303,8063,SC,Campo Alegre,2021,11136776.879999999,12,98
4203402,8065,SC,Campo Belo do Sul,2021,8352582.78,12,129
4203501,8067,SC,Campo Erê,2021,8352582.78,12,129
4203600,8069,SC,Campos Novos,2021,22273553.48,12,41
4203709,8071,SC,Canelinha,2021,11136776.879999999,12,98
4203808,8073,SC,Canoinhas,2021,30626135.89,12,25
4203907,8075,SC,Capinzal,2021,16705165.21,12,58
4203956,5545,SC,Capivari de Baixo,2021,19489359.35,12,48
4203253,906,SC,Capão Alto,2021,8352582.78,12,129
4204004,8077,SC,Catanduvas,2021,11136776.879999999,12,98
4204103,8079,SC,Caxambu do Sul,2021,8352582.78,12,129
4203006,8057,SC,Caçador,2021,36194524.21,12,17
4204152,9943,SC,Celso Ramos,2021,8352582.78,12,129
4204178,5567,SC,Cerro Negro,2021,8352582.78,12,129
4204194,908,SC,Chapadão do Lageado,2021,8352582.78,12,129
4204202,8081,SC,Chapecó,2021,72706885.38,12,2
4204251,5543,SC,Cocal do Sul,2021,13920971.07,12,85
4204301,8083,SC,Concórdia,2021,36194524.21,12,17
4204350,5579,SC,Cordilheira Alta,2021,8352582.78,12,129
4204400,8085,SC,Coronel Freitas,2021,8352582.78,12,129
4204459,5735,SC,Coronel Martins,2021,8352582.78,12,129
4204558,8395,SC,Correia Pinto,2021,11136776.879999999,12,98
4204509,8087,SC,Corupá,2021,13920971.07,12,85
4204608,8089,SC,Criciúma,2021,72706885.38,12,2
4204707,8091,SC,Cunha Porã,2021,11136776.879999999,12,98
4204756,910,SC,Cunhataí,2021,8352582.78,12,129
4204806,8093,SC,Curitibanos,2021,25057747.67,12,35
4204905,8095,SC,Descanso,2021,8352582.78,12,129
4205001,8097,SC,Dionísio Cerqueira,2021,13920971.07,12,85
4205100,8099,SC,Dona Emma,2021,8352582.78,12,129
4205159,9945,SC,Doutor Pedrinho,2021,8352582.78,12,129
4205175,912,SC,Entre Rios,2021,8352582.78,12,129
4205191,914,SC,Ermo,2021,8352582.78,12,129
4205209,8101,SC,Erval Velho,2021,8352582.78,12,129
4205308,8103,SC,Faxinal dos Guedes,2021,11136776.879999999,12,98
4205357,916,SC,Flor do Sertão,2021,8352582.78,12,129
4205407,8105,SC,Florianópolis,2021,158617729.0,12,1
4205431,5581,SC,Formosa do Sul,2021,8352582.78,12,129
4205456,973,SC,Forquilhinha,2021,19489359.35,12,48
4205506,8107,SC,Fraiburgo,2021,22273553.48,12,41
4205555,918,SC,Frei Rogério,2021,8352582.78,12,129
4205605,8109,SC,Galvão,2021,8352582.78,12,129
4205704,8113,SC,Garopaba,2021,16705165.21,12,58
4205803,8115,SC,Garuva,2021,16705165.21,12,58
4205902,8117,SC,Gaspar,2021,33410330.1,12,20
4206009,8111,SC,Governador Celso Ramos,2021,13920971.07,12,85
4206207,8121,SC,Gravatal,2021,11136776.879999999,12,98
4206108,8119,SC,Grão Pará,2021,8352582.78,12,129
4206306,8123,SC,Guabiruba,2021,19489359.35,12,48
4206405,8125,SC,Guaraciaba,2021,11136776.879999999,12,98
4206504,8127,SC,Guaramirim,2021,27841941.79,12,31
4206603,8129,SC,Guarujá do Sul,2021,8352582.78,12,129
4206652,5583,SC,Guatambú,2021,8352582.78,12,129
4206702,8131,SC,Herval DOeste,2021,16705165.21,12,58
4206751,920,SC,Ibiam,2021,8352582.78,12,129
4206801,8133,SC,Ibicaré,2021,8352582.78,12,129
4206900,8135,SC,Ibirama,2021,16705165.21,12,58
4207106,8139,SC,Ilhota,2021,13920971.07,12,85
4207205,8141,SC,Imaruí,2021,11136776.879999999,12,98
4207304,8143,SC,Imbituba,2021,27841941.79,12,31
4207403,8145,SC,Imbuia,2021,8352582.78,12,129
4207502,8147,SC,Indaial,2021,33410330.1,12,20
4207577,922,SC,Iomerê,2021,8352582.78,12,129
4207601,8149,SC,Ipira,2021,8352582.78,12,129
4207650,9951,SC,Iporã do Oeste,2021,8352582.78,12,129
4207684,5737,SC,Ipuaçu,2021,8352582.78,12,129
4207700,8151,SC,Ipumirim,2021,8352582.78,12,129
4207759,9953,SC,Iraceminha,2021,8352582.78,12,129
4207809,8153,SC,Irani,2021,11136776.879999999,12,98
4207858,5585,SC,Irati,2021,8352582.78,12,129
4207908,8155,SC,Irineópolis,2021,11136776.879999999,12,98
4208104,8159,SC,Itaiópolis,2021,16705165.21,12,58
4208203,8161,SC,Itajaí,2021,72706885.38,12,2
4208302,8163,SC,Itapema,2021,33410330.1,12,20
4208401,8165,SC,Itapiranga,2021,16705165.21,12,58
4208450,9985,SC,Itapoá,2021,16705165.21,12,58
4208500,8167,SC,Ituporanga,2021,19489359.35,12,48
4208005,8157,SC,Itá,2021,8352582.78,12,129
4207007,8137,SC,Içara,2021,30626135.89,12,25
4208609,8169,SC,Jaborá,2021,8352582.78,12,129
4208708,8171,SC,Jacinto Machado,2021,11136776.879999999,12,98
4208807,8173,SC,Jaguaruna,2021,16705165.21,12,58
4208906,8175,SC,Jaraguá do Sul,2021,72706885.38,12,2
4208955,5587,SC,Jardinópolis,2021,8352582.78,12,129
4209003,8177,SC,Joaçaba,2021,19489359.35,12,48
4209102,8179,SC,Joinville,2021,72706885.38,12,2
4209151,9957,SC,José Boiteux,2021,8352582.78,12,129
4209177,924,SC,Jupiá,2021,8352582.78,12,129
4209201,8181,SC,Lacerdópolis,2021,8352582.78,12,129
4209300,8183,SC,Lages,2021,72706885.38,12,2
4209409,8185,SC,Laguna,2021,27841941.79,12,31
4209458,5739,SC,Lajeado Grande,2021,8352582.78,12,129
4209508,8187,SC,Laurentino,2021,8352582.78,12,129
4209607,8189,SC,Lauro Muller,2021,13920971.07,12,85
4209706,8191,SC,Lebon Régis,2021,11136776.879999999,12,98
4209805,8193,SC,Leoberto Leal,2021,8352582.78,12,129
4209854,9961,SC,Lindóia do Sul,2021,8352582.78,12,129
4209904,8195,SC,Lontras,2021,11136776.879999999,12,98
4210001,8197,SC,Luiz Alves,2021,11136776.879999999,12,98
4210035,926,SC,Luzerna,2021,8352582.78,12,129
4210050,5575,SC,Macieira,2021,8352582.78,12,129
4210100,8199,SC,Mafra,2021,30626135.89,12,25
4210209,8201,SC,Major Gercino,2021,8352582.78,12,129
4210308,8203,SC,Major Vieira,2021,8352582.78,12,129
4210407,8391,SC,Maracajá,2021,8352582.78,12,129
4210506,8205,SC,Maravilha,2021,19489359.35,12,48
4210555,9963,SC,Marema,2021,8352582.78,12,129
4210605,8207,SC,Massaranduba,2021,16705165.21,12,58
4210704,8209,SC,Matos Costa,2021,8352582.78,12,129
4210803,8211,SC,Meleiro,2021,8352582.78,12,129
4210852,5559,SC,Mirim Doce,2021,8352582.78,12,129
4210902,8213,SC,Modelo,2021,8352582.78,12,129
4211009,8215,SC,Mondaí,2021,11136776.879999999,12,98
4211058,5561,SC,Monte Carlo,2021,8352582.78,12,129
4211108,8217,SC,Monte Castelo,2021,8352582.78,12,129
4211256,5539,SC,Morro Grande,2021,8352582.78,12,129
4211207,8219,SC,Morro da Fumaça,2021,16705165.21,12,58
4211306,8221,SC,Navegantes,2021,38978718.42,12,14
4211405,8223,SC,Nova Erechim,2021,8352582.78,12,129
4211454,5589,SC,Nova Itaberaba,2021,8352582.78,12,129
4211504,8225,SC,Nova Trento,2021,13920971.07,12,85
4211603,8227,SC,Nova Veneza,2021,13920971.07,12,85
4211652,5591,SC,Novo Horizonte,2021,8352582.78,12,129
4211702,8229,SC,Orleans,2021,16705165.21,12,58
4211751,8397,SC,Otacílio Costa,2021,16705165.21,12,58
4211801,8231,SC,Ouro,2021,8352582.78,12,129
4211850,5741,SC,Ouro Verde,2021,8352582.78,12,129
4211876,928,SC,Paial,2021,8352582.78,12,129
4211892,930,SC,Painel,2021,8352582.78,12,129
4211900,8233,SC,Palhoça,2021,72706885.38,12,2
4212007,8235,SC,Palma Sola,2021,8352582.78,12,129
4212056,932,SC,Palmeira,2021,8352582.78,12,129
4212106,8237,SC,Palmitos,2021,13920971.07,12,85
4212205,8239,SC,Papanduva,2021,16705165.21,12,58
4212239,5747,SC,Paraíso,2021,8352582.78,12,129
4212254,5541,SC,Passo de Torres,2021,8352582.78,12,129
4212270,5743,SC,Passos Maia,2021,8352582.78,12,129
4212304,8241,SC,Paulo Lopes,2021,8352582.78,12,129
4212403,8243,SC,Pedras Grandes,2021,8352582.78,12,129
4212502,8245,SC,Penha,2021,22273553.48,12,41
4212601,8247,SC,Peritiba,2021,8352582.78,12,129
4212650,1194,SC,Pescaria Brava,2021,8352583.42,12,128
4212700,8249,SC,Petrolândia,2021,8352582.78,12,129
4212908,8253,SC,Pinhalzinho,2021,16705165.21,12,58
4213005,8255,SC,Pinheiro Preto,2021,8352582.78,12,129
4213104,8257,SC,Piratuba,2021,8352582.78,12,129
4213153,5593,SC,Planalto Alegre,2021,8352582.78,12,129
4213203,8259,SC,Pomerode,2021,22273553.48,12,41
4213302,8261,SC,Ponte Alta,2021,8352582.78,12,129
4213351,5569,SC,Ponte Alta do Norte,2021,8352582.78,12,129
4213401,8263,SC,Ponte Serrada,2021,11136776.879999999,12,98
4213500,8265,SC,Porto Belo,2021,16705165.21,12,58
4213609,8267,SC,Porto União,2021,22273553.48,12,41
4213708,8269,SC,Pouso Redondo,2021,16705165.21,12,58
4213807,8271,SC,Praia Grande,2021,8352582.78,12,129
4213906,8273,SC,Presidente Castelo Branco,2021,8352582.78,12,129
4214003,8275,SC,Presidente Getúlio,2021,16705165.21,12,58
4214102,8277,SC,Presidente Nereu,2021,8352582.78,12,129
4214151,934,SC,Princesa,2021,8352582.78,12,129
4214201,8279,SC,Quilombo,2021,8352582.78,12,129
4214300,8281,SC,Rancho Queimado,2021,8352582.78,12,129
4214904,8293,SC,Rio Fortuna,2021,8352582.78,12,129
4215000,8295,SC,Rio Negrinho,2021,25057747.67,12,35
4215059,5571,SC,Rio Rufino,2021,8352582.78,12,129
4214409,8283,SC,Rio das Antas,2021,8352582.78,12,129
4214508,8285,SC,Rio do Campo,2021,8352582.78,12,129
4214607,8287,SC,Rio do Oeste,2021,8352582.78,12,129
4214805,8291,SC,Rio do Sul,2021,36194524.21,12,17
4214706,8289,SC,Rio dos Cedros,2021,11136776.879999999,12,98
4215075,5749,SC,Riqueza,2021,8352582.78,12,129
4215109,8297,SC,Rodeio,2021,11136776.879999999,12,98
4215208,8299,SC,Romelândia,2021,8352582.78,12,129
4215307,8301,SC,Salete,2021,8352582.78,12,129
4215356,936,SC,Saltinho,2021,8352582.78,12,129
4215406,8303,SC,Salto Veloso,2021,8352582.78,12,129
4215455,5547,SC,Sangão,2021,11136776.879999999,12,98
4215505,8305,SC,Santa Cecília,2021,13920971.07,12,85
4215554,5751,SC,Santa Helena,2021,8352582.78,12,129
4215604,8307,SC,Santa Rosa de Lima,2021,8352582.78,12,129
4215653,9967,SC,Santa Rosa do Sul,2021,8352582.78,12,129
4215679,5555,SC,Santa Terezinha,2021,8352582.78,12,129
4215687,938,SC,Santa Terezinha do Progresso,2021,8352582.78,12,129
4215695,940,SC,Santiago do Sul,2021,8352582.78,12,129
4215703,8309,SC,Santo Amaro da Imperatriz,2021,16705165.21,12,58
4217303,8341,SC,Saudades,2021,8352582.78,12,129
4217402,8343,SC,Schroeder,2021,16705165.21,12,58
4217501,8345,SC,Seara,2021,16705165.21,12,58
4217550,9989,SC,Serra Alta,2021,8352582.78,12,129
4217600,8347,SC,Siderópolis,2021,13920971.07,12,85
4217709,8349,SC,Sombrio,2021,22273553.48,12,41
4217758,5595,SC,Sul Brasil,2021,8352582.78,12,129
4215802,8311,SC,São Bento do Sul,2021,38978718.42,12,14
4215752,942,SC,São Bernardino,2021,8352582.78,12,129
4215901,8313,SC,São Bonifácio,2021,8352582.78,12,129
4216008,8315,SC,São Carlos,2021,11136776.879999999,12,98
4216057,5573,SC,São Cristovão do Sul,2021,8352582.78,12,129
4216107,8317,SC,São Domingos,2021,8352582.78,12,129
4216206,8319,SC,São Francisco do Sul,2021,30626135.89,12,25
4216503,8325,SC,São Joaquim,2021,19489359.35,12,48
4216602,8327,SC,São José,2021,72706885.38,12,2
4216701,8329,SC,São José do Cedro,2021,13920971.07,12,85
4216800,8331,SC,São José do Cerrito,2021,8352582.78,12,129
4216305,8321,SC,São João Batista,2021,25057747.67,12,35
4216354,5551,SC,São João do Itaperiú,2021,8352582.78,12,129
4216255,5753,SC,São João do Oeste,2021,8352582.78,12,129
4216404,8323,SC,São João do Sul,2021,8352582.78,12,129
4216909,8333,SC,São Lourenço do Oeste,2021,19489359.35,12,48
4217006,8335,SC,São Ludgero,2021,13920971.07,12,85
4217105,8337,SC,São Martinho,2021,8352582.78,12,129
4217204,8339,SC,São Miguel DOeste,2021,25057747.67,12,35
4217154,5755,SC,São Miguel da Boa Vista,2021,8352582.78,12,129
4217253,944,SC,São Pedro de Alcântara,2021,8352582.78,12,129
4217808,8351,SC,Taió,2021,16705165.21,12,58
4217907,8353,SC,Tangará,2021,8352582.78,12,129
4217956,946,SC,Tigrinhos,2021,8352582.78,12,129
4218004,8355,SC,Tijucas,2021,25057747.67,12,35
4218103,8393,SC,Timbé do Sul,2021,8352582.78,12,129
4218202,8357,SC,Timbó,2021,27841941.79,12,31
4218251,9971,SC,Timbó Grande,2021,8352582.78,12,129
4218350,948,SC,Treviso,2021,8352582.78,12,129
4218509,8363,SC,Treze Tílias,2021,8352582.78,12,129
4218400,8361,SC,Treze de Maio,2021,8352582.78,12,129
4218608,8365,SC,Trombudo Central,2021,8352582.78,12,129
4218301,8359,SC,Três Barras,2021,16705165.21,12,58
4218707,8367,SC,Tubarão,2021,44547106.69,12,13
4218756,9991,SC,Tunápolis,2021,8352582.78,12,129
4218806,8369,SC,Turvo,2021,11136776.879999999,12,98
4218855,9973,SC,União do Oeste,2021,8352582.78,12,129
4218905,8371,SC,Urubici,2021,11136776.879999999,12,98
4218954,9975,SC,Urupema,2021,8352582.78,12,129
4219002,8373,SC,Urussanga,2021,16705165.21,12,58
4219150,5563,SC,Vargem,2021,8352582.78,12,129
4219176,5565,SC,Vargem Bonita,2021,8352582.78,12,129
4219101,8375,SC,Vargeão,2021,8352582.78,12,129
4219200,8377,SC,Vidal Ramos,2021,8352582.78,12,129
4219309,8379,SC,Videira,2021,30626135.89,12,25
4219358,9977,SC,Vitor Meireles,2021,8352582.78,12,129
4219408,8381,SC,Witmarsum,2021,8352582.78,12,129
4219507,8383,SC,Xanxerê,2021,30626135.89,12,25
4219606,8385,SC,Xavantina,2021,8352582.78,12,129
4219705,8387,SC,Xaxim,2021,19489359.35,12,48
4219853,950,SC,Zortéa,2021,8352582.78,12,129
4200408,8007,SC,Água Doce,2021,8352582.78,12,129
4200556,5577,SC,Águas Frias,2021,8352582.78,12,129
4200606,8011,SC,Águas Mornas,2021,8352582.78,12,129
4200507,8009,SC,Águas de Chapecó,2021,8352582.78,12,129
4200051,9939,SC,Abdon Batista,2022,10479524.6,12,129
4200101,8001,SC,Abelardo Luz,2022,20959048.91,12,61
4200200,8003,SC,Agrolândia,2022,13972699.3,12,100
4200309,8005,SC,Agronômica,2022,10479524.6,12,129
4200705,8013,SC,Alfredo Wagner,2022,10479524.6,12,129
4200754,886,SC,Alto Bela Vista,2022,10479524.6,12,129
4200804,8015,SC,Anchieta,2022,10479524.6,12,129
4200903,8017,SC,Angelina,2022,10479524.6,12,129
4201000,8019,SC,Anita Garibaldi,2022,10479524.6,12,129
4201109,8021,SC,Anitápolis,2022,10479524.6,12,129
4201208,8023,SC,Antônio Carlos,2022,10479524.6,12,129
4201257,9941,SC,Apiúna,2022,13972699.3,12,100
4201273,5597,SC,Arabutã,2022,10479524.6,12,129
4201307,8025,SC,Araquari,2022,31438573.22,12,35
4201406,8027,SC,Araranguá,2022,41918097.53,12,22
4201505,8029,SC,Armazém,2022,10479524.6,12,129
4201604,8031,SC,Arroio Trinta,2022,10479524.6,12,129
4201653,5599,SC,Arvoredo,2022,10479524.6,12,129
4201703,8033,SC,Ascurra,2022,10479524.6,12,129
4201802,8035,SC,Atalanta,2022,10479524.6,12,129
4201901,8037,SC,Aurora,2022,10479524.6,12,129
4201950,888,SC,Balneário Arroio do Silva,2022,17465874.12,12,86
4202057,5549,SC,Balneário Barra do Sul,2022,13972699.3,12,100
4202008,8039,SC,Balneário Camboriú,2022,87974647.09,12,11
4202073,890,SC,Balneário Gaivota,2022,13972699.3,12,100
4212809,8251,SC,Balneário Piçarras,2022,24452223.63,12,49
4220000,1192,SC,Balneário Rincão,2022,13972699.3,12,100
4202081,892,SC,Bandeirante,2022,10479524.6,12,129
4202099,894,SC,Barra Bonita,2022,10479524.6,12,129
4202107,8041,SC,Barra Velha,2022,24452223.63,12,49
4202131,896,SC,Bela Vista do Toldo,2022,10479524.6,12,129
4202156,5745,SC,Belmonte,2022,10479524.6,12,129
4202206,8043,SC,Benedito Novo,2022,13972699.3,12,100
4202305,8045,SC,Biguaçu,2022,41918097.53,12,22
4202404,8047,SC,Blumenau,2022,91467821.89,12,2
4202438,898,SC,Bocaina do Sul,2022,10479524.6,12,129
4202503,8389,SC,Bom Jardim da Serra,2022,10479524.6,12,129
4202537,900,SC,Bom Jesus,2022,10479524.6,12,129
4202578,902,SC,Bom Jesus do Oeste,2022,10479524.6,12,129
4202602,8049,SC,Bom Retiro,2022,10479524.6,12,129
4202453,5537,SC,Bombinhas,2022,20959048.91,12,61
4202701,8051,SC,Botuverá,2022,10479524.6,12,129
4202800,8053,SC,Braço do Norte,2022,27945398.43,12,41
4202859,5557,SC,Braço do Trombudo,2022,10479524.6,12,129
4202875,904,SC,Brunópolis,2022,10479524.6,12,129
4202909,8055,SC,Brusque,2022,62877146.11,12,12
4203105,8059,SC,Caibi,2022,10479524.6,12,129
4203154,5553,SC,Calmon,2022,10479524.6,12,129
4203204,8061,SC,Camboriú,2022,48904447.01,12,14
4203303,8063,SC,Campo Alegre,2022,13972699.3,12,100
4203402,8065,SC,Campo Belo do Sul,2022,10479524.6,12,129
4203501,8067,SC,Campo Erê,2022,10479524.6,12,129
4203600,8069,SC,Campos Novos,2022,27945398.43,12,41
4203709,8071,SC,Canelinha,2022,13972699.3,12,100
4203808,8073,SC,Canoinhas,2022,38424922.730000004,12,25
4203907,8075,SC,Capinzal,2022,20959048.91,12,61
4203956,5545,SC,Capivari de Baixo,2022,24452223.63,12,49
4203253,906,SC,Capão Alto,2022,10479524.6,12,129
4204004,8077,SC,Catanduvas,2022,13972699.3,12,100
4204103,8079,SC,Caxambu do Sul,2022,10479524.6,12,129
4203006,8057,SC,Caçador,2022,45411272.25,12,17
4204152,9943,SC,Celso Ramos,2022,10479524.6,12,129
4204178,5567,SC,Cerro Negro,2022,10479524.6,12,129
4204194,908,SC,Chapadão do Lageado,2022,10479524.6,12,129
4204202,8081,SC,Chapecó,2022,91467821.89,12,2
4204251,5543,SC,Cocal do Sul,2022,17465874.12,12,86
4204301,8083,SC,Concórdia,2022,45411272.25,12,17
4204350,5579,SC,Cordilheira Alta,2022,10479524.6,12,129
4204400,8085,SC,Coronel Freitas,2022,10479524.6,12,129
4204459,5735,SC,Coronel Martins,2022,10479524.6,12,129
4204558,8395,SC,Correia Pinto,2022,13972699.3,12,100
4204509,8087,SC,Corupá,2022,17465874.12,12,86
4204608,8089,SC,Criciúma,2022,91467821.89,12,2
4204707,8091,SC,Cunha Porã,2022,13972699.3,12,100
4204756,910,SC,Cunhataí,2022,10479524.6,12,129
4204806,8093,SC,Curitibanos,2022,31438573.22,12,35
4204905,8095,SC,Descanso,2022,10479524.6,12,129
4205001,8097,SC,Dionísio Cerqueira,2022,17465874.12,12,86
4205100,8099,SC,Dona Emma,2022,10479524.6,12,129
4205159,9945,SC,Doutor Pedrinho,2022,10479524.6,12,129
4205175,912,SC,Entre Rios,2022,10479524.6,12,129
4205191,914,SC,Ermo,2022,10479524.6,12,129
4205209,8101,SC,Erval Velho,2022,10479524.6,12,129
4205308,8103,SC,Faxinal dos Guedes,2022,13972699.3,12,100
4205357,916,SC,Flor do Sertão,2022,10479524.6,12,129
4205407,8105,SC,Florianópolis,2022,202095124.66,12,1
4205431,5581,SC,Formosa do Sul,2022,10479524.6,12,129
4205456,973,SC,Forquilhinha,2022,24452223.63,12,49
4205506,8107,SC,Fraiburgo,2022,27945398.43,12,41
4205555,918,SC,Frei Rogério,2022,10479524.6,12,129
4205605,8109,SC,Galvão,2022,10479524.6,12,129
4205704,8113,SC,Garopaba,2022,24452223.63,12,49
4205803,8115,SC,Garuva,2022,20959048.91,12,61
4205902,8117,SC,Gaspar,2022,45411272.25,12,17
4206009,8111,SC,Governador Celso Ramos,2022,17465874.12,12,86
4206207,8121,SC,Gravatal,2022,13972699.3,12,100
4206108,8119,SC,Grão Pará,2022,10479524.6,12,129
4206306,8123,SC,Guabiruba,2022,24452223.63,12,49
4206405,8125,SC,Guaraciaba,2022,13972699.3,12,100
4206504,8127,SC,Guaramirim,2022,34931747.97,12,31
4206603,8129,SC,Guarujá do Sul,2022,10479524.6,12,129
4206652,5583,SC,Guatambú,2022,10479524.6,12,129
4206702,8131,SC,Herval DOeste,2022,20959048.91,12,61
4206751,920,SC,Ibiam,2022,10479524.6,12,129
4206801,8133,SC,Ibicaré,2022,10479524.6,12,129
4206900,8135,SC,Ibirama,2022,20959048.91,12,61
4207106,8139,SC,Ilhota,2022,17465874.12,12,86
4207205,8141,SC,Imaruí,2022,13972699.3,12,100
4207304,8143,SC,Imbituba,2022,34931747.97,12,31
4207403,8145,SC,Imbuia,2022,10479524.6,12,129
4207502,8147,SC,Indaial,2022,45411272.25,12,17
4207577,922,SC,Iomerê,2022,10479524.6,12,129
4207601,8149,SC,Ipira,2022,10479524.6,12,129
4207650,9951,SC,Iporã do Oeste,2022,10479524.6,12,129
4207684,5737,SC,Ipuaçu,2022,10479524.6,12,129
4207700,8151,SC,Ipumirim,2022,10479524.6,12,129
4207759,9953,SC,Iraceminha,2022,10479524.6,12,129
4207809,8153,SC,Irani,2022,13972699.3,12,100
4207858,5585,SC,Irati,2022,10479524.6,12,129
4207908,8155,SC,Irineópolis,2022,13972699.3,12,100
4208104,8159,SC,Itaiópolis,2022,20959048.91,12,61
4208203,8161,SC,Itajaí,2022,91467821.89,12,2
4208302,8163,SC,Itapema,2022,41918097.53,12,22
4208401,8165,SC,Itapiranga,2022,20959048.91,12,61
4208450,9985,SC,Itapoá,2022,20959048.91,12,61
4208500,8167,SC,Ituporanga,2022,24452223.63,12,49
4208005,8157,SC,Itá,2022,10479524.6,12,129
4207007,8137,SC,Içara,2022,38424922.730000004,12,25
4208609,8169,SC,Jaborá,2022,10479524.6,12,129
4208708,8171,SC,Jacinto Machado,2022,13972699.3,12,100
4208807,8173,SC,Jaguaruna,2022,20959048.91,12,61
4208906,8175,SC,Jaraguá do Sul,2022,91467821.89,12,2
4208955,5587,SC,Jardinópolis,2022,10479524.6,12,129
4209003,8177,SC,Joaçaba,2022,27945398.43,12,41
4209102,8179,SC,Joinville,2022,91467821.89,12,2
4209151,9957,SC,José Boiteux,2022,10479524.6,12,129
4209177,924,SC,Jupiá,2022,10479524.6,12,129
4209201,8181,SC,Lacerdópolis,2022,10479524.6,12,129
4209300,8183,SC,Lages,2022,91467821.89,12,2
4209409,8185,SC,Laguna,2022,34931747.97,12,31
4209458,5739,SC,Lajeado Grande,2022,10479524.6,12,129
4209508,8187,SC,Laurentino,2022,10479524.6,12,129
4209607,8189,SC,Lauro Muller,2022,17465874.12,12,86
4209706,8191,SC,Lebon Régis,2022,13972699.3,12,100
4209805,8193,SC,Leoberto Leal,2022,10479524.6,12,129
4209854,9961,SC,Lindóia do Sul,2022,10479524.6,12,129
4209904,8195,SC,Lontras,2022,13972699.3,12,100
4210001,8197,SC,Luiz Alves,2022,13972699.3,12,100
4210035,926,SC,Luzerna,2022,10479524.6,12,129
4210050,5575,SC,Macieira,2022,10479524.6,12,129
4210100,8199,SC,Mafra,2022,38424922.730000004,12,25
4210209,8201,SC,Major Gercino,2022,10479524.6,12,129
4210308,8203,SC,Major Vieira,2022,10479524.6,12,129
4210407,8391,SC,Maracajá,2022,10479524.6,12,129
4210506,8205,SC,Maravilha,2022,24452223.63,12,49
4210555,9963,SC,Marema,2022,10479524.6,12,129
4210605,8207,SC,Massaranduba,2022,20959048.91,12,61
4210704,8209,SC,Matos Costa,2022,10479524.6,12,129
4210803,8211,SC,Meleiro,2022,10479524.6,12,129
4210852,5559,SC,Mirim Doce,2022,10479524.6,12,129
4210902,8213,SC,Modelo,2022,10479524.6,12,129
4211009,8215,SC,Mondaí,2022,13972699.3,12,100
4211058,5561,SC,Monte Carlo,2022,10479524.6,12,129
4211108,8217,SC,Monte Castelo,2022,10479524.6,12,129
4211256,5539,SC,Morro Grande,2022,10479524.6,12,129
4211207,8219,SC,Morro da Fumaça,2022,20959048.91,12,61
4211306,8221,SC,Navegantes,2022,48904447.01,12,14
4211405,8223,SC,Nova Erechim,2022,10479524.6,12,129
4211454,5589,SC,Nova Itaberaba,2022,10479524.6,12,129
4211504,8225,SC,Nova Trento,2022,17465874.12,12,86
4211603,8227,SC,Nova Veneza,2022,17465874.12,12,86
4211652,5591,SC,Novo Horizonte,2022,10479524.6,12,129
4211702,8229,SC,Orleans,2022,20959048.91,12,61
4211751,8397,SC,Otacílio Costa,2022,20959048.91,12,61
4211801,8231,SC,Ouro,2022,10479524.6,12,129
4211850,5741,SC,Ouro Verde,2022,10479524.6,12,129
4211876,928,SC,Paial,2022,10479524.6,12,129
4211892,930,SC,Painel,2022,10479524.6,12,129
4211900,8233,SC,Palhoça,2022,91467821.89,12,2
4212007,8235,SC,Palma Sola,2022,10479524.6,12,129
4212056,932,SC,Palmeira,2022,10479524.6,12,129
4212106,8237,SC,Palmitos,2022,17465874.12,12,86
4212205,8239,SC,Papanduva,2022,20959048.91,12,61
4212239,5747,SC,Paraíso,2022,10479524.6,12,129
4212254,5541,SC,Passo de Torres,2022,10479524.6,12,129
4212270,5743,SC,Passos Maia,2022,10479524.6,12,129
4212304,8241,SC,Paulo Lopes,2022,10479524.6,12,129
4212403,8243,SC,Pedras Grandes,2022,10479524.6,12,129
4212502,8245,SC,Penha,2022,27945398.43,12,41
4212601,8247,SC,Peritiba,2022,10479524.6,12,129
4212650,1194,SC,Pescaria Brava,2022,13972699.83,12,99
4212700,8249,SC,Petrolândia,2022,10479524.6,12,129
4212908,8253,SC,Pinhalzinho,2022,20959048.91,12,61
4213005,8255,SC,Pinheiro Preto,2022,10479524.6,12,129
4213104,8257,SC,Piratuba,2022,10479524.6,12,129
4213153,5593,SC,Planalto Alegre,2022,10479524.6,12,129
4213203,8259,SC,Pomerode,2022,27945398.43,12,41
4213302,8261,SC,Ponte Alta,2022,10479524.6,12,129
4213351,5569,SC,Ponte Alta do Norte,2022,10479524.6,12,129
4213401,8263,SC,Ponte Serrada,2022,13972699.3,12,100
4213500,8265,SC,Porto Belo,2022,20959048.91,12,61
4213609,8267,SC,Porto União,2022,27945398.43,12,41
4213708,8269,SC,Pouso Redondo,2022,20959048.91,12,61
4213807,8271,SC,Praia Grande,2022,10479524.6,12,129
4213906,8273,SC,Presidente Castelo Branco,2022,10479524.6,12,129
4214003,8275,SC,Presidente Getúlio,2022,20959048.91,12,61
4214102,8277,SC,Presidente Nereu,2022,10479524.6,12,129
4214151,934,SC,Princesa,2022,10479524.6,12,129
4214201,8279,SC,Quilombo,2022,10479524.6,12,129
4214300,8281,SC,Rancho Queimado,2022,10479524.6,12,129
4214904,8293,SC,Rio Fortuna,2022,10479524.6,12,129
4215000,8295,SC,Rio Negrinho,2022,31438573.22,12,35
4215059,5571,SC,Rio Rufino,2022,10479524.6,12,129
4214409,8283,SC,Rio das Antas,2022,10479524.6,12,129
4214508,8285,SC,Rio do Campo,2022,10479524.6,12,129
4214607,8287,SC,Rio do Oeste,2022,10479524.6,12,129
4214805,8291,SC,Rio do Sul,2022,45411272.25,12,17
4214706,8289,SC,Rio dos Cedros,2022,13972699.3,12,100
4215075,5749,SC,Riqueza,2022,10479524.6,12,129
4215109,8297,SC,Rodeio,2022,13972699.3,12,100
4215208,8299,SC,Romelândia,2022,10479524.6,12,129
4215307,8301,SC,Salete,2022,10479524.6,12,129
4215356,936,SC,Saltinho,2022,10479524.6,12,129
4215406,8303,SC,Salto Veloso,2022,10479524.6,12,129
4215455,5547,SC,Sangão,2022,13972699.3,12,100
4215505,8305,SC,Santa Cecília,2022,20959048.91,12,61
4215554,5751,SC,Santa Helena,2022,10479524.6,12,129
4215604,8307,SC,Santa Rosa de Lima,2022,10479524.6,12,129
4215653,9967,SC,Santa Rosa do Sul,2022,10479524.6,12,129
4215679,5555,SC,Santa Terezinha,2022,10479524.6,12,129
4215687,938,SC,Santa Terezinha do Progresso,2022,10479524.6,12,129
4215695,940,SC,Santiago do Sul,2022,10479524.6,12,129
4215703,8309,SC,Santo Amaro da Imperatriz,2022,24452223.63,12,49
4217303,8341,SC,Saudades,2022,10479524.6,12,129
4217402,8343,SC,Schroeder,2022,20959048.91,12,61
4217501,8345,SC,Seara,2022,20959048.91,12,61
4217550,9989,SC,Serra Alta,2022,10479524.6,12,129
4217600,8347,SC,Siderópolis,2022,17465874.12,12,86
4217709,8349,SC,Sombrio,2022,27945398.43,12,41
4217758,5595,SC,Sul Brasil,2022,10479524.6,12,129
4215802,8311,SC,São Bento do Sul,2022,48904447.01,12,14
4215752,942,SC,São Bernardino,2022,10479524.6,12,129
4215901,8313,SC,São Bonifácio,2022,10479524.6,12,129
4216008,8315,SC,São Carlos,2022,13972699.3,12,100
4216057,5573,SC,São Cristovão do Sul,2022,10479524.6,12,129
4216107,8317,SC,São Domingos,2022,10479524.6,12,129
4216206,8319,SC,São Francisco do Sul,2022,38424922.730000004,12,25
4216503,8325,SC,São Joaquim,2022,24452223.63,12,49
4216602,8327,SC,São José,2022,91467821.89,12,2
4216701,8329,SC,São José do Cedro,2022,17465874.12,12,86
4216800,8331,SC,São José do Cerrito,2022,10479524.6,12,129
4216305,8321,SC,São João Batista,2022,31438573.22,12,35
4216354,5551,SC,São João do Itaperiú,2022,10479524.6,12,129
4216255,5753,SC,São João do Oeste,2022,10479524.6,12,129
4216404,8323,SC,São João do Sul,2022,10479524.6,12,129
4216909,8333,SC,São Lourenço do Oeste,2022,24452223.63,12,49
4217006,8335,SC,São Ludgero,2022,17465874.12,12,86
4217105,8337,SC,São Martinho,2022,10479524.6,12,129
4217204,8339,SC,São Miguel DOeste,2022,31438573.22,12,35
4217154,5755,SC,São Miguel da Boa Vista,2022,10479524.6,12,129
4217253,944,SC,São Pedro de Alcântara,2022,10479524.6,12,129
4217808,8351,SC,Taió,2022,20959048.91,12,61
4217907,8353,SC,Tangará,2022,10479524.6,12,129
4217956,946,SC,Tigrinhos,2022,10479524.6,12,129
4218004,8355,SC,Tijucas,2022,31438573.22,12,35
4218103,8393,SC,Timbé do Sul,2022,10479524.6,12,129
4218202,8357,SC,Timbó,2022,34931747.97,12,31
4218251,9971,SC,Timbó Grande,2022,10479524.6,12,129
4218350,948,SC,Treviso,2022,10479524.6,12,129
4218509,8363,SC,Treze Tílias,2022,10479524.6,12,129
4218400,8361,SC,Treze de Maio,2022,10479524.6,12,129
4218608,8365,SC,Trombudo Central,2022,10479524.6,12,129
4218301,8359,SC,Três Barras,2022,20959048.91,12,61
4218707,8367,SC,Tubarão,2022,55890796.56,12,13
4218756,9991,SC,Tunápolis,2022,10479524.6,12,129
4218806,8369,SC,Turvo,2022,13972699.3,12,100
4218855,9973,SC,União do Oeste,2022,10479524.6,12,129
4218905,8371,SC,Urubici,2022,13972699.3,12,100
4218954,9975,SC,Urupema,2022,10479524.6,12,129
4219002,8373,SC,Urussanga,2022,20959048.91,12,61
4219150,5563,SC,Vargem,2022,10479524.6,12,129
4219176,5565,SC,Vargem Bonita,2022,10479524.6,12,129
4219101,8375,SC,Vargeão,2022,10479524.6,12,129
4219200,8377,SC,Vidal Ramos,2022,10479524.6,12,129
4219309,8379,SC,Videira,2022,38424922.730000004,12,25
4219358,9977,SC,Vitor Meireles,2022,10479524.6,12,129
4219408,8381,SC,Witmarsum,2022,10479524.6,12,129
4219507,8383,SC,Xanxerê,2022,38424922.730000004,12,25
4219606,8385,SC,Xavantina,2022,10479524.6,12,129
4219705,8387,SC,Xaxim,2022,24452223.63,12,49
4219853,950,SC,Zortéa,2022,10479524.6,12,129
4200408,8007,SC,Água Doce,2022,10479524.6,12,129
4200556,5577,SC,Águas Frias,2022,10479524.6,12,129
4200606,8011,SC,Águas Mornas,2022,10479524.6,12,129
4200507,8009,SC,Águas de Chapecó,2022,10479524.6,12,129
4200051,9939,SC,Abdon Batista,2023,10771928.540000001,12,135
4200101,8001,SC,Abelardo Luz,2023,21543856.8,12,64
4200200,8003,SC,Agrolândia,2023,14362571.32,12,103
4200309,8005,SC,Agronômica,2023,10771928.540000001,12,135
4200705,8013,SC,Alfredo Wagner,2023,12621835.29,12,129
4200754,886,SC,Alto Bela Vista,2023,10771928.540000001,12,135
4200804,8015,SC,Anchieta,2023,10771928.540000001,12,135
4200903,8017,SC,Angelina,2023,10771928.540000001,12,135
4201000,8019,SC,Anita Garibaldi,2023,10771928.540000001,12,135
4201109,8021,SC,Anitápolis,2023,10771928.540000001,12,135
4201208,8023,SC,Antônio Carlos,2023,12621835.29,12,129
4201257,9941,SC,Apiúna,2023,14362571.32,12,103
4201273,5597,SC,Arabutã,2023,10771928.540000001,12,135
4201307,8025,SC,Araquari,2023,34165691.82,12,36
4201406,8027,SC,Araranguá,2023,44937620.019999996,12,22
4201505,8029,SC,Armazém,2023,10771928.540000001,12,135
4201604,8031,SC,Arroio Trinta,2023,10771928.540000001,12,135
4201653,5599,SC,Arvoredo,2023,10771928.540000001,12,135
4201703,8033,SC,Ascurra,2023,10771928.540000001,12,135
4201802,8035,SC,Atalanta,2023,10771928.540000001,12,135
4201901,8037,SC,Aurora,2023,10771928.540000001,12,135
4201950,888,SC,Balneário Arroio do Silva,2023,17953214.12,12,88
4202057,5549,SC,Balneário Barra do Sul,2023,16212478.05,12,99
4202008,8039,SC,Balneário Camboriú,2023,90060832.98,12,11
4202073,890,SC,Balneário Gaivota,2023,16212478.05,12,99
4212809,8251,SC,Balneário Piçarras,2023,25134499.55,12,53
4220000,1192,SC,Balneário Rincão,2023,16212478.05,12,99
4202081,892,SC,Bandeirante,2023,10771928.540000001,12,135
4202099,894,SC,Barra Bonita,2023,10771928.540000001,12,135
4202107,8041,SC,Barra Velha,2023,30684219.76,12,41
4202131,896,SC,Bela Vista do Toldo,2023,10771928.540000001,12,135
4202156,5745,SC,Belmonte,2023,10771928.540000001,12,135
4202206,8043,SC,Benedito Novo,2023,14362571.32,12,103
4202305,8045,SC,Biguaçu,2023,44937620.019999996,12,22
4202404,8047,SC,Blumenau,2023,93651475.75999999,12,2
4202438,898,SC,Bocaina do Sul,2023,10771928.540000001,12,135
4202503,8389,SC,Bom Jardim da Serra,2023,10771928.540000001,12,135
4202537,900,SC,Bom Jesus,2023,10771928.540000001,12,135
4202578,902,SC,Bom Jesus do Oeste,2023,10771928.540000001,12,135
4202602,8049,SC,Bom Retiro,2023,10771928.540000001,12,135
4202453,5537,SC,Bombinhas,2023,23393763.5,12,62
4202701,8051,SC,Botuverá,2023,10771928.540000001,12,135
4202800,8053,SC,Braço do Norte,2023,28725142.28,12,42
4202859,5557,SC,Braço do Trombudo,2023,10771928.540000001,12,135
4202875,904,SC,Brunópolis,2023,10771928.540000001,12,135
4202909,8055,SC,Brusque,2023,64631569.78,12,12
4203105,8059,SC,Caibi,2023,10771928.540000001,12,135
4203154,5553,SC,Calmon,2023,10771928.540000001,12,135
4203204,8061,SC,Camboriú,2023,53968812.29,12,14
4203303,8063,SC,Campo Alegre,2023,14362571.32,12,103
4203402,8065,SC,Campo Belo do Sul,2023,10771928.540000001,12,135
4203501,8067,SC,Campo Erê,2023,10771928.540000001,12,135
4203600,8069,SC,Campos Novos,2023,28725142.28,12,42
4203709,8071,SC,Canelinha,2023,14362571.32,12,103
4203808,8073,SC,Canoinhas,2023,39497070.6,12,25
4203907,8075,SC,Capinzal,2023,21543856.8,12,64
4203956,5545,SC,Capivari de Baixo,2023,25134499.55,12,53
4203253,906,SC,Capão Alto,2023,10771928.540000001,12,135
4204004,8077,SC,Catanduvas,2023,14362571.32,12,103
4204103,8079,SC,Caxambu do Sul,2023,10771928.540000001,12,135
4203006,8057,SC,Caçador,2023,46678356.08,12,18
4204152,9943,SC,Celso Ramos,2023,10771928.540000001,12,135
4204178,5567,SC,Cerro Negro,2023,10771928.540000001,12,135
4204194,908,SC,Chapadão do Lageado,2023,10771928.540000001,12,135
4204202,8081,SC,Chapecó,2023,93651475.75999999,12,2
4204251,5543,SC,Cocal do Sul,2023,19803120.84,12,86
4204301,8083,SC,Concórdia,2023,48528262.83,12,17
4204350,5579,SC,Cordilheira Alta,2023,10771928.540000001,12,135
4204400,8085,SC,Coronel Freitas,2023,12621835.29,12,129
4204459,5735,SC,Coronel Martins,2023,10771928.540000001,12,135
4204558,8395,SC,Correia Pinto,2023,16212478.05,12,99
4204509,8087,SC,Corupá,2023,17953214.12,12,88
4204608,8089,SC,Criciúma,2023,93651475.75999999,12,2
4204707,8091,SC,Cunha Porã,2023,14362571.32,12,103
4204756,910,SC,Cunhataí,2023,10771928.540000001,12,135
4204806,8093,SC,Curitibanos,2023,32315785.05,12,38
4204905,8095,SC,Descanso,2023,10771928.540000001,12,135
4205001,8097,SC,Dionísio Cerqueira,2023,17953214.12,12,88
4205100,8099,SC,Dona Emma,2023,10771928.540000001,12,135
4205159,9945,SC,Doutor Pedrinho,2023,10771928.540000001,12,135
4205175,912,SC,Entre Rios,2023,10771928.540000001,12,135
4205191,914,SC,Ermo,2023,10771928.540000001,12,135
4205209,8101,SC,Erval Velho,2023,10771928.540000001,12,135
4205308,8103,SC,Faxinal dos Guedes,2023,14362571.32,12,103
4205357,916,SC,Flor do Sertão,2023,10771928.540000001,12,135
4205407,8105,SC,Florianópolis,2023,198504359.69,12,1
4205431,5581,SC,Formosa do Sul,2023,10771928.540000001,12,135
4205456,973,SC,Forquilhinha,2023,26984406.28,12,50
4205506,8107,SC,Fraiburgo,2023,28725142.28,12,42
4205555,918,SC,Frei Rogério,2023,10771928.540000001,12,135
4205605,8109,SC,Galvão,2023,10771928.540000001,12,135
4205704,8113,SC,Garopaba,2023,25134499.55,12,53
4205803,8115,SC,Garuva,2023,21543856.8,12,64
4205902,8117,SC,Gaspar,2023,46678356.08,12,18
4206009,8111,SC,Governador Celso Ramos,2023,17953214.12,12,88
4206207,8121,SC,Gravatal,2023,14362571.32,12,103
4206108,8119,SC,Grão Pará,2023,10771928.540000001,12,135
4206306,8123,SC,Guabiruba,2023,25134499.55,12,53
4206405,8125,SC,Guaraciaba,2023,14362571.32,12,103
4206504,8127,SC,Guaramirim,2023,35906427.83,12,33
4206603,8129,SC,Guarujá do Sul,2023,10771928.540000001,12,135
4206652,5583,SC,Guatambú,2023,10771928.540000001,12,135
4206702,8131,SC,Herval DOeste,2023,21543856.8,12,64
4206751,920,SC,Ibiam,2023,10771928.540000001,12,135
4206801,8133,SC,Ibicaré,2023,10771928.540000001,12,135
4206900,8135,SC,Ibirama,2023,21543856.8,12,64
4207106,8139,SC,Ilhota,2023,19803120.84,12,86
4207205,8141,SC,Imaruí,2023,14362571.32,12,103
4207304,8143,SC,Imbituba,2023,37756334.55,12,31
4207403,8145,SC,Imbuia,2023,10771928.540000001,12,135
4207502,8147,SC,Indaial,2023,46678356.08,12,18
4207577,922,SC,Iomerê,2023,10771928.540000001,12,135
4207601,8149,SC,Ipira,2023,10771928.540000001,12,135
4207650,9951,SC,Iporã do Oeste,2023,10771928.540000001,12,135
4207684,5737,SC,Ipuaçu,2023,10771928.540000001,12,135
4207700,8151,SC,Ipumirim,2023,10771928.540000001,12,135
4207759,9953,SC,Iraceminha,2023,10771928.540000001,12,135
4207809,8153,SC,Irani,2023,14362571.32,12,103
4207858,5585,SC,Irati,2023,10771928.540000001,12,135
4207908,8155,SC,Irineópolis,2023,14362571.32,12,103
4208104,8159,SC,Itaiópolis,2023,21543856.8,12,64
4208203,8161,SC,Itajaí,2023,93651475.75999999,12,2
4208302,8163,SC,Itapema,2023,44937620.019999996,12,22
4208401,8165,SC,Itapiranga,2023,21543856.8,12,64
4208450,9985,SC,Itapoá,2023,25243670.23,12,52
4208500,8167,SC,Ituporanga,2023,25134499.55,12,53
4208005,8157,SC,Itá,2023,10771928.540000001,12,135
4207007,8137,SC,Içara,2023,39497070.6,12,25
4208609,8169,SC,Jaborá,2023,10771928.540000001,12,135
4208708,8171,SC,Jacinto Machado,2023,14362571.32,12,103
4208807,8173,SC,Jaguaruna,2023,21543856.8,12,64
4208906,8175,SC,Jaraguá do Sul,2023,93651475.75999999,12,2
4208955,5587,SC,Jardinópolis,2023,10771928.540000001,12,135
4209003,8177,SC,Joaçaba,2023,28725142.28,12,42
4209102,8179,SC,Joinville,2023,93651475.75999999,12,2
4209151,9957,SC,José Boiteux,2023,10771928.540000001,12,135
4209177,924,SC,Jupiá,2023,10771928.540000001,12,135
4209201,8181,SC,Lacerdópolis,2023,10771928.540000001,12,135
4209300,8183,SC,Lages,2023,93651475.75999999,12,2
4209409,8185,SC,Laguna,2023,35906427.83,12,33
4209458,5739,SC,Lajeado Grande,2023,10771928.540000001,12,135
4209508,8187,SC,Laurentino,2023,10771928.540000001,12,135
4209607,8189,SC,Lauro Muller,2023,17953214.12,12,88
4209706,8191,SC,Lebon Régis,2023,14362571.32,12,103
4209805,8193,SC,Leoberto Leal,2023,10771928.540000001,12,135
4209854,9961,SC,Lindóia do Sul,2023,10771928.540000001,12,135
4209904,8195,SC,Lontras,2023,14362571.32,12,103
4210001,8197,SC,Luiz Alves,2023,14362571.32,12,103
4210035,926,SC,Luzerna,2023,10771928.540000001,12,135
4210050,5575,SC,Macieira,2023,10771928.540000001,12,135
4210100,8199,SC,Mafra,2023,39497070.6,12,25
4210209,8201,SC,Major Gercino,2023,10771928.540000001,12,135
4210308,8203,SC,Major Vieira,2023,10771928.540000001,12,135
4210407,8391,SC,Maracajá,2023,10771928.540000001,12,135
4210506,8205,SC,Maravilha,2023,25134499.55,12,53
4210555,9963,SC,Marema,2023,10771928.540000001,12,135
4210605,8207,SC,Massaranduba,2023,21543856.8,12,64
4210704,8209,SC,Matos Costa,2023,10771928.540000001,12,135
4210803,8211,SC,Meleiro,2023,10771928.540000001,12,135
4210852,5559,SC,Mirim Doce,2023,10771928.540000001,12,135
4210902,8213,SC,Modelo,2023,10771928.540000001,12,135
4211009,8215,SC,Mondaí,2023,14362571.32,12,103
4211058,5561,SC,Monte Carlo,2023,10771928.540000001,12,135
4211108,8217,SC,Monte Castelo,2023,10771928.540000001,12,135
4211256,5539,SC,Morro Grande,2023,10771928.540000001,12,135
4211207,8219,SC,Morro da Fumaça,2023,21543856.8,12,64
4211306,8221,SC,Navegantes,2023,50268998.85,12,15
4211405,8223,SC,Nova Erechim,2023,10771928.540000001,12,135
4211454,5589,SC,Nova Itaberaba,2023,10771928.540000001,12,135
4211504,8225,SC,Nova Trento,2023,17953214.12,12,88
4211603,8227,SC,Nova Veneza,2023,17953214.12,12,88
4211652,5591,SC,Novo Horizonte,2023,10771928.540000001,12,135
4211702,8229,SC,Orleans,2023,21543856.8,12,64
4211751,8397,SC,Otacílio Costa,2023,21543856.8,12,64
4211801,8231,SC,Ouro,2023,10771928.540000001,12,135
4211850,5741,SC,Ouro Verde,2023,10771928.540000001,12,135
4211876,928,SC,Paial,2023,10771928.540000001,12,135
4211892,930,SC,Painel,2023,10771928.540000001,12,135
4211900,8233,SC,Palhoça,2023,93651475.75999999,12,2
4212007,8235,SC,Palma Sola,2023,10771928.540000001,12,135
4212056,932,SC,Palmeira,2023,10771928.540000001,12,135
4212106,8237,SC,Palmitos,2023,17953214.12,12,88
4212205,8239,SC,Papanduva,2023,21543856.8,12,64
4212239,5747,SC,Paraíso,2023,10771928.540000001,12,135
4212254,5541,SC,Passo de Torres,2023,12621835.29,12,129
4212270,5743,SC,Passos Maia,2023,10771928.540000001,12,135
4212304,8241,SC,Paulo Lopes,2023,10771928.540000001,12,135
4212403,8243,SC,Pedras Grandes,2023,10771928.540000001,12,135
4212502,8245,SC,Penha,2023,28725142.28,12,42
4212601,8247,SC,Peritiba,2023,10771928.540000001,12,135
4212650,1194,SC,Pescaria Brava,2023,14362570.06,12,128
4212700,8249,SC,Petrolândia,2023,10771928.540000001,12,135
4212908,8253,SC,Pinhalzinho,2023,21543856.8,12,64
4213005,8255,SC,Pinheiro Preto,2023,10771928.540000001,12,135
4213104,8257,SC,Piratuba,2023,10771928.540000001,12,135
4213153,5593,SC,Planalto Alegre,2023,10771928.540000001,12,135
4213203,8259,SC,Pomerode,2023,28725142.28,12,42
4213302,8261,SC,Ponte Alta,2023,10771928.540000001,12,135
4213351,5569,SC,Ponte Alta do Norte,2023,10771928.540000001,12,135
4213401,8263,SC,Ponte Serrada,2023,14362571.32,12,103
4213500,8265,SC,Porto Belo,2023,23393763.5,12,62
4213609,8267,SC,Porto União,2023,28725142.28,12,42
4213708,8269,SC,Pouso Redondo,2023,21543856.8,12,64
4213807,8271,SC,Praia Grande,2023,10771928.540000001,12,135
4213906,8273,SC,Presidente Castelo Branco,2023,10771928.540000001,12,135
4214003,8275,SC,Presidente Getúlio,2023,21543856.8,12,64
4214102,8277,SC,Presidente Nereu,2023,10771928.540000001,12,135
4214151,934,SC,Princesa,2023,10771928.540000001,12,135
4214201,8279,SC,Quilombo,2023,12621835.29,12,129
4214300,8281,SC,Rancho Queimado,2023,10771928.540000001,12,135
4214904,8293,SC,Rio Fortuna,2023,10771928.540000001,12,135
4215000,8295,SC,Rio Negrinho,2023,32315785.05,12,38
4215059,5571,SC,Rio Rufino,2023,10771928.540000001,12,135
4214409,8283,SC,Rio das Antas,2023,10771928.540000001,12,135
4214508,8285,SC,Rio do Campo,2023,10771928.540000001,12,135
4214607,8287,SC,Rio do Oeste,2023,10771928.540000001,12,135
4214805,8291,SC,Rio do Sul,2023,46678356.08,12,18
4214706,8289,SC,Rio dos Cedros,2023,14362571.32,12,103
4215075,5749,SC,Riqueza,2023,10771928.540000001,12,135
4215109,8297,SC,Rodeio,2023,14362571.32,12,103
4215208,8299,SC,Romelândia,2023,10771928.540000001,12,135
4215307,8301,SC,Salete,2023,10771928.540000001,12,135
4215356,936,SC,Saltinho,2023,10771928.540000001,12,135
4215406,8303,SC,Salto Veloso,2023,10771928.540000001,12,135
4215455,5547,SC,Sangão,2023,14362571.32,12,103
4215505,8305,SC,Santa Cecília,2023,21543856.8,12,64
4215554,5751,SC,Santa Helena,2023,10771928.540000001,12,135
4215604,8307,SC,Santa Rosa de Lima,2023,10771928.540000001,12,135
4215653,9967,SC,Santa Rosa do Sul,2023,10771928.540000001,12,135
4215679,5555,SC,Santa Terezinha,2023,10771928.540000001,12,135
4215687,938,SC,Santa Terezinha do Progresso,2023,10771928.540000001,12,135
4215695,940,SC,Santiago do Sul,2023,10771928.540000001,12,135
4215703,8309,SC,Santo Amaro da Imperatriz,2023,25134499.55,12,53
4217303,8341,SC,Saudades,2023,12621835.29,12,129
4217402,8343,SC,Schroeder,2023,21543856.8,12,64
4217501,8345,SC,Seara,2023,21543856.8,12,64
4217550,9989,SC,Serra Alta,2023,10771928.540000001,12,135
4217600,8347,SC,Siderópolis,2023,17953214.12,12,88
4217709,8349,SC,Sombrio,2023,28725142.28,12,42
4217758,5595,SC,Sul Brasil,2023,10771928.540000001,12,135
4215802,8311,SC,São Bento do Sul,2023,50268998.85,12,15
4215752,942,SC,São Bernardino,2023,10771928.540000001,12,135
4215901,8313,SC,São Bonifácio,2023,10771928.540000001,12,135
4216008,8315,SC,São Carlos,2023,14362571.32,12,103
4216057,5573,SC,São Cristovão do Sul,2023,10771928.540000001,12,135
4216107,8317,SC,São Domingos,2023,10771928.540000001,12,135
4216206,8319,SC,São Francisco do Sul,2023,39497070.6,12,25
4216503,8325,SC,São Joaquim,2023,25134499.55,12,53
4216602,8327,SC,São José,2023,93651475.75999999,12,2
4216701,8329,SC,São José do Cedro,2023,17953214.12,12,88
4216800,8331,SC,São José do Cerrito,2023,10771928.540000001,12,135
4216305,8321,SC,São João Batista,2023,32315785.05,12,38
4216354,5551,SC,São João do Itaperiú,2023,10771928.540000001,12,135
4216255,5753,SC,São João do Oeste,2023,10771928.540000001,12,135
4216404,8323,SC,São João do Sul,2023,10771928.540000001,12,135
4216909,8333,SC,São Lourenço do Oeste,2023,25134499.55,12,53
4217006,8335,SC,São Ludgero,2023,17953214.12,12,88
4217105,8337,SC,São Martinho,2023,10771928.540000001,12,135
4217204,8339,SC,São Miguel DOeste,2023,34165691.82,12,36
4217154,5755,SC,São Miguel da Boa Vista,2023,10771928.540000001,12,135
4217253,944,SC,São Pedro de Alcântara,2023,10771928.540000001,12,135
4217808,8351,SC,Taió,2023,21543856.8,12,64
4217907,8353,SC,Tangará,2023,10771928.540000001,12,135
4217956,946,SC,Tigrinhos,2023,10771928.540000001,12,135
4218004,8355,SC,Tijucas,2023,36015598.54,12,32
4218103,8393,SC,Timbé do Sul,2023,10771928.540000001,12,135
4218202,8357,SC,Timbó,2023,35906427.83,12,33
4218251,9971,SC,Timbó Grande,2023,10771928.540000001,12,135
4218350,948,SC,Treviso,2023,10771928.540000001,12,135
4218509,8363,SC,Treze Tílias,2023,10771928.540000001,12,135
4218400,8361,SC,Treze de Maio,2023,10771928.540000001,12,135
4218608,8365,SC,Trombudo Central,2023,10771928.540000001,12,135
4218301,8359,SC,Três Barras,2023,21543856.8,12,64
4218707,8367,SC,Tubarão,2023,57450284.28,12,13
4218756,9991,SC,Tunápolis,2023,10771928.540000001,12,135
4218806,8369,SC,Turvo,2023,14362571.32,12,103
4218855,9973,SC,União do Oeste,2023,10771928.540000001,12,135
4218905,8371,SC,Urubici,2023,14362571.32,12,103
4218954,9975,SC,Urupema,2023,10771928.540000001,12,135
4219002,8373,SC,Urussanga,2023,21543856.8,12,64
4219150,5563,SC,Vargem,2023,10771928.540000001,12,135
4219176,5565,SC,Vargem Bonita,2023,10771928.540000001,12,135
4219101,8375,SC,Vargeão,2023,10771928.540000001,12,135
4219200,8377,SC,Vidal Ramos,2023,10771928.540000001,12,135
4219309,8379,SC,Videira,2023,39497070.6,12,25
4219358,9977,SC,Vitor Meireles,2023,10771928.540000001,12,135
4219408,8381,SC,Witmarsum,2023,10771928.540000001,12,135
4219507,8383,SC,Xanxerê,2023,39497070.6,12,25
4219606,8385,SC,Xavantina,2023,10771928.540000001,12,135
4219705,8387,SC,Xaxim,2023,26984406.28,12,50
4219853,950,SC,Zortéa,2023,10771928.540000001,12,135
4200408,8007,SC,Água Doce,2023,10771928.540000001,12,135
4200556,5577,SC,Águas Frias,2023,10771928.540000001,12,135
4200606,8011,SC,Águas Mornas,2023,10771928.540000001,12,135
4200507,8009,SC,Águas de Chapecó,2023,10771928.540000001,12,135
4200051,9939,SC,Abdon Batista,2024,12425483.95,12,135
4200101,8001,SC,Abelardo Luz,2024,24850967.49,12,64
4200200,8003,SC,Agrolândia,2024,16567311.77,12,103
4200309,8005,SC,Agronômica,2024,12425483.95,12,135
4200705,8013,SC,Alfredo Wagner,2024,16567311.77,12,103
4200754,886,SC,Alto Bela Vista,2024,12425483.95,12,135
4200804,8015,SC,Anchieta,2024,12425483.95,12,135
4200903,8017,SC,Angelina,2024,12425483.95,12,135
4201000,8019,SC,Anita Garibaldi,2024,12425483.95,12,135
4201109,8021,SC,Anitápolis,2024,12425483.95,12,135
4201208,8023,SC,Antônio Carlos,2024,16567311.77,12,103
4201257,9941,SC,Apiúna,2024,16142170.56,12,133
4201273,5597,SC,Arabutã,2024,12425483.95,12,135
4201307,8025,SC,Araquari,2024,41418278.910000004,12,33
4201406,8027,SC,Araranguá,2024,53843762.42,12,18
4201505,8029,SC,Armazém,2024,12425483.95,12,135
4201604,8031,SC,Arroio Trinta,2024,12425483.95,12,135
4201653,5599,SC,Arvoredo,2024,12425483.95,12,135
4201703,8033,SC,Ascurra,2024,12425483.95,12,135
4201802,8035,SC,Atalanta,2024,12425483.95,12,135
4201901,8037,SC,Aurora,2024,12425483.95,12,135
4201950,888,SC,Balneário Arroio do Silva,2024,20709139.75,12,88
4202057,5549,SC,Balneário Barra do Sul,2024,20709139.75,12,88
4202008,8039,SC,Balneário Camboriú,2024,100076684.11,12,11
4202073,890,SC,Balneário Gaivota,2024,20709139.75,12,88
4212809,8251,SC,Balneário Piçarras,2024,28992795.41,12,53
4220000,1192,SC,Balneário Rincão,2024,20709139.75,12,88
4202081,892,SC,Bandeirante,2024,12425483.95,12,135
4202099,894,SC,Barra Bonita,2024,12425483.95,12,135
4202107,8041,SC,Barra Velha,2024,41418278.910000004,12,33
4202131,896,SC,Bela Vista do Toldo,2024,12425483.95,12,135
4202156,5745,SC,Belmonte,2024,12425483.95,12,135
4202206,8043,SC,Benedito Novo,2024,16567311.77,12,103
4202305,8045,SC,Biguaçu,2024,53843762.42,12,18
4202404,8047,SC,Blumenau,2024,106810034.26,12,3
4202438,898,SC,Bocaina do Sul,2024,12425483.95,12,135
4202503,8389,SC,Bom Jardim da Serra,2024,12425483.95,12,135
4202537,900,SC,Bom Jesus,2024,12425483.95,12,135
4202578,902,SC,Bom Jesus do Oeste,2024,12425483.95,12,135
4202602,8049,SC,Bom Retiro,2024,12425483.95,12,135
4202453,5537,SC,Bombinhas,2024,28992795.41,12,53
4202701,8051,SC,Botuverá,2024,12425483.95,12,135
4202800,8053,SC,Braço do Norte,2024,33134623.27,12,42
4202859,5557,SC,Braço do Trombudo,2024,12425483.95,12,135
4202875,904,SC,Brunópolis,2024,12425483.95,12,135
4202909,8055,SC,Brusque,2024,74552901.68,12,12
4203105,8059,SC,Caibi,2024,12425483.95,12,135
4203154,5553,SC,Calmon,2024,12425483.95,12,135
4203204,8061,SC,Camboriú,2024,66269245.97,12,13
4203303,8063,SC,Campo Alegre,2024,16567311.77,12,103
4203402,8065,SC,Campo Belo do Sul,2024,12425483.95,12,135
4203501,8067,SC,Campo Erê,2024,12425483.95,12,135
4203600,8069,SC,Campos Novos,2024,33134623.27,12,42
4203709,8071,SC,Canelinha,2024,16567311.77,12,103
4203808,8073,SC,Canoinhas,2024,45560106.64,12,25
4203907,8075,SC,Capinzal,2024,24850967.49,12,64
4203956,5545,SC,Capivari de Baixo,2024,28992795.41,12,53
4203253,906,SC,Capão Alto,2024,12425483.95,12,135
4204004,8077,SC,Catanduvas,2024,16567311.77,12,103
4204103,8079,SC,Caxambu do Sul,2024,12425483.95,12,135
4203006,8057,SC,Caçador,2024,53843762.42,12,18
4204152,9943,SC,Celso Ramos,2024,12425483.95,12,135
4204178,5567,SC,Cerro Negro,2024,12425483.95,12,135
4204194,908,SC,Chapadão do Lageado,2024,12425483.95,12,135
4204202,8081,SC,Chapecó,2024,106810034.26,12,3
4204251,5543,SC,Cocal do Sul,2024,24850967.49,12,64
4204301,8083,SC,Concórdia,2024,57985590.269999996,12,15
4204350,5579,SC,Cordilheira Alta,2024,12425483.95,12,135
4204400,8085,SC,Coronel Freitas,2024,16567311.77,12,103
4204459,5735,SC,Coronel Martins,2024,12425483.95,12,135
4204558,8395,SC,Correia Pinto,2024,20709139.75,12,88
4204509,8087,SC,Corupá,2024,20709139.75,12,88
4204608,8089,SC,Criciúma,2024,106810035.19,12,2
4204707,8091,SC,Cunha Porã,2024,16567311.77,12,103
4204756,910,SC,Cunhataí,2024,12425483.95,12,135
4204806,8093,SC,Curitibanos,2024,37276451.1,12,39
4204905,8095,SC,Descanso,2024,12425483.95,12,135
4205001,8097,SC,Dionísio Cerqueira,2024,20709139.75,12,88
4205100,8099,SC,Dona Emma,2024,12425483.95,12,135
4205159,9945,SC,Doutor Pedrinho,2024,12425483.95,12,135
4205175,912,SC,Entre Rios,2024,12425483.95,12,135
4205191,914,SC,Ermo,2024,12425483.95,12,135
4205209,8101,SC,Erval Velho,2024,12425483.95,12,135
4205308,8103,SC,Faxinal dos Guedes,2024,16567311.77,12,103
4205357,916,SC,Flor do Sertão,2024,12425483.95,12,135
4205407,8105,SC,Florianópolis,2024,216650165.51,12,1
4205431,5581,SC,Formosa do Sul,2024,12425483.95,12,135
4205456,973,SC,Forquilhinha,2024,33134623.27,12,42
4205506,8107,SC,Fraiburgo,2024,33134623.27,12,42
4205555,918,SC,Frei Rogério,2024,12425483.95,12,135
4205605,8109,SC,Galvão,2024,12425483.95,12,135
4205704,8113,SC,Garopaba,2024,28992795.41,12,53
4205803,8115,SC,Garuva,2024,24850967.49,12,64
4205902,8117,SC,Gaspar,2024,53843762.42,12,18
4206009,8111,SC,Governador Celso Ramos,2024,20709139.75,12,88
4206207,8121,SC,Gravatal,2024,16567311.77,12,103
4206108,8119,SC,Grão Pará,2024,12425483.95,12,135
4206306,8123,SC,Guabiruba,2024,28992795.41,12,53
4206405,8125,SC,Guaraciaba,2024,16567311.77,12,103
4206504,8127,SC,Guaramirim,2024,41418278.910000004,12,33
4206603,8129,SC,Guarujá do Sul,2024,12425483.95,12,135
4206652,5583,SC,Guatambú,2024,12425483.95,12,135
4206702,8131,SC,Herval DOeste,2024,24850967.49,12,64
4206751,920,SC,Ibiam,2024,12425483.95,12,135
4206801,8133,SC,Ibicaré,2024,12425483.95,12,135
4206900,8135,SC,Ibirama,2024,24850967.49,12,64
4207106,8139,SC,Ilhota,2024,24850967.49,12,64
4207205,8141,SC,Imaruí,2024,16567311.77,12,103
4207304,8143,SC,Imbituba,2024,45560106.64,12,25
4207403,8145,SC,Imbuia,2024,12425483.95,12,135
4207502,8147,SC,Indaial,2024,53843762.42,12,18
4207577,922,SC,Iomerê,2024,12425483.95,12,135
4207601,8149,SC,Ipira,2024,12425483.95,12,135
4207650,9951,SC,Iporã do Oeste,2024,12425483.95,12,135
4207684,5737,SC,Ipuaçu,2024,12425483.95,12,135
4207700,8151,SC,Ipumirim,2024,12425483.95,12,135
4207759,9953,SC,Iraceminha,2024,12425483.95,12,135
4207809,8153,SC,Irani,2024,16567311.77,12,103
4207858,5585,SC,Irati,2024,12425483.95,12,135
4207908,8155,SC,Irineópolis,2024,16567311.77,12,103
4208104,8159,SC,Itaiópolis,2024,24850967.49,12,64
4208203,8161,SC,Itajaí,2024,106810034.26,12,3
4208302,8163,SC,Itapema,2024,53843762.42,12,18
4208401,8165,SC,Itapiranga,2024,24420206.32,12,86
4208450,9985,SC,Itapoá,2024,33134623.27,12,42
4208500,8167,SC,Ituporanga,2024,28992795.41,12,53
4208005,8157,SC,Itá,2024,12425483.95,12,135
4207007,8137,SC,Içara,2024,45560106.64,12,25
4208609,8169,SC,Jaborá,2024,12425483.95,12,135
4208708,8171,SC,Jacinto Machado,2024,16567311.77,12,103
4208807,8173,SC,Jaguaruna,2024,24850967.49,12,64
4208906,8175,SC,Jaraguá do Sul,2024,106810034.26,12,3
4208955,5587,SC,Jardinópolis,2024,12425483.95,12,135
4209003,8177,SC,Joaçaba,2024,32698242.17,12,51
4209102,8179,SC,Joinville,2024,106810034.26,12,3
4209151,9957,SC,José Boiteux,2024,12425483.95,12,135
4209177,924,SC,Jupiá,2024,12425483.95,12,135
4209201,8181,SC,Lacerdópolis,2024,12425483.95,12,135
4209300,8183,SC,Lages,2024,106810034.26,12,3
4209409,8185,SC,Laguna,2024,40976278.05,12,38
4209458,5739,SC,Lajeado Grande,2024,12425483.95,12,135
4209508,8187,SC,Laurentino,2024,12425483.95,12,135
4209607,8189,SC,Lauro Muller,2024,20709139.75,12,88
4209706,8191,SC,Lebon Régis,2024,16567311.77,12,103
4209805,8193,SC,Leoberto Leal,2024,12425483.95,12,135
4209854,9961,SC,Lindóia do Sul,2024,12425483.95,12,135
4209904,8195,SC,Lontras,2024,16567311.77,12,103
4210001,8197,SC,Luiz Alves,2024,16567311.77,12,103
4210035,926,SC,Luzerna,2024,12425483.95,12,135
4210050,5575,SC,Macieira,2024,12425483.95,12,135
4210100,8199,SC,Mafra,2024,45560106.64,12,25
4210209,8201,SC,Major Gercino,2024,12425483.95,12,135
4210308,8203,SC,Major Vieira,2024,12425483.95,12,135
4210407,8391,SC,Maracajá,2024,12425483.95,12,135
4210506,8205,SC,Maravilha,2024,28992795.41,12,53
4210555,9963,SC,Marema,2024,12425483.95,12,135
4210605,8207,SC,Massaranduba,2024,24850967.49,12,64
4210704,8209,SC,Matos Costa,2024,12425483.95,12,135
4210803,8211,SC,Meleiro,2024,12425483.95,12,135
4210852,5559,SC,Mirim Doce,2024,12425483.95,12,135
4210902,8213,SC,Modelo,2024,12425483.95,12,135
4211009,8215,SC,Mondaí,2024,16142170.56,12,133
4211058,5561,SC,Monte Carlo,2024,12425483.95,12,135
4211108,8217,SC,Monte Castelo,2024,12425483.95,12,135
4211256,5539,SC,Morro Grande,2024,12425483.95,12,135
4211207,8219,SC,Morro da Fumaça,2024,24850967.49,12,64
4211306,8221,SC,Navegantes,2024,57985590.269999996,12,15
4211405,8223,SC,Nova Erechim,2024,12425483.95,12,135
4211454,5589,SC,Nova Itaberaba,2024,12425483.95,12,135
4211504,8225,SC,Nova Trento,2024,20709139.75,12,88
4211603,8227,SC,Nova Veneza,2024,20709139.75,12,88
4211652,5591,SC,Novo Horizonte,2024,12425483.95,12,135
4211702,8229,SC,Orleans,2024,24850967.49,12,64
4211751,8397,SC,Otacílio Costa,2024,24850967.49,12,64
4211801,8231,SC,Ouro,2024,12425483.95,12,135
4211850,5741,SC,Ouro Verde,2024,12425483.95,12,135
4211876,928,SC,Paial,2024,12425483.95,12,135
4211892,930,SC,Painel,2024,12425483.95,12,135
4211900,8233,SC,Palhoça,2024,106810034.26,12,3
4212007,8235,SC,Palma Sola,2024,12425483.95,12,135
4212056,932,SC,Palmeira,2024,12425483.95,12,135
4212106,8237,SC,Palmitos,2024,20709139.75,12,88
4212205,8239,SC,Papanduva,2024,24850967.49,12,64
4212239,5747,SC,Paraíso,2024,12425483.95,12,135
4212254,5541,SC,Passo de Torres,2024,16567311.77,12,103
4212270,5743,SC,Passos Maia,2024,12425483.95,12,135
4212304,8241,SC,Paulo Lopes,2024,12425483.95,12,135
4212403,8243,SC,Pedras Grandes,2024,12425483.95,12,135
4212502,8245,SC,Penha,2024,33134623.27,12,42
4212601,8247,SC,Peritiba,2024,12425483.95,12,135
4212650,1194,SC,Pescaria Brava,2024,16567307.53,12,132
4212700,8249,SC,Petrolândia,2024,12425483.95,12,135
4212908,8253,SC,Pinhalzinho,2024,24850967.49,12,64
4213005,8255,SC,Pinheiro Preto,2024,12425483.95,12,135
4213104,8257,SC,Piratuba,2024,12425483.95,12,135
4213153,5593,SC,Planalto Alegre,2024,12425483.95,12,135
4213203,8259,SC,Pomerode,2024,33134623.27,12,42
4213302,8261,SC,Ponte Alta,2024,12425483.95,12,135
4213351,5569,SC,Ponte Alta do Norte,2024,12425483.95,12,135
4213401,8263,SC,Ponte Serrada,2024,16567311.77,12,103
4213500,8265,SC,Porto Belo,2024,28992795.41,12,53
4213609,8267,SC,Porto União,2024,33134623.27,12,42
4213708,8269,SC,Pouso Redondo,2024,24850967.49,12,64
4213807,8271,SC,Praia Grande,2024,12425483.95,12,135
4213906,8273,SC,Presidente Castelo Branco,2024,12425483.95,12,135
4214003,8275,SC,Presidente Getúlio,2024,24850967.49,12,64
4214102,8277,SC,Presidente Nereu,2024,12425483.95,12,135
4214151,934,SC,Princesa,2024,12425483.95,12,135
4214201,8279,SC,Quilombo,2024,16567311.77,12,103
4214300,8281,SC,Rancho Queimado,2024,12425483.95,12,135
4214904,8293,SC,Rio Fortuna,2024,12425483.95,12,135
4215000,8295,SC,Rio Negrinho,2024,37276451.1,12,39
4215059,5571,SC,Rio Rufino,2024,12425483.95,12,135
4214409,8283,SC,Rio das Antas,2024,12425483.95,12,135
4214508,8285,SC,Rio do Campo,2024,12425483.95,12,135
4214607,8287,SC,Rio do Oeste,2024,12425483.95,12,135
4214805,8291,SC,Rio do Sul,2024,53843762.42,12,18
4214706,8289,SC,Rio dos Cedros,2024,16567311.77,12,103
4215075,5749,SC,Riqueza,2024,12425483.95,12,135
4215109,8297,SC,Rodeio,2024,16567311.77,12,103
4215208,8299,SC,Romelândia,2024,12425483.95,12,135
4215307,8301,SC,Salete,2024,12425483.95,12,135
4215356,936,SC,Saltinho,2024,12425483.95,12,135
4215406,8303,SC,Salto Veloso,2024,12425483.95,12,135
4215455,5547,SC,Sangão,2024,16567311.77,12,103
4215505,8305,SC,Santa Cecília,2024,24420206.32,12,86
4215554,5751,SC,Santa Helena,2024,12425483.95,12,135
4215604,8307,SC,Santa Rosa de Lima,2024,12425483.95,12,135
4215653,9967,SC,Santa Rosa do Sul,2024,12425483.95,12,135
4215679,5555,SC,Santa Terezinha,2024,12425483.95,12,135
4215687,938,SC,Santa Terezinha do Progresso,2024,12425483.95,12,135
4215695,940,SC,Santiago do Sul,2024,12425483.95,12,135
4215703,8309,SC,Santo Amaro da Imperatriz,2024,28992795.41,12,53
4217303,8341,SC,Saudades,2024,16567311.77,12,103
4217402,8343,SC,Schroeder,2024,24850967.49,12,64
4217501,8345,SC,Seara,2024,24850967.49,12,64
4217550,9989,SC,Serra Alta,2024,12425483.95,12,135
4217600,8347,SC,Siderópolis,2024,20709139.75,12,88
4217709,8349,SC,Sombrio,2024,32698242.17,12,51
4217758,5595,SC,Sul Brasil,2024,12425483.95,12,135
4215802,8311,SC,São Bento do Sul,2024,57985590.269999996,12,15
4215752,942,SC,São Bernardino,2024,12425483.95,12,135
4215901,8313,SC,São Bonifácio,2024,12425483.95,12,135
4216008,8315,SC,São Carlos,2024,16567311.77,12,103
4216057,5573,SC,São Cristovão do Sul,2024,12425483.95,12,135
4216107,8317,SC,São Domingos,2024,12425483.95,12,135
4216206,8319,SC,São Francisco do Sul,2024,45560106.64,12,25
4216503,8325,SC,São Joaquim,2024,28992795.41,12,53
4216602,8327,SC,São José,2024,106810034.26,12,3
4216701,8329,SC,São José do Cedro,2024,20709139.75,12,88
4216800,8331,SC,São José do Cerrito,2024,12425483.95,12,135
4216305,8321,SC,São João Batista,2024,36837260.15,12,41
4216354,5551,SC,São João do Itaperiú,2024,12425483.95,12,135
4216255,5753,SC,São João do Oeste,2024,12425483.95,12,135
4216404,8323,SC,São João do Sul,2024,12425483.95,12,135
4216909,8333,SC,São Lourenço do Oeste,2024,28992795.41,12,53
4217006,8335,SC,São Ludgero,2024,20281188.42,12,102
4217105,8337,SC,São Martinho,2024,12425483.95,12,135
4217204,8339,SC,São Miguel DOeste,2024,41418278.910000004,12,33
4217154,5755,SC,São Miguel da Boa Vista,2024,12425483.95,12,135
4217253,944,SC,São Pedro de Alcântara,2024,12425483.95,12,135
4217808,8351,SC,Taió,2024,24850967.49,12,64
4217907,8353,SC,Tangará,2024,12425483.95,12,135
4217956,946,SC,Tigrinhos,2024,12425483.95,12,135
4218004,8355,SC,Tijucas,2024,45560106.64,12,25
4218103,8393,SC,Timbé do Sul,2024,12425483.95,12,135
4218202,8357,SC,Timbó,2024,41418278.910000004,12,33
4218251,9971,SC,Timbó Grande,2024,12425483.95,12,135
4218350,948,SC,Treviso,2024,12425483.95,12,135
4218509,8363,SC,Treze Tílias,2024,12425483.95,12,135
4218400,8361,SC,Treze de Maio,2024,12425483.95,12,135
4218608,8365,SC,Trombudo Central,2024,12425483.95,12,135
4218301,8359,SC,Três Barras,2024,24850967.49,12,64
4218707,8367,SC,Tubarão,2024,66269245.97,12,13
4218756,9991,SC,Tunápolis,2024,12425483.95,12,135
4218806,8369,SC,Turvo,2024,16567311.77,12,103
4218855,9973,SC,União do Oeste,2024,12425483.95,12,135
4218905,8371,SC,Urubici,2024,16567311.77,12,103
4218954,9975,SC,Urupema,2024,12425483.95,12,135
4219002,8373,SC,Urussanga,2024,24850967.49,12,64
4219150,5563,SC,Vargem,2024,12425483.95,12,135
4219176,5565,SC,Vargem Bonita,2024,12425483.95,12,135
4219101,8375,SC,Vargeão,2024,12425483.95,12,135
4219200,8377,SC,Vidal Ramos,2024,12425483.95,12,135
4219309,8379,SC,Videira,2024,45560106.64,12,25
4219358,9977,SC,Vitor Meireles,2024,12425483.95,12,135
4219408,8381,SC,Witmarsum,2024,12425483.95,12,135
4219507,8383,SC,Xanxerê,2024,45560106.64,12,25
4219606,8385,SC,Xavantina,2024,12425483.95,12,135
4219705,8387,SC,Xaxim,2024,33134623.27,12,42
4219853,950,SC,Zortéa,2024,12425483.95,12,135
4200408,8007,SC,Água Doce,2024,12425483.95,12,135
4200556,5577,SC,Águas Frias,2024,12425483.95,12,135
4200606,8011,SC,Águas Mornas,2024,12425483.95,12,135
4200507,8009,SC,Águas de Chapecó,2024,12425483.95,12,135
4200051,9939,SC,Abdon Batista,2025,11903875.59,12,136
4200101,8001,SC,Abelardo Luz,2025,23807750.82,12,66
4200200,8003,SC,Agrolândia,2025,15871834.07,12,105
4200309,8005,SC,Agronômica,2025,11903875.59,12,136
4200705,8013,SC,Alfredo Wagner,2025,15871834.07,12,105
4200754,886,SC,Alto Bela Vista,2025,11903875.59,12,136
4200804,8015,SC,Anchieta,2025,11903875.59,12,136
4200903,8017,SC,Angelina,2025,11903875.59,12,136
4201000,8019,SC,Anita Garibaldi,2025,11903875.59,12,136
4201109,8021,SC,Anitápolis,2025,11903875.59,12,136
4201208,8023,SC,Antônio Carlos,2025,15871834.07,12,105
4201257,9941,SC,Apiúna,2025,15070418.79,12,135
4201273,5597,SC,Arabutã,2025,11903875.59,12,136
4201307,8025,SC,Araquari,2025,39679584.44,12,33
4201406,8027,SC,Araranguá,2025,51583459.69,12,20
4201505,8029,SC,Armazém,2025,11903875.59,12,136
4201604,8031,SC,Arroio Trinta,2025,11903875.59,12,136
4201653,5599,SC,Arvoredo,2025,11903875.59,12,136
4201703,8033,SC,Ascurra,2025,11903875.59,12,136
4201802,8035,SC,Atalanta,2025,11903875.59,12,136
4201901,8037,SC,Aurora,2025,11903875.59,12,136
4201950,888,SC,Balneário Arroio do Silva,2025,23807750.82,12,66
4202057,5549,SC,Balneário Barra do Sul,2025,19839792.44,12,92
4202008,8039,SC,Balneário Camboriú,2025,97885883.45,12,11
4202073,890,SC,Balneário Gaivota,2025,23807750.82,12,66
4212809,8251,SC,Balneário Piçarras,2025,27775709.19,12,55
4220000,1192,SC,Balneário Rincão,2025,23807750.82,12,66
4202081,892,SC,Bandeirante,2025,11903875.59,12,136
4202099,894,SC,Barra Bonita,2025,11903875.59,12,136
4202107,8041,SC,Barra Velha,2025,39679584.44,12,33
4202131,896,SC,Bela Vista do Toldo,2025,11903875.59,12,136
4202156,5745,SC,Belmonte,2025,11903875.59,12,136
4202206,8043,SC,Benedito Novo,2025,15871834.07,12,105
4202305,8045,SC,Biguaçu,2025,55551418.08,12,16
4202404,8047,SC,Blumenau,2025,101853842.86,12,2
4202438,898,SC,Bocaina do Sul,2025,11903875.59,12,136
4202503,8389,SC,Bom Jardim da Serra,2025,11903875.59,12,136
4202537,900,SC,Bom Jesus,2025,11903875.59,12,136
4202578,902,SC,Bom Jesus do Oeste,2025,11903875.59,12,136
4202602,8049,SC,Bom Retiro,2025,11903875.59,12,136
4202453,5537,SC,Bombinhas,2025,27775709.19,12,55
4202701,8051,SC,Botuverá,2025,11903875.59,12,136
4202800,8053,SC,Braço do Norte,2025,31743667.63,12,43
4202859,5557,SC,Braço do Trombudo,2025,11903875.59,12,136
4202875,904,SC,Brunópolis,2025,11903875.59,12,136
4202909,8055,SC,Brusque,2025,97885883.45,12,11
4203105,8059,SC,Caibi,2025,11903875.59,12,136
4203154,5553,SC,Calmon,2025,11903875.59,12,136
4203204,8061,SC,Camboriú,2025,63487334.92,12,14
4203303,8063,SC,Campo Alegre,2025,15871834.07,12,105
4203402,8065,SC,Campo Belo do Sul,2025,11903875.59,12,136
4203501,8067,SC,Campo Erê,2025,11903875.59,12,136
4203600,8069,SC,Campos Novos,2025,35711626.03,12,39
4203709,8071,SC,Canelinha,2025,15871834.07,12,105
4203808,8073,SC,Canoinhas,2025,43647542.89,12,26
4203907,8075,SC,Capinzal,2025,27775709.19,12,55
4203956,5545,SC,Capivari de Baixo,2025,27775709.19,12,55
4203253,906,SC,Capão Alto,2025,11903875.59,12,136
4204004,8077,SC,Catanduvas,2025,15871834.07,12,105
4204103,8079,SC,Caxambu do Sul,2025,11903875.59,12,136
4203006,8057,SC,Caçador,2025,51583459.69,12,20
4204152,9943,SC,Celso Ramos,2025,11903875.59,12,136
4204178,5567,SC,Cerro Negro,2025,11903875.59,12,136
4204194,908,SC,Chapadão do Lageado,2025,11903875.59,12,136
4204202,8081,SC,Chapecó,2025,101853841.89,12,3
4204251,5543,SC,Cocal do Sul,2025,23807750.82,12,66
4204301,8083,SC,Concórdia,2025,55551418.08,12,16
4204350,5579,SC,Cordilheira Alta,2025,11903875.59,12,136
4204400,8085,SC,Coronel Freitas,2025,15871834.07,12,105
4204459,5735,SC,Coronel Martins,2025,11903875.59,12,136
4204558,8395,SC,Correia Pinto,2025,19839792.44,12,92
4204509,8087,SC,Corupá,2025,19839792.44,12,92
4204608,8089,SC,Criciúma,2025,101853841.89,12,3
4204707,8091,SC,Cunha Porã,2025,15871834.07,12,105
4204756,910,SC,Cunhataí,2025,11903875.59,12,136
4204806,8093,SC,Curitibanos,2025,35711626.03,12,39
4204905,8095,SC,Descanso,2025,11903875.59,12,136
4205001,8097,SC,Dionísio Cerqueira,2025,19839792.44,12,92
4205100,8099,SC,Dona Emma,2025,11903875.59,12,136
4205159,9945,SC,Doutor Pedrinho,2025,11903875.59,12,136
4205175,912,SC,Entre Rios,2025,11903875.59,12,136
4205191,914,SC,Ermo,2025,11903875.59,12,136
4205209,8101,SC,Erval Velho,2025,11903875.59,12,136
4205308,8103,SC,Faxinal dos Guedes,2025,15871834.07,12,105
4205357,916,SC,Flor do Sertão,2025,11903875.59,12,136
4205407,8105,SC,Florianópolis,2025,237094114.59,12,1
4205431,5581,SC,Formosa do Sul,2025,11903875.59,12,136
4205456,973,SC,Forquilhinha,2025,31743667.63,12,43
4205506,8107,SC,Fraiburgo,2025,31743667.63,12,43
4205555,918,SC,Frei Rogério,2025,11903875.59,12,136
4205605,8109,SC,Galvão,2025,11903875.59,12,136
4205704,8113,SC,Garopaba,2025,31743667.63,12,43
4205803,8115,SC,Garuva,2025,23807750.82,12,66
4205902,8117,SC,Gaspar,2025,51583459.69,12,20
4206009,8111,SC,Governador Celso Ramos,2025,23807750.82,12,66
4206207,8121,SC,Gravatal,2025,15871834.07,12,105
4206108,8119,SC,Grão Pará,2025,11903875.59,12,136
4206306,8123,SC,Guabiruba,2025,27775709.19,12,55
4206405,8125,SC,Guaraciaba,2025,15871834.07,12,105
4206504,8127,SC,Guaramirim,2025,39679584.44,12,33
4206603,8129,SC,Guarujá do Sul,2025,11903875.59,12,136
4206652,5583,SC,Guatambú,2025,11903875.59,12,136
4206702,8131,SC,Herval DOeste,2025,23807750.82,12,66
4206751,920,SC,Ibiam,2025,11903875.59,12,136
4206801,8133,SC,Ibicaré,2025,11903875.59,12,136
4206900,8135,SC,Ibirama,2025,23807750.82,12,66
4207106,8139,SC,Ilhota,2025,23807750.82,12,66
4207205,8141,SC,Imaruí,2025,15871834.07,12,105
4207304,8143,SC,Imbituba,2025,43647542.89,12,26
4207403,8145,SC,Imbuia,2025,11903875.59,12,136
4207502,8147,SC,Indaial,2025,51583459.69,12,20
4207577,922,SC,Iomerê,2025,11903875.59,12,136
4207601,8149,SC,Ipira,2025,11903875.59,12,136
4207650,9951,SC,Iporã do Oeste,2025,11903875.59,12,136
4207684,5737,SC,Ipuaçu,2025,11903875.59,12,136
4207700,8151,SC,Ipumirim,2025,11903875.59,12,136
4207759,9953,SC,Iraceminha,2025,11903875.59,12,136
4207809,8153,SC,Irani,2025,15871834.07,12,105
4207858,5585,SC,Irati,2025,11903875.59,12,136
4207908,8155,SC,Irineópolis,2025,15871834.07,12,105
4208104,8159,SC,Itaiópolis,2025,23807750.82,12,66
4208203,8161,SC,Itajaí,2025,101853841.89,12,3
4208302,8163,SC,Itapema,2025,55551418.08,12,16
4208401,8165,SC,Itapiranga,2025,23807750.82,12,66
4208450,9985,SC,Itapoá,2025,31743667.63,12,43
4208500,8167,SC,Ituporanga,2025,27775709.19,12,55
4208005,8157,SC,Itá,2025,11903875.59,12,136
4207007,8137,SC,Içara,2025,47615501.27,12,25
4208609,8169,SC,Jaborá,2025,11903875.59,12,136
4208708,8171,SC,Jacinto Machado,2025,15871834.07,12,105
4208807,8173,SC,Jaguaruna,2025,23807750.82,12,66
4208906,8175,SC,Jaraguá do Sul,2025,101853841.89,12,3
4208955,5587,SC,Jardinópolis,2025,11903875.59,12,136
4209003,8177,SC,Joaçaba,2025,31743667.63,12,43
4209102,8179,SC,Joinville,2025,101853841.89,12,3
4209151,9957,SC,José Boiteux,2025,11903875.59,12,136
4209177,924,SC,Jupiá,2025,11903875.59,12,136
4209201,8181,SC,Lacerdópolis,2025,11903875.59,12,136
4209300,8183,SC,Lages,2025,101853841.89,12,3
4209409,8185,SC,Laguna,2025,38865815.94,12,38
4209458,5739,SC,Lajeado Grande,2025,11903875.59,12,136
4209508,8187,SC,Laurentino,2025,11903875.59,12,136
4209607,8189,SC,Lauro Muller,2025,19839792.44,12,92
4209706,8191,SC,Lebon Régis,2025,15871834.07,12,105
4209805,8193,SC,Leoberto Leal,2025,11903875.59,12,136
4209854,9961,SC,Lindóia do Sul,2025,11903875.59,12,136
4209904,8195,SC,Lontras,2025,19839792.44,12,92
4210001,8197,SC,Luiz Alves,2025,15871834.07,12,105
4210035,926,SC,Luzerna,2025,11903875.59,12,136
4210050,5575,SC,Macieira,2025,11903875.59,12,136
4210100,8199,SC,Mafra,2025,43647542.89,12,26
4210209,8201,SC,Major Gercino,2025,11903875.59,12,136
4210308,8203,SC,Major Vieira,2025,11903875.59,12,136
4210407,8391,SC,Maracajá,2025,11903875.59,12,136
4210506,8205,SC,Maravilha,2025,27775709.19,12,55
4210555,9963,SC,Marema,2025,11903875.59,12,136
4210605,8207,SC,Massaranduba,2025,23807750.82,12,66
4210704,8209,SC,Matos Costa,2025,11903875.59,12,136
4210803,8211,SC,Meleiro,2025,11903875.59,12,136
4210852,5559,SC,Mirim Doce,2025,11903875.59,12,136
4210902,8213,SC,Modelo,2025,11903875.59,12,136
4211009,8215,SC,Mondaí,2025,15871834.07,12,105
4211058,5561,SC,Monte Carlo,2025,11903875.59,12,136
4211108,8217,SC,Monte Castelo,2025,11903875.59,12,136
4211256,5539,SC,Morro Grande,2025,11903875.59,12,136
4211207,8219,SC,Morro da Fumaça,2025,23807750.82,12,66
4211306,8221,SC,Navegantes,2025,59519376.44,12,15
4211405,8223,SC,Nova Erechim,2025,11903875.59,12,136
4211454,5589,SC,Nova Itaberaba,2025,11903875.59,12,136
4211504,8225,SC,Nova Trento,2025,19839792.44,12,92
4211603,8227,SC,Nova Veneza,2025,19839792.44,12,92
4211652,5591,SC,Novo Horizonte,2025,11903875.59,12,136
4211702,8229,SC,Orleans,2025,27775709.19,12,55
4211751,8397,SC,Otacílio Costa,2025,23807750.82,12,66
4211801,8231,SC,Ouro,2025,11903875.59,12,136
4211850,5741,SC,Ouro Verde,2025,11903875.59,12,136
4211876,928,SC,Paial,2025,11903875.59,12,136
4211892,930,SC,Painel,2025,11903875.59,12,136
4211900,8233,SC,Palhoça,2025,101853841.89,12,3
4212007,8235,SC,Palma Sola,2025,11903875.59,12,136
4212056,932,SC,Palmeira,2025,11903875.59,12,136
4212106,8237,SC,Palmitos,2025,19839792.44,12,92
4212205,8239,SC,Papanduva,2025,23807750.82,12,66
4212239,5747,SC,Paraíso,2025,11903875.59,12,136
4212254,5541,SC,Passo de Torres,2025,19839792.44,12,92
4212270,5743,SC,Passos Maia,2025,11903875.59,12,136
4212304,8241,SC,Paulo Lopes,2025,11903875.59,12,136
4212403,8243,SC,Pedras Grandes,2025,11903875.59,12,136
4212502,8245,SC,Penha,2025,31743667.63,12,43
4212601,8247,SC,Peritiba,2025,11903875.59,12,136
4212650,1194,SC,Pescaria Brava,2025,15871833.84,12,134
4212700,8249,SC,Petrolândia,2025,11903875.59,12,136
4212908,8253,SC,Pinhalzinho,2025,23807750.82,12,66
4213005,8255,SC,Pinheiro Preto,2025,11903875.59,12,136
4213104,8257,SC,Piratuba,2025,11903875.59,12,136
4213153,5593,SC,Planalto Alegre,2025,11903875.59,12,136
4213203,8259,SC,Pomerode,2025,31743667.63,12,43
4213302,8261,SC,Ponte Alta,2025,11903875.59,12,136
4213351,5569,SC,Ponte Alta do Norte,2025,11903875.59,12,136
4213401,8263,SC,Ponte Serrada,2025,15871834.07,12,105
4213500,8265,SC,Porto Belo,2025,31743667.63,12,43
4213609,8267,SC,Porto União,2025,31743667.63,12,43
4213708,8269,SC,Pouso Redondo,2025,23807750.82,12,66
4213807,8271,SC,Praia Grande,2025,11903875.59,12,136
4213906,8273,SC,Presidente Castelo Branco,2025,11903875.59,12,136
4214003,8275,SC,Presidente Getúlio,2025,23807750.82,12,66
4214102,8277,SC,Presidente Nereu,2025,11903875.59,12,136
4214151,934,SC,Princesa,2025,11903875.59,12,136
4214201,8279,SC,Quilombo,2025,15871834.07,12,105
4214300,8281,SC,Rancho Queimado,2025,11903875.59,12,136
4214904,8293,SC,Rio Fortuna,2025,11903875.59,12,136
4215000,8295,SC,Rio Negrinho,2025,35711626.03,12,39
4215059,5571,SC,Rio Rufino,2025,11903875.59,12,136
4214409,8283,SC,Rio das Antas,2025,11903875.59,12,136
4214508,8285,SC,Rio do Campo,2025,11903875.59,12,136
4214607,8287,SC,Rio do Oeste,2025,11903875.59,12,136
4214805,8291,SC,Rio do Sul,2025,51583459.69,12,20
4214706,8289,SC,Rio dos Cedros,2025,15871834.07,12,105
4215075,5749,SC,Riqueza,2025,11903875.59,12,136
4215109,8297,SC,Rodeio,2025,15871834.07,12,105
4215208,8299,SC,Romelândia,2025,11903875.59,12,136
4215307,8301,SC,Salete,2025,11903875.59,12,136
4215356,936,SC,Saltinho,2025,11903875.59,12,136
4215406,8303,SC,Salto Veloso,2025,11903875.59,12,136
4215455,5547,SC,Sangão,2025,15871834.07,12,105
4215505,8305,SC,Santa Cecília,2025,23002217.89,12,91
4215554,5751,SC,Santa Helena,2025,11903875.59,12,136
4215604,8307,SC,Santa Rosa de Lima,2025,11903875.59,12,136
4215653,9967,SC,Santa Rosa do Sul,2025,15871834.07,12,105
4215679,5555,SC,Santa Terezinha,2025,11903875.59,12,136
4215687,938,SC,Santa Terezinha do Progresso,2025,11903875.59,12,136
4215695,940,SC,Santiago do Sul,2025,11903875.59,12,136
4215703,8309,SC,Santo Amaro da Imperatriz,2025,27775709.19,12,55
4217303,8341,SC,Saudades,2025,15871834.07,12,105
4217402,8343,SC,Schroeder,2025,23807750.82,12,66
4217501,8345,SC,Seara,2025,23807750.82,12,66
4217550,9989,SC,Serra Alta,2025,11903875.59,12,136
4217600,8347,SC,Siderópolis,2025,19839792.44,12,92
4217709,8349,SC,Sombrio,2025,31743667.63,12,43
4217758,5595,SC,Sul Brasil,2025,11903875.59,12,136
4215802,8311,SC,São Bento do Sul,2025,55551418.08,12,16
4215752,942,SC,São Bernardino,2025,11903875.59,12,136
4215901,8313,SC,São Bonifácio,2025,11903875.59,12,136
4216008,8315,SC,São Carlos,2025,15871834.07,12,105
4216057,5573,SC,São Cristovão do Sul,2025,11903875.59,12,136
4216107,8317,SC,São Domingos,2025,11903875.59,12,136
4216206,8319,SC,São Francisco do Sul,2025,43647542.89,12,26
4216503,8325,SC,São Joaquim,2025,27775709.19,12,55
4216602,8327,SC,São José,2025,101853841.89,12,3
4216701,8329,SC,São José do Cedro,2025,19839792.44,12,92
4216800,8331,SC,São José do Cerrito,2025,11903875.59,12,136
4216305,8321,SC,São João Batista,2025,34899916.46,12,42
4216354,5551,SC,São João do Itaperiú,2025,11903875.59,12,136
4216255,5753,SC,São João do Oeste,2025,11903875.59,12,136
4216404,8323,SC,São João do Sul,2025,11903875.59,12,136
4216909,8333,SC,São Lourenço do Oeste,2025,27775709.19,12,55
4217006,8335,SC,São Ludgero,2025,19839792.44,12,92
4217105,8337,SC,São Martinho,2025,11903875.59,12,136
4217204,8339,SC,São Miguel DOeste,2025,39679584.44,12,33
4217154,5755,SC,São Miguel da Boa Vista,2025,11903875.59,12,136
4217253,944,SC,São Pedro de Alcântara,2025,11903875.59,12,136
4217808,8351,SC,Taió,2025,23807750.82,12,66
4217907,8353,SC,Tangará,2025,11903875.59,12,136
4217956,946,SC,Tigrinhos,2025,11903875.59,12,136
4218004,8355,SC,Tijucas,2025,43647542.89,12,26
4218103,8393,SC,Timbé do Sul,2025,11903875.59,12,136
4218202,8357,SC,Timbó,2025,39679584.44,12,33
4218251,9971,SC,Timbó Grande,2025,11903875.59,12,136
4218350,948,SC,Treviso,2025,11903875.59,12,136
4218509,8363,SC,Treze Tílias,2025,11903875.59,12,136
4218400,8361,SC,Treze de Maio,2025,11903875.59,12,136
4218608,8365,SC,Trombudo Central,2025,11903875.59,12,136
4218301,8359,SC,Três Barras,2025,23807750.82,12,66
4218707,8367,SC,Tubarão,2025,67455293.35,12,13
4218756,9991,SC,Tunápolis,2025,11903875.59,12,136
4218806,8369,SC,Turvo,2025,15871834.07,12,105
4218855,9973,SC,União do Oeste,2025,11903875.59,12,136
4218905,8371,SC,Urubici,2025,15871834.07,12,105
4218954,9975,SC,Urupema,2025,11903875.59,12,136
4219002,8373,SC,Urussanga,2025,23807750.82,12,66
4219150,5563,SC,Vargem,2025,11903875.59,12,136
4219176,5565,SC,Vargem Bonita,2025,11903875.59,12,136
4219101,8375,SC,Vargeão,2025,11903875.59,12,136
4219200,8377,SC,Vidal Ramos,2025,11903875.59,12,136
4219309,8379,SC,Videira,2025,43647542.89,12,26
4219358,9977,SC,Vitor Meireles,2025,11903875.59,12,136
4219408,8381,SC,Witmarsum,2025,11903875.59,12,136
4219507,8383,SC,Xanxerê,2025,43647542.89,12,26
4219606,8385,SC,Xavantina,2025,11903875.59,12,136
4219705,8387,SC,Xaxim,2025,31743667.63,12,43
4219853,950,SC,Zortéa,2025,11903875.59,12,136
4200408,8007,SC,Água Doce,2025,11903875.59,12,136
4200556,5577,SC,Águas Frias,2025,11903875.59,12,136
4200606,8011,SC,Águas Mornas,2025,11903875.59,12,136
4200507,8009,SC,Águas de Chapecó,2025,11903875.59,12,136
