id_ente,municipio,ano,registros
4200051,Abdon Batista,2013,579
4200051,Abdon Batista,2014,0
4200051,Abdon Batista,2015,777
4200051,Abdon Batista,2016,795
4200051,Abdon Batista,2017,1032
4200051,Abdon Batista,2018,1038
4200051,Abdon Batista,2019,1146
4200051,Abdon Batista,2020,1204
4200051,Abdon Batista,2021,1177
4200051,Abdon Batista,2022,1260
4200051,Abdon Batista,2023,1256
4200051,Abdon Batista,2024,1246
4200101,Abelardo Luz,2013,528
4200101,Abelardo Luz,2014,639
4200101,Abelardo Luz,2015,687
4200101,Abelardo Luz,2016,716
4200101,Abelardo Luz,2017,769
4200101,Abelardo Luz,2018,767
4200101,Abelardo Luz,2019,869
4200101,Abelardo Luz,2020,909
4200101,Abelardo Luz,2021,856
4200101,Abelardo Luz,2022,889
4200101,Abelardo Luz,2023,1079
4200101,Abelardo Luz,2024,911
4200200,Agrolândia,2013,631
4200200,Agrolândia,2014,695
4200200,Agrolândia,2015,769
4200200,Agrolândia,2016,776
4200200,Agrolândia,2017,946
4200200,Agrolândia,2018,965
4200200,Agrolândia,2019,974
4200200,Agrolândia,2020,1030
4200200,Agrolândia,2021,996
4200200,Agrolândia,2022,1083
4200200,Agrolândia,2023,1125
4200200,Agrolândia,2024,1178
4200309,Agronômica,2013,433
4200309,Agronômica,2014,0
4200309,Agronômica,2015,567
4200309,Agronômica,2016,572
4200309,Agronômica,2017,621
4200309,Agronômica,2018,539
4200309,Agronômica,2019,610
4200309,Agronômica,2020,771
4200309,Agronômica,2021,764
4200309,Agronômica,2022,782
4200309,Agronômica,2023,886
4200309,Agronômica,2024,990
4200408,Água Doce,2013,663
4200408,Água Doce,2014,0
4200408,Água Doce,2015,805
4200408,Água Doce,2016,897
4200408,Água Doce,2017,1007
4200408,Água Doce,2018,1045
4200408,Água Doce,2019,1046
4200408,Água Doce,2020,1072
4200408,Água Doce,2021,1101
4200408,Água Doce,2022,1220
4200408,Água Doce,2023,1381
4200408,Água Doce,2024,1287
4200507,Águas de Chapecó,2013,505
4200507,Águas de Chapecó,2014,572
4200507,Águas de Chapecó,2015,592
4200507,Águas de Chapecó,2016,630
4200507,Águas de Chapecó,2017,777
4200507,Águas de Chapecó,2018,804
4200507,Águas de Chapecó,2019,1013
4200507,Águas de Chapecó,2020,913
4200507,Águas de Chapecó,2021,863
4200507,Águas de Chapecó,2022,1016
4200507,Águas de Chapecó,2023,1082
4200507,Águas de Chapecó,2024,1131
4200556,Águas Frias,2013,406
4200556,Águas Frias,2014,523
4200556,Águas Frias,2015,593
4200556,Águas Frias,2016,609
4200556,Águas Frias,2017,585
4200556,Águas Frias,2018,595
4200556,Águas Frias,2019,657
4200556,Águas Frias,2020,640
4200556,Águas Frias,2021,630
4200556,Águas Frias,2022,689
4200556,Águas Frias,2023,764
4200556,Águas Frias,2024,840
4200606,Águas Mornas,2013,603
4200606,Águas Mornas,2014,561
4200606,Águas Mornas,2015,690
4200606,Águas Mornas,2016,682
4200606,Águas Mornas,2017,799
4200606,Águas Mornas,2018,935
4200606,Águas Mornas,2019,944
4200606,Águas Mornas,2020,910
4200606,Águas Mornas,2021,897
4200606,Águas Mornas,2022,873
4200606,Águas Mornas,2023,1071
4200606,Águas Mornas,2024,1000
4200705,Alfredo Wagner,2013,549
4200705,Alfredo Wagner,2014,588
4200705,Alfredo Wagner,2015,683
4200705,Alfredo Wagner,2016,706
4200705,Alfredo Wagner,2017,930
4200705,Alfredo Wagner,2018,838
4200705,Alfredo Wagner,2019,865
4200705,Alfredo Wagner,2020,808
4200705,Alfredo Wagner,2021,1020
4200705,Alfredo Wagner,2022,1544
4200705,Alfredo Wagner,2023,921
4200705,Alfredo Wagner,2024,980
4200754,Alto Bela Vista,2013,599
4200754,Alto Bela Vista,2014,689
4200754,Alto Bela Vista,2015,796
4200754,Alto Bela Vista,2016,730
4200754,Alto Bela Vista,2017,901
4200754,Alto Bela Vista,2018,953
4200754,Alto Bela Vista,2019,988
4200754,Alto Bela Vista,2020,1022
4200754,Alto Bela Vista,2021,720
4200754,Alto Bela Vista,2022,999
4200754,Alto Bela Vista,2023,1314
4200754,Alto Bela Vista,2024,1322
4200804,Anchieta,2013,727
4200804,Anchieta,2014,806
4200804,Anchieta,2015,900
4200804,Anchieta,2016,916
4200804,Anchieta,2017,1095
4200804,Anchieta,2018,1164
4200804,Anchieta,2019,1216
4200804,Anchieta,2020,1262
4200804,Anchieta,2021,1189
4200804,Anchieta,2022,1387
4200804,Anchieta,2023,1497
4200804,Anchieta,2024,1373
4200903,Angelina,2013,636
4200903,Angelina,2014,735
4200903,Angelina,2015,736
4200903,Angelina,2016,707
4200903,Angelina,2017,835
4200903,Angelina,2018,687
4200903,Angelina,2019,860
4200903,Angelina,2020,880
4200903,Angelina,2021,830
4200903,Angelina,2022,961
4200903,Angelina,2023,1015
4200903,Angelina,2024,1047
4201000,Anita Garibaldi,2013,544
4201000,Anita Garibaldi,2014,547
4201000,Anita Garibaldi,2015,629
4201000,Anita Garibaldi,2016,620
4201000,Anita Garibaldi,2017,901
4201000,Anita Garibaldi,2018,1075
4201000,Anita Garibaldi,2019,1130
4201000,Anita Garibaldi,2020,1193
4201000,Anita Garibaldi,2021,1152
4201000,Anita Garibaldi,2022,1227
4201000,Anita Garibaldi,2023,1339
4201000,Anita Garibaldi,2024,1299
4201109,Anitápolis,2013,669
4201109,Anitápolis,2014,592
4201109,Anitápolis,2015,797
4201109,Anitápolis,2016,825
4201109,Anitápolis,2017,1055
4201109,Anitápolis,2018,970
4201109,Anitápolis,2019,1033
4201109,Anitápolis,2020,1141
4201109,Anitápolis,2021,1143
4201109,Anitápolis,2022,1149
4201109,Anitápolis,2023,1237
4201109,Anitápolis,2024,1296
4201208,Antônio Carlos,2013,698
4201208,Antônio Carlos,2014,0
4201208,Antônio Carlos,2015,834
4201208,Antônio Carlos,2016,866
4201208,Antônio Carlos,2017,1053
4201208,Antônio Carlos,2018,1132
4201208,Antônio Carlos,2019,1222
4201208,Antônio Carlos,2020,1167
4201208,Antônio Carlos,2021,1212
4201208,Antônio Carlos,2022,1245
4201208,Antônio Carlos,2023,1295
4201208,Antônio Carlos,2024,1287
4201257,Apiúna,2013,503
4201257,Apiúna,2014,607
4201257,Apiúna,2015,716
4201257,Apiúna,2016,731
4201257,Apiúna,2017,873
4201257,Apiúna,2018,901
4201257,Apiúna,2019,941
4201257,Apiúna,2020,941
4201257,Apiúna,2021,1021
4201257,Apiúna,2022,1051
4201257,Apiúna,2023,1066
4201257,Apiúna,2024,1051
4201273,Arabutã,2013,639
4201273,Arabutã,2014,771
4201273,Arabutã,2015,836
4201273,Arabutã,2016,808
4201273,Arabutã,2017,937
4201273,Arabutã,2018,852
4201273,Arabutã,2019,913
4201273,Arabutã,2020,965
4201273,Arabutã,2021,909
4201273,Arabutã,2022,1024
4201273,Arabutã,2023,1136
4201273,Arabutã,2024,1149
4201307,Araquari,2013,554
4201307,Araquari,2014,567
4201307,Araquari,2015,1049
4201307,Araquari,2016,1157
4201307,Araquari,2017,1250
4201307,Araquari,2018,1341
4201307,Araquari,2019,1432
4201307,Araquari,2020,1461
4201307,Araquari,2021,1553
4201307,Araquari,2022,1637
4201307,Araquari,2023,1707
4201307,Araquari,2024,1820
4201406,Araranguá,2013,760
4201406,Araranguá,2014,925
4201406,Araranguá,2015,955
4201406,Araranguá,2016,957
4201406,Araranguá,2017,1076
4201406,Araranguá,2018,1195
4201406,Araranguá,2019,1259
4201406,Araranguá,2020,1322
4201406,Araranguá,2021,1289
4201406,Araranguá,2022,1410
4201406,Araranguá,2023,1484
4201406,Araranguá,2024,1482
4201505,Armazém,2013,416
4201505,Armazém,2014,487
4201505,Armazém,2015,505
4201505,Armazém,2016,507
4201505,Armazém,2017,548
4201505,Armazém,2018,541
4201505,Armazém,2019,519
4201505,Armazém,2020,525
4201505,Armazém,2021,536
4201505,Armazém,2022,565
4201505,Armazém,2023,555
4201505,Armazém,2024,580
4201604,Arroio Trinta,2013,561
4201604,Arroio Trinta,2014,524
4201604,Arroio Trinta,2015,456
4201604,Arroio Trinta,2016,591
4201604,Arroio Trinta,2017,842
4201604,Arroio Trinta,2018,930
4201604,Arroio Trinta,2019,880
4201604,Arroio Trinta,2020,920
4201604,Arroio Trinta,2021,892
4201604,Arroio Trinta,2022,1060
4201604,Arroio Trinta,2023,1033
4201604,Arroio Trinta,2024,1055
4201653,Arvoredo,2013,562
4201653,Arvoredo,2014,555
4201653,Arvoredo,2015,654
4201653,Arvoredo,2016,678
4201653,Arvoredo,2017,711
4201653,Arvoredo,2018,719
4201653,Arvoredo,2019,717
4201653,Arvoredo,2020,771
4201653,Arvoredo,2021,811
4201653,Arvoredo,2022,837
4201653,Arvoredo,2023,832
4201653,Arvoredo,2024,855
4201703,Ascurra,2013,472
4201703,Ascurra,2014,554
4201703,Ascurra,2015,535
4201703,Ascurra,2016,489
4201703,Ascurra,2017,600
4201703,Ascurra,2018,686
4201703,Ascurra,2019,777
4201703,Ascurra,2020,935
4201703,Ascurra,2021,982
4201703,Ascurra,2022,991
4201703,Ascurra,2023,959
4201703,Ascurra,2024,1096
4201802,Atalanta,2013,485
4201802,Atalanta,2014,0
4201802,Atalanta,2015,636
4201802,Atalanta,2016,625
4201802,Atalanta,2017,692
4201802,Atalanta,2018,755
4201802,Atalanta,2019,791
4201802,Atalanta,2020,781
4201802,Atalanta,2021,844
4201802,Atalanta,2022,861
4201802,Atalanta,2023,940
4201802,Atalanta,2024,976
4201901,Aurora,2013,515
4201901,Aurora,2014,530
4201901,Aurora,2015,603
4201901,Aurora,2016,555
4201901,Aurora,2017,694
4201901,Aurora,2018,774
4201901,Aurora,2019,799
4201901,Aurora,2020,810
4201901,Aurora,2021,720
4201901,Aurora,2022,771
4201901,Aurora,2023,856
4201901,Aurora,2024,910
4201950,Balneário Arroio do Silva,2013,612
4201950,Balneário Arroio do Silva,2014,548
4201950,Balneário Arroio do Silva,2015,724
4201950,Balneário Arroio do Silva,2016,656
4201950,Balneário Arroio do Silva,2017,838
4201950,Balneário Arroio do Silva,2018,890
4201950,Balneário Arroio do Silva,2019,873
4201950,Balneário Arroio do Silva,2020,946
4201950,Balneário Arroio do Silva,2021,870
4201950,Balneário Arroio do Silva,2022,1005
4201950,Balneário Arroio do Silva,2023,1023
4201950,Balneário Arroio do Silva,2024,1071
4202008,Balneário Camboriú,2013,1146
4202008,Balneário Camboriú,2014,1343
4202008,Balneário Camboriú,2015,1495
4202008,Balneário Camboriú,2016,1525
4202008,Balneário Camboriú,2017,1725
4202008,Balneário Camboriú,2018,1982
4202008,Balneário Camboriú,2019,1823
4202008,Balneário Camboriú,2020,1937
4202008,Balneário Camboriú,2021,2180
4202008,Balneário Camboriú,2022,1957
4202008,Balneário Camboriú,2023,2282
4202008,Balneário Camboriú,2024,2287
4202057,Balneário Barra do Sul,2013,682
4202057,Balneário Barra do Sul,2014,799
4202057,Balneário Barra do Sul,2015,862
4202057,Balneário Barra do Sul,2016,918
4202057,Balneário Barra do Sul,2017,783
4202057,Balneário Barra do Sul,2018,1132
4202057,Balneário Barra do Sul,2019,1135
4202057,Balneário Barra do Sul,2020,1118
4202057,Balneário Barra do Sul,2021,1109
4202057,Balneário Barra do Sul,2022,1263
4202057,Balneário Barra do Sul,2023,1321
4202057,Balneário Barra do Sul,2024,1342
4202073,Balneário Gaivota,2013,636
4202073,Balneário Gaivota,2014,622
4202073,Balneário Gaivota,2015,692
4202073,Balneário Gaivota,2016,755
4202073,Balneário Gaivota,2017,1014
4202073,Balneário Gaivota,2018,994
4202073,Balneário Gaivota,2019,1033
4202073,Balneário Gaivota,2020,1025
4202073,Balneário Gaivota,2021,1030
4202073,Balneário Gaivota,2022,1130
4202073,Balneário Gaivota,2023,1213
4202073,Balneário Gaivota,2024,1157
4202081,Bandeirante,2013,572
4202081,Bandeirante,2014,663
4202081,Bandeirante,2015,708
4202081,Bandeirante,2016,733
4202081,Bandeirante,2017,763
4202081,Bandeirante,2018,679
4202081,Bandeirante,2019,690
4202081,Bandeirante,2020,688
4202081,Bandeirante,2021,682
4202081,Bandeirante,2022,817
4202081,Bandeirante,2023,946
4202081,Bandeirante,2024,1011
4202099,Barra Bonita,2013,530
4202099,Barra Bonita,2014,572
4202099,Barra Bonita,2015,660
4202099,Barra Bonita,2016,681
4202099,Barra Bonita,2017,794
4202099,Barra Bonita,2018,755
4202099,Barra Bonita,2019,839
4202099,Barra Bonita,2020,923
4202099,Barra Bonita,2021,927
4202099,Barra Bonita,2022,1000
4202099,Barra Bonita,2023,1050
4202099,Barra Bonita,2024,1029
4202107,Barra Velha,2013,854
4202107,Barra Velha,2014,576
4202107,Barra Velha,2015,1145
4202107,Barra Velha,2016,1135
4202107,Barra Velha,2017,1466
4202107,Barra Velha,2018,1569
4202107,Barra Velha,2019,1617
4202107,Barra Velha,2020,1667
4202107,Barra Velha,2021,1657
4202107,Barra Velha,2022,1711
4202107,Barra Velha,2023,1777
4202107,Barra Velha,2024,1747
4202131,Bela Vista do Toldo,2013,602
4202131,Bela Vista do Toldo,2014,567
4202131,Bela Vista do Toldo,2015,665
4202131,Bela Vista do Toldo,2016,723
4202131,Bela Vista do Toldo,2017,977
4202131,Bela Vista do Toldo,2018,901
4202131,Bela Vista do Toldo,2019,880
4202131,Bela Vista do Toldo,2020,879
4202131,Bela Vista do Toldo,2021,883
4202131,Bela Vista do Toldo,2022,948
4202131,Bela Vista do Toldo,2023,903
4202131,Bela Vista do Toldo,2024,927
4202156,Belmonte,2013,682
4202156,Belmonte,2014,779
4202156,Belmonte,2015,760
4202156,Belmonte,2016,748
4202156,Belmonte,2017,857
4202156,Belmonte,2018,888
4202156,Belmonte,2019,941
4202156,Belmonte,2020,983
4202156,Belmonte,2021,853
4202156,Belmonte,2022,949
4202156,Belmonte,2023,1049
4202156,Belmonte,2024,1129
4202206,Benedito Novo,2013,646
4202206,Benedito Novo,2014,670
4202206,Benedito Novo,2015,737
4202206,Benedito Novo,2016,767
4202206,Benedito Novo,2017,979
4202206,Benedito Novo,2018,921
4202206,Benedito Novo,2019,951
4202206,Benedito Novo,2020,1041
4202206,Benedito Novo,2021,1048
4202206,Benedito Novo,2022,1135
4202206,Benedito Novo,2023,1148
4202206,Benedito Novo,2024,1174
4202305,Biguaçu,2013,1021
4202305,Biguaçu,2014,1110
4202305,Biguaçu,2015,1231
4202305,Biguaçu,2016,1245
4202305,Biguaçu,2017,1582
4202305,Biguaçu,2018,1600
4202305,Biguaçu,2019,1680
4202305,Biguaçu,2020,1579
4202305,Biguaçu,2021,1576
4202305,Biguaçu,2022,1621
4202305,Biguaçu,2023,1648
4202305,Biguaçu,2024,1703
4202404,Blumenau,2013,1230
4202404,Blumenau,2014,1382
4202404,Blumenau,2015,1436
4202404,Blumenau,2016,1498
4202404,Blumenau,2017,1628
4202404,Blumenau,2018,1888
4202404,Blumenau,2019,1271
4202404,Blumenau,2020,1295
4202404,Blumenau,2021,1900
4202404,Blumenau,2022,1968
4202404,Blumenau,2023,1984
4202404,Blumenau,2024,1939
4202438,Bocaina do Sul,2013,461
4202438,Bocaina do Sul,2014,0
4202438,Bocaina do Sul,2015,630
4202438,Bocaina do Sul,2016,607
4202438,Bocaina do Sul,2017,689
4202438,Bocaina do Sul,2018,746
4202438,Bocaina do Sul,2019,807
4202438,Bocaina do Sul,2020,917
4202438,Bocaina do Sul,2021,996
4202438,Bocaina do Sul,2022,1007
4202438,Bocaina do Sul,2023,1189
4202438,Bocaina do Sul,2024,1320
4202453,Bombinhas,2013,835
4202453,Bombinhas,2014,994
4202453,Bombinhas,2015,1028
4202453,Bombinhas,2016,1132
4202453,Bombinhas,2017,1407
4202453,Bombinhas,2018,1408
4202453,Bombinhas,2019,1458
4202453,Bombinhas,2020,1468
4202453,Bombinhas,2021,1375
4202453,Bombinhas,2022,1618
4202453,Bombinhas,2023,1707
4202453,Bombinhas,2024,1670
4202503,Bom Jardim da Serra,2013,542
4202503,Bom Jardim da Serra,2014,662
4202503,Bom Jardim da Serra,2015,683
4202503,Bom Jardim da Serra,2016,671
4202503,Bom Jardim da Serra,2017,673
4202503,Bom Jardim da Serra,2018,797
4202503,Bom Jardim da Serra,2019,803
4202503,Bom Jardim da Serra,2020,823
4202503,Bom Jardim da Serra,2021,928
4202503,Bom Jardim da Serra,2022,1076
4202503,Bom Jardim da Serra,2023,944
4202503,Bom Jardim da Serra,2024,1020
4202537,Bom Jesus,2013,405
4202537,Bom Jesus,2014,0
4202537,Bom Jesus,2015,464
4202537,Bom Jesus,2016,457
4202537,Bom Jesus,2017,568
4202537,Bom Jesus,2018,672
4202537,Bom Jesus,2019,694
4202537,Bom Jesus,2020,745
4202537,Bom Jesus,2021,827
4202537,Bom Jesus,2022,915
4202537,Bom Jesus,2023,987
4202537,Bom Jesus,2024,1070
4202578,Bom Jesus do Oeste,2013,397
4202578,Bom Jesus do Oeste,2014,505
4202578,Bom Jesus do Oeste,2015,542
4202578,Bom Jesus do Oeste,2016,536
4202578,Bom Jesus do Oeste,2017,539
4202578,Bom Jesus do Oeste,2018,591
4202578,Bom Jesus do Oeste,2019,626
4202578,Bom Jesus do Oeste,2020,717
4202578,Bom Jesus do Oeste,2021,710
4202578,Bom Jesus do Oeste,2022,640
4202578,Bom Jesus do Oeste,2023,617
4202578,Bom Jesus do Oeste,2024,619
4202602,Bom Retiro,2013,595
4202602,Bom Retiro,2014,674
4202602,Bom Retiro,2015,796
4202602,Bom Retiro,2016,781
4202602,Bom Retiro,2017,907
4202602,Bom Retiro,2018,981
4202602,Bom Retiro,2019,1012
4202602,Bom Retiro,2020,925
4202602,Bom Retiro,2021,920
4202602,Bom Retiro,2022,1107
4202602,Bom Retiro,2023,1101
4202602,Bom Retiro,2024,1138
4202701,Botuverá,2013,560
4202701,Botuverá,2014,647
4202701,Botuverá,2015,704
4202701,Botuverá,2016,802
4202701,Botuverá,2017,902
4202701,Botuverá,2018,965
4202701,Botuverá,2019,1083
4202701,Botuverá,2020,1099
4202701,Botuverá,2021,1052
4202701,Botuverá,2022,1067
4202701,Botuverá,2023,1120
4202701,Botuverá,2024,1160
4202800,Braço do Norte,2013,748
4202800,Braço do Norte,2014,878
4202800,Braço do Norte,2015,935
4202800,Braço do Norte,2016,1010
4202800,Braço do Norte,2017,1241
4202800,Braço do Norte,2018,1244
4202800,Braço do Norte,2019,1387
4202800,Braço do Norte,2020,1413
4202800,Braço do Norte,2021,1424
4202800,Braço do Norte,2022,1407
4202800,Braço do Norte,2023,1411
4202800,Braço do Norte,2024,1487
4202859,Braço do Trombudo,2013,654
4202859,Braço do Trombudo,2014,729
4202859,Braço do Trombudo,2015,659
4202859,Braço do Trombudo,2016,587
4202859,Braço do Trombudo,2017,772
4202859,Braço do Trombudo,2018,829
4202859,Braço do Trombudo,2019,933
4202859,Braço do Trombudo,2020,980
4202859,Braço do Trombudo,2021,934
4202859,Braço do Trombudo,2022,1077
4202859,Braço do Trombudo,2023,1143
4202859,Braço do Trombudo,2024,1148
4202875,Brunópolis,2013,452
4202875,Brunópolis,2014,548
4202875,Brunópolis,2015,615
4202875,Brunópolis,2016,643
4202875,Brunópolis,2017,706
4202875,Brunópolis,2018,684
4202875,Brunópolis,2019,739
4202875,Brunópolis,2020,719
4202875,Brunópolis,2021,794
4202875,Brunópolis,2022,881
4202875,Brunópolis,2023,961
4202875,Brunópolis,2024,1046
4202909,Brusque,2013,1029
4202909,Brusque,2014,1116
4202909,Brusque,2015,1330
4202909,Brusque,2016,1338
4202909,Brusque,2017,1573
4202909,Brusque,2018,1536
4202909,Brusque,2019,1584
4202909,Brusque,2020,1648
4202909,Brusque,2021,1621
4202909,Brusque,2022,1608
4202909,Brusque,2023,1689
4202909,Brusque,2024,1774
4203006,Caçador,2013,897
4203006,Caçador,2014,1009
4203006,Caçador,2015,1035
4203006,Caçador,2016,1174
4203006,Caçador,2017,1255
4203006,Caçador,2018,1354
4203006,Caçador,2019,1300
4203006,Caçador,2020,1433
4203006,Caçador,2021,1266
4203006,Caçador,2022,1373
4203006,Caçador,2023,1523
4203006,Caçador,2024,1562
4203105,Caibi,2013,457
4203105,Caibi,2014,527
4203105,Caibi,2015,604
4203105,Caibi,2016,612
4203105,Caibi,2017,667
4203105,Caibi,2018,712
4203105,Caibi,2019,707
4203105,Caibi,2020,701
4203105,Caibi,2021,777
4203105,Caibi,2022,963
4203105,Caibi,2023,945
4203105,Caibi,2024,1054
4203154,Calmon,2013,515
4203154,Calmon,2014,630
4203154,Calmon,2015,625
4203154,Calmon,2016,691
4203154,Calmon,2017,716
4203154,Calmon,2018,908
4203154,Calmon,2019,901
4203154,Calmon,2020,927
4203154,Calmon,2021,904
4203154,Calmon,2022,1012
4203154,Calmon,2023,790
4203154,Calmon,2024,1022
4203204,Camboriú,2013,736
4203204,Camboriú,2014,0
4203204,Camboriú,2015,833
4203204,Camboriú,2016,901
4203204,Camboriú,2017,1111
4203204,Camboriú,2018,1222
4203204,Camboriú,2019,1305
4203204,Camboriú,2020,1290
4203204,Camboriú,2021,1345
4203204,Camboriú,2022,1353
4203204,Camboriú,2023,1343
4203204,Camboriú,2024,1440
4203253,Capão Alto,2013,520
4203253,Capão Alto,2014,464
4203253,Capão Alto,2015,456
4203253,Capão Alto,2016,440
4203253,Capão Alto,2017,549
4203253,Capão Alto,2018,635
4203253,Capão Alto,2019,805
4203253,Capão Alto,2020,871
4203253,Capão Alto,2021,875
4203253,Capão Alto,2022,834
4203253,Capão Alto,2023,908
4203253,Capão Alto,2024,875
4203303,Campo Alegre,2013,754
4203303,Campo Alegre,2014,882
4203303,Campo Alegre,2015,946
4203303,Campo Alegre,2016,997
4203303,Campo Alegre,2017,887
4203303,Campo Alegre,2018,1148
4203303,Campo Alegre,2019,1167
4203303,Campo Alegre,2020,1129
4203303,Campo Alegre,2021,1248
4203303,Campo Alegre,2022,1286
4203303,Campo Alegre,2023,1254
4203303,Campo Alegre,2024,1254
4203402,Campo Belo do Sul,2013,470
4203402,Campo Belo do Sul,2014,0
4203402,Campo Belo do Sul,2015,565
4203402,Campo Belo do Sul,2016,582
4203402,Campo Belo do Sul,2017,782
4203402,Campo Belo do Sul,2018,726
4203402,Campo Belo do Sul,2019,702
4203402,Campo Belo do Sul,2020,856
4203402,Campo Belo do Sul,2021,896
4203402,Campo Belo do Sul,2022,863
4203402,Campo Belo do Sul,2023,904
4203402,Campo Belo do Sul,2024,972
4203501,Campo Erê,2013,567
4203501,Campo Erê,2014,776
4203501,Campo Erê,2015,758
4203501,Campo Erê,2016,783
4203501,Campo Erê,2017,952
4203501,Campo Erê,2018,1003
4203501,Campo Erê,2019,1071
4203501,Campo Erê,2020,1064
4203501,Campo Erê,2021,1047
4203501,Campo Erê,2022,1117
4203501,Campo Erê,2023,1078
4203501,Campo Erê,2024,1212
4203600,Campos Novos,2013,860
4203600,Campos Novos,2014,959
4203600,Campos Novos,2015,1017
4203600,Campos Novos,2016,1048
4203600,Campos Novos,2017,1218
4203600,Campos Novos,2018,1191
4203600,Campos Novos,2019,1328
4203600,Campos Novos,2020,1425
4203600,Campos Novos,2021,1484
4203600,Campos Novos,2022,1474
4203600,Campos Novos,2023,1637
4203600,Campos Novos,2024,1620
4203709,Canelinha,2013,477
4203709,Canelinha,2014,418
4203709,Canelinha,2015,578
4203709,Canelinha,2016,773
4203709,Canelinha,2017,966
4203709,Canelinha,2018,1076
4203709,Canelinha,2019,1028
4203709,Canelinha,2020,1056
4203709,Canelinha,2021,980
4203709,Canelinha,2022,1018
4203709,Canelinha,2023,1143
4203709,Canelinha,2024,1240
4203808,Canoinhas,2013,778
4203808,Canoinhas,2014,967
4203808,Canoinhas,2015,1021
4203808,Canoinhas,2016,1111
4203808,Canoinhas,2017,1392
4203808,Canoinhas,2018,1352
4203808,Canoinhas,2019,1179
4203808,Canoinhas,2020,1239
4203808,Canoinhas,2021,1148
4203808,Canoinhas,2022,1191
4203808,Canoinhas,2023,1357
4203808,Canoinhas,2024,1400
4203907,Capinzal,2013,559
4203907,Capinzal,2014,619
4203907,Capinzal,2015,775
4203907,Capinzal,2016,756
4203907,Capinzal,2017,811
4203907,Capinzal,2018,866
4203907,Capinzal,2019,980
4203907,Capinzal,2020,979
4203907,Capinzal,2021,904
4203907,Capinzal,2022,982
4203907,Capinzal,2023,1107
4203907,Capinzal,2024,1145
4203956,Capivari de Baixo,2013,626
4203956,Capivari de Baixo,2014,681
4203956,Capivari de Baixo,2015,835
4203956,Capivari de Baixo,2016,804
4203956,Capivari de Baixo,2017,1042
4203956,Capivari de Baixo,2018,983
4203956,Capivari de Baixo,2019,1107
4203956,Capivari de Baixo,2020,1108
4203956,Capivari de Baixo,2021,1009
4203956,Capivari de Baixo,2022,1162
4203956,Capivari de Baixo,2023,1188
4203956,Capivari de Baixo,2024,1262
4204004,Catanduvas,2013,565
4204004,Catanduvas,2014,500
4204004,Catanduvas,2015,652
4204004,Catanduvas,2016,751
4204004,Catanduvas,2017,807
4204004,Catanduvas,2018,958
4204004,Catanduvas,2019,1012
4204004,Catanduvas,2020,1031
4204004,Catanduvas,2021,970
4204004,Catanduvas,2022,1061
4204004,Catanduvas,2023,1136
4204004,Catanduvas,2024,1097
4204103,Caxambu do Sul,2013,563
4204103,Caxambu do Sul,2014,707
4204103,Caxambu do Sul,2015,739
4204103,Caxambu do Sul,2016,615
4204103,Caxambu do Sul,2017,713
4204103,Caxambu do Sul,2018,820
4204103,Caxambu do Sul,2019,831
4204103,Caxambu do Sul,2020,877
4204103,Caxambu do Sul,2021,878
4204103,Caxambu do Sul,2022,979
4204103,Caxambu do Sul,2023,979
4204103,Caxambu do Sul,2024,899
4204152,Celso Ramos,2013,514
4204152,Celso Ramos,2014,506
4204152,Celso Ramos,2015,598
4204152,Celso Ramos,2016,575
4204152,Celso Ramos,2017,669
4204152,Celso Ramos,2018,687
4204152,Celso Ramos,2019,703
4204152,Celso Ramos,2020,759
4204152,Celso Ramos,2021,755
4204152,Celso Ramos,2022,798
4204152,Celso Ramos,2023,938
4204152,Celso Ramos,2024,977
4204178,Cerro Negro,2013,602
4204178,Cerro Negro,2014,0
4204178,Cerro Negro,2015,693
4204178,Cerro Negro,2016,674
4204178,Cerro Negro,2017,923
4204178,Cerro Negro,2018,752
4204178,Cerro Negro,2019,899
4204178,Cerro Negro,2020,950
4204178,Cerro Negro,2021,1171
4204178,Cerro Negro,2022,1026
4204178,Cerro Negro,2023,1057
4204178,Cerro Negro,2024,1008
4204194,Chapadão do Lageado,2013,471
4204194,Chapadão do Lageado,2014,499
4204194,Chapadão do Lageado,2015,609
4204194,Chapadão do Lageado,2016,591
4204194,Chapadão do Lageado,2017,699
4204194,Chapadão do Lageado,2018,791
4204194,Chapadão do Lageado,2019,843
4204194,Chapadão do Lageado,2020,905
4204194,Chapadão do Lageado,2021,948
4204194,Chapadão do Lageado,2022,1023
4204194,Chapadão do Lageado,2023,936
4204194,Chapadão do Lageado,2024,1009
4204202,Chapecó,2013,1006
4204202,Chapecó,2014,936
4204202,Chapecó,2015,1011
4204202,Chapecó,2016,1050
4204202,Chapecó,2017,1180
4204202,Chapecó,2018,1231
4204202,Chapecó,2019,1343
4204202,Chapecó,2020,1260
4204202,Chapecó,2021,1120
4204202,Chapecó,2022,991
4204202,Chapecó,2023,1007
4204202,Chapecó,2024,986
4204251,Cocal do Sul,2013,586
4204251,Cocal do Sul,2014,656
4204251,Cocal do Sul,2015,733
4204251,Cocal do Sul,2016,779
4204251,Cocal do Sul,2017,863
4204251,Cocal do Sul,2018,936
4204251,Cocal do Sul,2019,987
4204251,Cocal do Sul,2020,1021
4204251,Cocal do Sul,2021,1047
4204251,Cocal do Sul,2022,1108
4204251,Cocal do Sul,2023,1062
4204251,Cocal do Sul,2024,1123
4204301,Concórdia,2013,893
4204301,Concórdia,2014,1096
4204301,Concórdia,2015,1196
4204301,Concórdia,2016,1186
4204301,Concórdia,2017,1441
4204301,Concórdia,2018,1453
4204301,Concórdia,2019,1529
4204301,Concórdia,2020,1513
4204301,Concórdia,2021,1584
4204301,Concórdia,2022,1475
4204301,Concórdia,2023,1635
4204301,Concórdia,2024,1657
4204350,Cordilheira Alta,2013,434
4204350,Cordilheira Alta,2014,495
4204350,Cordilheira Alta,2015,556
4204350,Cordilheira Alta,2016,601
4204350,Cordilheira Alta,2017,651
4204350,Cordilheira Alta,2018,667
4204350,Cordilheira Alta,2019,782
4204350,Cordilheira Alta,2020,739
4204350,Cordilheira Alta,2021,884
4204350,Cordilheira Alta,2022,907
4204350,Cordilheira Alta,2023,991
4204350,Cordilheira Alta,2024,754
4204400,Coronel Freitas,2013,576
4204400,Coronel Freitas,2014,752
4204400,Coronel Freitas,2015,755
4204400,Coronel Freitas,2016,769
4204400,Coronel Freitas,2017,857
4204400,Coronel Freitas,2018,880
4204400,Coronel Freitas,2019,913
4204400,Coronel Freitas,2020,908
4204400,Coronel Freitas,2021,933
4204400,Coronel Freitas,2022,994
4204400,Coronel Freitas,2023,1089
4204400,Coronel Freitas,2024,861
4204459,Coronel Martins,2013,415
4204459,Coronel Martins,2014,435
4204459,Coronel Martins,2015,522
4204459,Coronel Martins,2016,589
4204459,Coronel Martins,2017,822
4204459,Coronel Martins,2018,790
4204459,Coronel Martins,2019,639
4204459,Coronel Martins,2020,759
4204459,Coronel Martins,2021,724
4204459,Coronel Martins,2022,856
4204459,Coronel Martins,2023,947
4204459,Coronel Martins,2024,983
4204509,Corupá,2013,607
4204509,Corupá,2014,649
4204509,Corupá,2015,769
4204509,Corupá,2016,856
4204509,Corupá,2017,995
4204509,Corupá,2018,915
4204509,Corupá,2019,1022
4204509,Corupá,2020,993
4204509,Corupá,2021,991
4204509,Corupá,2022,990
4204509,Corupá,2023,1049
4204509,Corupá,2024,1209
4204558,Correia Pinto,2013,714
4204558,Correia Pinto,2014,785
4204558,Correia Pinto,2015,866
4204558,Correia Pinto,2016,859
4204558,Correia Pinto,2017,1143
4204558,Correia Pinto,2018,1189
4204558,Correia Pinto,2019,1193
4204558,Correia Pinto,2020,1166
4204558,Correia Pinto,2021,1125
4204558,Correia Pinto,2022,1207
4204558,Correia Pinto,2023,1243
4204558,Correia Pinto,2024,1226
4204608,Criciúma,2013,935
4204608,Criciúma,2014,1046
4204608,Criciúma,2015,1089
4204608,Criciúma,2016,1136
4204608,Criciúma,2017,1431
4204608,Criciúma,2018,1309
4204608,Criciúma,2019,1235
4204608,Criciúma,2020,1370
4204608,Criciúma,2021,1362
4204608,Criciúma,2022,1512
4204608,Criciúma,2023,1622
4204608,Criciúma,2024,1740
4204707,Cunha Porã,2013,507
4204707,Cunha Porã,2014,532
4204707,Cunha Porã,2015,599
4204707,Cunha Porã,2016,622
4204707,Cunha Porã,2017,739
4204707,Cunha Porã,2018,781
4204707,Cunha Porã,2019,890
4204707,Cunha Porã,2020,868
4204707,Cunha Porã,2021,830
4204707,Cunha Porã,2022,1039
4204707,Cunha Porã,2023,1023
4204707,Cunha Porã,2024,1101
4204756,Cunhataí,2013,469
4204756,Cunhataí,2014,462
4204756,Cunhataí,2015,582
4204756,Cunhataí,2016,560
4204756,Cunhataí,2017,646
4204756,Cunhataí,2018,654
4204756,Cunhataí,2019,714
4204756,Cunhataí,2020,783
4204756,Cunhataí,2021,743
4204756,Cunhataí,2022,840
4204756,Cunhataí,2023,886
4204756,Cunhataí,2024,888
4204806,Curitibanos,2013,767
4204806,Curitibanos,2014,791
4204806,Curitibanos,2015,1001
4204806,Curitibanos,2016,1025
4204806,Curitibanos,2017,1231
4204806,Curitibanos,2018,1324
4204806,Curitibanos,2019,1348
4204806,Curitibanos,2020,1371
4204806,Curitibanos,2021,1359
4204806,Curitibanos,2022,1496
4204806,Curitibanos,2023,1549
4204806,Curitibanos,2024,1606
4204905,Descanso,2013,681
4204905,Descanso,2014,789
4204905,Descanso,2015,866
4204905,Descanso,2016,869
4204905,Descanso,2017,1036
4204905,Descanso,2018,1090
4204905,Descanso,2019,1111
4204905,Descanso,2020,1176
4204905,Descanso,2021,1194
4204905,Descanso,2022,1251
4204905,Descanso,2023,1265
4204905,Descanso,2024,1291
4205001,Dionísio Cerqueira,2013,833
4205001,Dionísio Cerqueira,2014,929
4205001,Dionísio Cerqueira,2015,868
4205001,Dionísio Cerqueira,2016,928
4205001,Dionísio Cerqueira,2017,1167
4205001,Dionísio Cerqueira,2018,1274
4205001,Dionísio Cerqueira,2019,1179
4205001,Dionísio Cerqueira,2020,1226
4205001,Dionísio Cerqueira,2021,1246
4205001,Dionísio Cerqueira,2022,1249
4205001,Dionísio Cerqueira,2023,1173
4205001,Dionísio Cerqueira,2024,1276
4205100,Dona Emma,2013,558
4205100,Dona Emma,2014,620
4205100,Dona Emma,2015,680
4205100,Dona Emma,2016,747
4205100,Dona Emma,2017,917
4205100,Dona Emma,2018,977
4205100,Dona Emma,2019,982
4205100,Dona Emma,2020,987
4205100,Dona Emma,2021,1053
4205100,Dona Emma,2022,1083
4205100,Dona Emma,2023,1114
4205100,Dona Emma,2024,1136
4205159,Doutor Pedrinho,2013,414
4205159,Doutor Pedrinho,2014,497
4205159,Doutor Pedrinho,2015,570
4205159,Doutor Pedrinho,2016,581
4205159,Doutor Pedrinho,2017,647
4205159,Doutor Pedrinho,2018,646
4205159,Doutor Pedrinho,2019,741
4205159,Doutor Pedrinho,2020,772
4205159,Doutor Pedrinho,2021,810
4205159,Doutor Pedrinho,2022,856
4205159,Doutor Pedrinho,2023,883
4205159,Doutor Pedrinho,2024,948
4205175,Entre Rios,2013,496
4205175,Entre Rios,2014,543
4205175,Entre Rios,2015,535
4205175,Entre Rios,2016,633
4205175,Entre Rios,2017,644
4205175,Entre Rios,2018,717
4205175,Entre Rios,2019,662
4205175,Entre Rios,2020,687
4205175,Entre Rios,2021,741
4205175,Entre Rios,2022,726
4205175,Entre Rios,2023,719
4205175,Entre Rios,2024,726
4205191,Ermo,2013,355
4205191,Ermo,2014,0
4205191,Ermo,2015,439
4205191,Ermo,2016,411
4205191,Ermo,2017,435
4205191,Ermo,2018,490
4205191,Ermo,2019,448
4205191,Ermo,2020,490
4205191,Ermo,2021,516
4205191,Ermo,2022,489
4205191,Ermo,2023,474
4205191,Ermo,2024,486
4205209,Erval Velho,2013,552
4205209,Erval Velho,2014,570
4205209,Erval Velho,2015,609
4205209,Erval Velho,2016,712
4205209,Erval Velho,2017,831
4205209,Erval Velho,2018,852
4205209,Erval Velho,2019,831
4205209,Erval Velho,2020,790
4205209,Erval Velho,2021,831
4205209,Erval Velho,2022,867
4205209,Erval Velho,2023,901
4205209,Erval Velho,2024,942
4205308,Faxinal dos Guedes,2013,438
4205308,Faxinal dos Guedes,2014,438
4205308,Faxinal dos Guedes,2015,513
4205308,Faxinal dos Guedes,2016,579
4205308,Faxinal dos Guedes,2017,625
4205308,Faxinal dos Guedes,2018,737
4205308,Faxinal dos Guedes,2019,741
4205308,Faxinal dos Guedes,2020,801
4205308,Faxinal dos Guedes,2021,823
4205308,Faxinal dos Guedes,2022,861
4205308,Faxinal dos Guedes,2023,830
4205308,Faxinal dos Guedes,2024,796
4205357,Flor do Sertão,2013,415
4205357,Flor do Sertão,2014,422
4205357,Flor do Sertão,2015,444
4205357,Flor do Sertão,2016,487
4205357,Flor do Sertão,2017,457
4205357,Flor do Sertão,2018,495
4205357,Flor do Sertão,2019,513
4205357,Flor do Sertão,2020,553
4205357,Flor do Sertão,2021,588
4205357,Flor do Sertão,2022,540
4205357,Flor do Sertão,2023,612
4205357,Flor do Sertão,2024,687
4205407,Florianópolis,2013,1103
4205407,Florianópolis,2014,1185
4205407,Florianópolis,2015,1321
4205407,Florianópolis,2016,1426
4205407,Florianópolis,2017,1828
4205407,Florianópolis,2018,1902
4205407,Florianópolis,2019,1987
4205407,Florianópolis,2020,1942
4205407,Florianópolis,2021,2015
4205407,Florianópolis,2022,1951
4205407,Florianópolis,2023,2098
4205407,Florianópolis,2024,2064
4205431,Formosa do Sul,2013,535
4205431,Formosa do Sul,2014,620
4205431,Formosa do Sul,2015,678
4205431,Formosa do Sul,2016,656
4205431,Formosa do Sul,2017,771
4205431,Formosa do Sul,2018,742
4205431,Formosa do Sul,2019,842
4205431,Formosa do Sul,2020,851
4205431,Formosa do Sul,2021,780
4205431,Formosa do Sul,2022,779
4205431,Formosa do Sul,2023,834
4205431,Formosa do Sul,2024,849
4205456,Forquilhinha,2013,738
4205456,Forquilhinha,2014,833
4205456,Forquilhinha,2015,876
4205456,Forquilhinha,2016,864
4205456,Forquilhinha,2017,1045
4205456,Forquilhinha,2018,942
4205456,Forquilhinha,2019,973
4205456,Forquilhinha,2020,1041
4205456,Forquilhinha,2021,1056
4205456,Forquilhinha,2022,1119
4205456,Forquilhinha,2023,1171
4205456,Forquilhinha,2024,1257
4205506,Fraiburgo,2013,741
4205506,Fraiburgo,2014,863
4205506,Fraiburgo,2015,937
4205506,Fraiburgo,2016,1056
4205506,Fraiburgo,2017,1171
4205506,Fraiburgo,2018,1264
4205506,Fraiburgo,2019,1320
4205506,Fraiburgo,2020,1371
4205506,Fraiburgo,2021,1341
4205506,Fraiburgo,2022,1349
4205506,Fraiburgo,2023,1367
4205506,Fraiburgo,2024,1366
4205555,Frei Rogério,2013,482
4205555,Frei Rogério,2014,566
4205555,Frei Rogério,2015,669
4205555,Frei Rogério,2016,651
4205555,Frei Rogério,2017,683
4205555,Frei Rogério,2018,694
4205555,Frei Rogério,2019,712
4205555,Frei Rogério,2020,688
4205555,Frei Rogério,2021,708
4205555,Frei Rogério,2022,830
4205555,Frei Rogério,2023,860
4205555,Frei Rogério,2024,951
4205605,Galvão,2013,468
4205605,Galvão,2014,536
4205605,Galvão,2015,663
4205605,Galvão,2016,667
4205605,Galvão,2017,673
4205605,Galvão,2018,664
4205605,Galvão,2019,730
4205605,Galvão,2020,779
4205605,Galvão,2021,747
4205605,Galvão,2022,857
4205605,Galvão,2023,878
4205605,Galvão,2024,929
4205704,Garopaba,2013,743
4205704,Garopaba,2014,803
4205704,Garopaba,2015,900
4205704,Garopaba,2016,929
4205704,Garopaba,2017,1142
4205704,Garopaba,2018,1132
4205704,Garopaba,2019,1175
4205704,Garopaba,2020,1135
4205704,Garopaba,2021,1278
4205704,Garopaba,2022,1409
4205704,Garopaba,2023,1528
4205704,Garopaba,2024,1526
4205803,Garuva,2013,762
4205803,Garuva,2014,832
4205803,Garuva,2015,884
4205803,Garuva,2016,920
4205803,Garuva,2017,1110
4205803,Garuva,2018,1102
4205803,Garuva,2019,1116
4205803,Garuva,2020,1168
4205803,Garuva,2021,1109
4205803,Garuva,2022,1186
4205803,Garuva,2023,1229
4205803,Garuva,2024,1210
4205902,Gaspar,2013,830
4205902,Gaspar,2014,955
4205902,Gaspar,2015,1072
4205902,Gaspar,2016,1011
4205902,Gaspar,2017,1175
4205902,Gaspar,2018,1292
4205902,Gaspar,2019,1339
4205902,Gaspar,2020,1386
4205902,Gaspar,2021,1415
4205902,Gaspar,2022,1420
4205902,Gaspar,2023,1439
4205902,Gaspar,2024,1437
4206009,Governador Celso Ramos,2013,656
4206009,Governador Celso Ramos,2014,781
4206009,Governador Celso Ramos,2015,876
4206009,Governador Celso Ramos,2016,860
4206009,Governador Celso Ramos,2017,1121
4206009,Governador Celso Ramos,2018,1127
4206009,Governador Celso Ramos,2019,1168
4206009,Governador Celso Ramos,2020,1258
4206009,Governador Celso Ramos,2021,1245
4206009,Governador Celso Ramos,2022,1167
4206009,Governador Celso Ramos,2023,1375
4206009,Governador Celso Ramos,2024,1422
4206108,Grão-Pará,2013,611
4206108,Grão-Pará,2014,779
4206108,Grão-Pará,2015,824
4206108,Grão-Pará,2016,881
4206108,Grão-Pará,2017,1086
4206108,Grão-Pará,2018,1166
4206108,Grão-Pará,2019,1156
4206108,Grão-Pará,2020,1163
4206108,Grão-Pará,2021,1087
4206108,Grão-Pará,2022,1115
4206108,Grão-Pará,2023,1144
4206108,Grão-Pará,2024,1213
4206207,Gravatal,2013,578
4206207,Gravatal,2014,686
4206207,Gravatal,2015,738
4206207,Gravatal,2016,780
4206207,Gravatal,2017,838
4206207,Gravatal,2018,957
4206207,Gravatal,2019,984
4206207,Gravatal,2020,1072
4206207,Gravatal,2021,1156
4206207,Gravatal,2022,1253
4206207,Gravatal,2023,1212
4206207,Gravatal,2024,1254
4206306,Guabiruba,2013,591
4206306,Guabiruba,2014,566
4206306,Guabiruba,2015,556
4206306,Guabiruba,2016,580
4206306,Guabiruba,2017,630
4206306,Guabiruba,2018,631
4206306,Guabiruba,2019,628
4206306,Guabiruba,2020,646
4206306,Guabiruba,2021,631
4206306,Guabiruba,2022,673
4206306,Guabiruba,2023,690
4206306,Guabiruba,2024,771
4206405,Guaraciaba,2013,794
4206405,Guaraciaba,2014,893
4206405,Guaraciaba,2015,844
4206405,Guaraciaba,2016,785
4206405,Guaraciaba,2017,895
4206405,Guaraciaba,2018,900
4206405,Guaraciaba,2019,929
4206405,Guaraciaba,2020,861
4206405,Guaraciaba,2021,810
4206405,Guaraciaba,2022,886
4206405,Guaraciaba,2023,844
4206405,Guaraciaba,2024,909
4206504,Guaramirim,2013,712
4206504,Guaramirim,2014,941
4206504,Guaramirim,2015,1034
4206504,Guaramirim,2016,1007
4206504,Guaramirim,2017,1171
4206504,Guaramirim,2018,1094
4206504,Guaramirim,2019,1191
4206504,Guaramirim,2020,1239
4206504,Guaramirim,2021,1122
4206504,Guaramirim,2022,1227
4206504,Guaramirim,2023,1357
4206504,Guaramirim,2024,1342
4206603,Guarujá do Sul,2013,528
4206603,Guarujá do Sul,2014,647
4206603,Guarujá do Sul,2015,670
4206603,Guarujá do Sul,2016,654
4206603,Guarujá do Sul,2017,757
4206603,Guarujá do Sul,2018,849
4206603,Guarujá do Sul,2019,773
4206603,Guarujá do Sul,2020,767
4206603,Guarujá do Sul,2021,819
4206603,Guarujá do Sul,2022,922
4206603,Guarujá do Sul,2023,918
4206603,Guarujá do Sul,2024,918
4206652,Guatambú,2013,476
4206652,Guatambú,2014,607
4206652,Guatambú,2015,708
4206652,Guatambú,2016,685
4206652,Guatambú,2017,789
4206652,Guatambú,2018,810
4206652,Guatambú,2019,879
4206652,Guatambú,2020,928
4206652,Guatambú,2021,745
4206652,Guatambú,2022,837
4206652,Guatambú,2023,838
4206652,Guatambú,2024,880
4206702,Herval d'Oeste,2013,644
4206702,Herval d'Oeste,2014,722
4206702,Herval d'Oeste,2015,910
4206702,Herval d'Oeste,2016,941
4206702,Herval d'Oeste,2017,1149
4206702,Herval d'Oeste,2018,1138
4206702,Herval d'Oeste,2019,1163
4206702,Herval d'Oeste,2020,1182
4206702,Herval d'Oeste,2021,1145
4206702,Herval d'Oeste,2022,1182
4206702,Herval d'Oeste,2023,1290
4206702,Herval d'Oeste,2024,1374
4206751,Ibiam,2013,498
4206751,Ibiam,2014,535
4206751,Ibiam,2015,612
4206751,Ibiam,2016,674
4206751,Ibiam,2017,711
4206751,Ibiam,2018,797
4206751,Ibiam,2019,878
4206751,Ibiam,2020,855
4206751,Ibiam,2021,909
4206751,Ibiam,2022,994
4206751,Ibiam,2023,1047
4206751,Ibiam,2024,1039
4206801,Ibicaré,2013,452
4206801,Ibicaré,2014,510
4206801,Ibicaré,2015,494
4206801,Ibicaré,2016,528
4206801,Ibicaré,2017,606
4206801,Ibicaré,2018,618
4206801,Ibicaré,2019,726
4206801,Ibicaré,2020,757
4206801,Ibicaré,2021,700
4206801,Ibicaré,2022,740
4206801,Ibicaré,2023,875
4206801,Ibicaré,2024,990
4206900,Ibirama,2013,595
4206900,Ibirama,2014,667
4206900,Ibirama,2015,871
4206900,Ibirama,2016,859
4206900,Ibirama,2017,1043
4206900,Ibirama,2018,981
4206900,Ibirama,2019,1007
4206900,Ibirama,2020,1042
4206900,Ibirama,2021,1105
4206900,Ibirama,2022,1165
4206900,Ibirama,2023,1169
4206900,Ibirama,2024,1203
4207007,Içara,2013,880
4207007,Içara,2014,959
4207007,Içara,2015,1021
4207007,Içara,2016,1057
4207007,Içara,2017,1388
4207007,Içara,2018,1452
4207007,Içara,2019,1516
4207007,Içara,2020,1592
4207007,Içara,2021,1470
4207007,Içara,2022,1434
4207007,Içara,2023,1503
4207007,Içara,2024,1601
4207106,Ilhota,2013,629
4207106,Ilhota,2014,736
4207106,Ilhota,2015,907
4207106,Ilhota,2016,866
4207106,Ilhota,2017,1140
4207106,Ilhota,2018,1412
4207106,Ilhota,2019,1594
4207106,Ilhota,2020,1524
4207106,Ilhota,2021,1533
4207106,Ilhota,2022,1485
4207106,Ilhota,2023,1592
4207106,Ilhota,2024,1479
4207205,Imaruí,2013,554
4207205,Imaruí,2014,603
4207205,Imaruí,2015,850
4207205,Imaruí,2016,820
4207205,Imaruí,2017,1025
4207205,Imaruí,2018,1040
4207205,Imaruí,2019,1107
4207205,Imaruí,2020,1086
4207205,Imaruí,2021,1129
4207205,Imaruí,2022,1095
4207205,Imaruí,2023,1141
4207205,Imaruí,2024,1266
4207304,Imbituba,2013,876
4207304,Imbituba,2014,1042
4207304,Imbituba,2015,1014
4207304,Imbituba,2016,1034
4207304,Imbituba,2017,1413
4207304,Imbituba,2018,1458
4207304,Imbituba,2019,1584
4207304,Imbituba,2020,1630
4207304,Imbituba,2021,1514
4207304,Imbituba,2022,1658
4207304,Imbituba,2023,1620
4207304,Imbituba,2024,0
4207403,Imbuia,2013,549
4207403,Imbuia,2014,0
4207403,Imbuia,2015,592
4207403,Imbuia,2016,689
4207403,Imbuia,2017,800
4207403,Imbuia,2018,771
4207403,Imbuia,2019,766
4207403,Imbuia,2020,864
4207403,Imbuia,2021,962
4207403,Imbuia,2022,881
4207403,Imbuia,2023,1075
4207403,Imbuia,2024,1045
4207502,Indaial,2013,1009
4207502,Indaial,2014,1135
4207502,Indaial,2015,1216
4207502,Indaial,2016,1253
4207502,Indaial,2017,1537
4207502,Indaial,2018,1456
4207502,Indaial,2019,1475
4207502,Indaial,2020,1472
4207502,Indaial,2021,1552
4207502,Indaial,2022,1582
4207502,Indaial,2023,1661
4207502,Indaial,2024,1638
4207577,Iomerê,2013,454
4207577,Iomerê,2014,505
4207577,Iomerê,2015,558
4207577,Iomerê,2016,556
4207577,Iomerê,2017,657
4207577,Iomerê,2018,665
4207577,Iomerê,2019,741
4207577,Iomerê,2020,740
4207577,Iomerê,2021,725
4207577,Iomerê,2022,811
4207577,Iomerê,2023,836
4207577,Iomerê,2024,854
4207601,Ipira,2013,660
4207601,Ipira,2014,795
4207601,Ipira,2015,818
4207601,Ipira,2016,754
4207601,Ipira,2017,927
4207601,Ipira,2018,1000
4207601,Ipira,2019,980
4207601,Ipira,2020,1010
4207601,Ipira,2021,0
4207601,Ipira,2022,1113
4207601,Ipira,2023,1037
4207601,Ipira,2024,1092
4207650,Iporã do Oeste,2013,664
4207650,Iporã do Oeste,2014,702
4207650,Iporã do Oeste,2015,764
4207650,Iporã do Oeste,2016,815
4207650,Iporã do Oeste,2017,852
4207650,Iporã do Oeste,2018,896
4207650,Iporã do Oeste,2019,977
4207650,Iporã do Oeste,2020,1028
4207650,Iporã do Oeste,2021,1083
4207650,Iporã do Oeste,2022,1129
4207650,Iporã do Oeste,2023,1052
4207650,Iporã do Oeste,2024,1152
4207684,Ipuaçu,2013,507
4207684,Ipuaçu,2014,551
4207684,Ipuaçu,2015,614
4207684,Ipuaçu,2016,645
4207684,Ipuaçu,2017,673
4207684,Ipuaçu,2018,701
4207684,Ipuaçu,2019,788
4207684,Ipuaçu,2020,813
4207684,Ipuaçu,2021,799
4207684,Ipuaçu,2022,856
4207684,Ipuaçu,2023,839
4207684,Ipuaçu,2024,858
4207700,Ipumirim,2013,582
4207700,Ipumirim,2014,726
4207700,Ipumirim,2015,810
4207700,Ipumirim,2016,870
4207700,Ipumirim,2017,1009
4207700,Ipumirim,2018,1006
4207700,Ipumirim,2019,1049
4207700,Ipumirim,2020,1011
4207700,Ipumirim,2021,991
4207700,Ipumirim,2022,1143
4207700,Ipumirim,2023,1198
4207700,Ipumirim,2024,1142
4207759,Iraceminha,2013,564
4207759,Iraceminha,2014,686
4207759,Iraceminha,2015,651
4207759,Iraceminha,2016,709
4207759,Iraceminha,2017,650
4207759,Iraceminha,2018,847
4207759,Iraceminha,2019,802
4207759,Iraceminha,2020,789
4207759,Iraceminha,2021,788
4207759,Iraceminha,2022,839
4207759,Iraceminha,2023,883
4207759,Iraceminha,2024,876
4207809,Irani,2013,656
4207809,Irani,2014,751
4207809,Irani,2015,805
4207809,Irani,2016,782
4207809,Irani,2017,921
4207809,Irani,2018,1048
4207809,Irani,2019,1066
4207809,Irani,2020,1176
4207809,Irani,2021,1123
4207809,Irani,2022,1205
4207809,Irani,2023,1263
4207809,Irani,2024,1283
4207858,Irati,2013,415
4207858,Irati,2014,600
4207858,Irati,2015,768
4207858,Irati,2016,747
4207858,Irati,2017,830
4207858,Irati,2018,747
4207858,Irati,2019,855
4207858,Irati,2020,853
4207858,Irati,2021,863
4207858,Irati,2022,849
4207858,Irati,2023,978
4207858,Irati,2024,1095
4207908,Irineópolis,2013,699
4207908,Irineópolis,2014,640
4207908,Irineópolis,2015,802
4207908,Irineópolis,2016,827
4207908,Irineópolis,2017,981
4207908,Irineópolis,2018,1009
4207908,Irineópolis,2019,1038
4207908,Irineópolis,2020,1051
4207908,Irineópolis,2021,1146
4207908,Irineópolis,2022,1207
4207908,Irineópolis,2023,1233
4207908,Irineópolis,2024,1235
4208005,Itá,2013,844
4208005,Itá,2014,866
4208005,Itá,2015,953
4208005,Itá,2016,942
4208005,Itá,2017,1075
4208005,Itá,2018,1068
4208005,Itá,2019,1082
4208005,Itá,2020,1155
4208005,Itá,2021,1148
4208005,Itá,2022,1285
4208005,Itá,2023,1360
4208005,Itá,2024,1371
4208104,Itaiópolis,2013,739
4208104,Itaiópolis,2014,803
4208104,Itaiópolis,2015,932
4208104,Itaiópolis,2016,979
4208104,Itaiópolis,2017,1052
4208104,Itaiópolis,2018,1183
4208104,Itaiópolis,2019,1127
4208104,Itaiópolis,2020,1353
4208104,Itaiópolis,2021,1295
4208104,Itaiópolis,2022,1340
4208104,Itaiópolis,2023,1409
4208104,Itaiópolis,2024,1380
4208203,Itajaí,2013,1010
4208203,Itajaí,2014,1088
4208203,Itajaí,2015,1193
4208203,Itajaí,2016,1157
4208203,Itajaí,2017,1327
4208203,Itajaí,2018,1620
4208203,Itajaí,2019,1569
4208203,Itajaí,2020,1557
4208203,Itajaí,2021,1567
4208203,Itajaí,2022,1824
4208203,Itajaí,2023,1944
4208203,Itajaí,2024,1681
4208302,Itapema,2013,803
4208302,Itapema,2014,0
4208302,Itapema,2015,1037
4208302,Itapema,2016,1058
4208302,Itapema,2017,1377
4208302,Itapema,2018,1415
4208302,Itapema,2019,1518
4208302,Itapema,2020,1402
4208302,Itapema,2021,1432
4208302,Itapema,2022,1435
4208302,Itapema,2023,1606
4208302,Itapema,2024,1630
4208401,Itapiranga,2013,682
4208401,Itapiranga,2014,0
4208401,Itapiranga,2015,823
4208401,Itapiranga,2016,798
4208401,Itapiranga,2017,1047
4208401,Itapiranga,2018,1143
4208401,Itapiranga,2019,1208
4208401,Itapiranga,2020,1262
4208401,Itapiranga,2021,1229
4208401,Itapiranga,2022,1283
4208401,Itapiranga,2023,1298
4208401,Itapiranga,2024,1350
4208450,Itapoá,2013,722
4208450,Itapoá,2014,758
4208450,Itapoá,2015,951
4208450,Itapoá,2016,801
4208450,Itapoá,2017,1060
4208450,Itapoá,2018,1270
4208450,Itapoá,2019,1405
4208450,Itapoá,2020,1416
4208450,Itapoá,2021,1503
4208450,Itapoá,2022,1481
4208450,Itapoá,2023,1468
4208450,Itapoá,2024,1609
4208500,Ituporanga,2013,593
4208500,Ituporanga,2014,739
4208500,Ituporanga,2015,910
4208500,Ituporanga,2016,908
4208500,Ituporanga,2017,935
4208500,Ituporanga,2018,1100
4208500,Ituporanga,2019,1204
4208500,Ituporanga,2020,1172
4208500,Ituporanga,2021,1188
4208500,Ituporanga,2022,1276
4208500,Ituporanga,2023,1277
4208500,Ituporanga,2024,1259
4208609,Jaborá,2013,559
4208609,Jaborá,2014,474
4208609,Jaborá,2015,613
4208609,Jaborá,2016,600
4208609,Jaborá,2017,737
4208609,Jaborá,2018,705
4208609,Jaborá,2019,808
4208609,Jaborá,2020,837
4208609,Jaborá,2021,848
4208609,Jaborá,2022,925
4208609,Jaborá,2023,985
4208609,Jaborá,2024,1049
4208708,Jacinto Machado,2013,468
4208708,Jacinto Machado,2014,414
4208708,Jacinto Machado,2015,548
4208708,Jacinto Machado,2016,571
4208708,Jacinto Machado,2017,613
4208708,Jacinto Machado,2018,612
4208708,Jacinto Machado,2019,651
4208708,Jacinto Machado,2020,713
4208708,Jacinto Machado,2021,749
4208708,Jacinto Machado,2022,859
4208708,Jacinto Machado,2023,822
4208708,Jacinto Machado,2024,883
4208807,Jaguaruna,2013,554
4208807,Jaguaruna,2014,641
4208807,Jaguaruna,2015,764
4208807,Jaguaruna,2016,778
4208807,Jaguaruna,2017,981
4208807,Jaguaruna,2018,1090
4208807,Jaguaruna,2019,1187
4208807,Jaguaruna,2020,1218
4208807,Jaguaruna,2021,1164
4208807,Jaguaruna,2022,1355
4208807,Jaguaruna,2023,1401
4208807,Jaguaruna,2024,1453
4208906,Jaraguá do Sul,2013,1247
4208906,Jaraguá do Sul,2014,1409
4208906,Jaraguá do Sul,2015,1478
4208906,Jaraguá do Sul,2016,1572
4208906,Jaraguá do Sul,2017,1922
4208906,Jaraguá do Sul,2018,2108
4208906,Jaraguá do Sul,2019,2322
4208906,Jaraguá do Sul,2020,2403
4208906,Jaraguá do Sul,2021,2323
4208906,Jaraguá do Sul,2022,2303
4208906,Jaraguá do Sul,2023,2356
4208906,Jaraguá do Sul,2024,2363
4208955,Jardinópolis,2013,511
4208955,Jardinópolis,2014,567
4208955,Jardinópolis,2015,604
4208955,Jardinópolis,2016,619
4208955,Jardinópolis,2017,679
4208955,Jardinópolis,2018,718
4208955,Jardinópolis,2019,744
4208955,Jardinópolis,2020,819
4208955,Jardinópolis,2021,835
4208955,Jardinópolis,2022,860
4208955,Jardinópolis,2023,910
4208955,Jardinópolis,2024,879
4209003,Joaçaba,2013,942
4209003,Joaçaba,2014,973
4209003,Joaçaba,2015,1110
4209003,Joaçaba,2016,1161
4209003,Joaçaba,2017,1386
4209003,Joaçaba,2018,1442
4209003,Joaçaba,2019,1454
4209003,Joaçaba,2020,1562
4209003,Joaçaba,2021,1539
4209003,Joaçaba,2022,1587
4209003,Joaçaba,2023,1607
4209003,Joaçaba,2024,1573
4209102,Joinville,2013,1318
4209102,Joinville,2014,1433
4209102,Joinville,2015,1439
4209102,Joinville,2016,1768
4209102,Joinville,2017,1873
4209102,Joinville,2018,1995
4209102,Joinville,2019,1805
4209102,Joinville,2020,1813
4209102,Joinville,2021,2067
4209102,Joinville,2022,2140
4209102,Joinville,2023,2231
4209102,Joinville,2024,2259
4209151,José Boiteux,2013,513
4209151,José Boiteux,2014,487
4209151,José Boiteux,2015,599
4209151,José Boiteux,2016,684
4209151,José Boiteux,2017,828
4209151,José Boiteux,2018,797
4209151,José Boiteux,2019,753
4209151,José Boiteux,2020,761
4209151,José Boiteux,2021,852
4209151,José Boiteux,2022,917
4209151,José Boiteux,2023,921
4209151,José Boiteux,2024,934
4209177,Jupiá,2013,459
4209177,Jupiá,2014,0
4209177,Jupiá,2015,555
4209177,Jupiá,2016,617
4209177,Jupiá,2017,610
4209177,Jupiá,2018,570
4209177,Jupiá,2019,588
4209177,Jupiá,2020,671
4209177,Jupiá,2021,621
4209177,Jupiá,2022,708
4209177,Jupiá,2023,801
4209177,Jupiá,2024,886
4209201,Lacerdópolis,2013,461
4209201,Lacerdópolis,2014,533
4209201,Lacerdópolis,2015,566
4209201,Lacerdópolis,2016,549
4209201,Lacerdópolis,2017,560
4209201,Lacerdópolis,2018,585
4209201,Lacerdópolis,2019,634
4209201,Lacerdópolis,2020,694
4209201,Lacerdópolis,2021,652
4209201,Lacerdópolis,2022,683
4209201,Lacerdópolis,2023,689
4209201,Lacerdópolis,2024,750
4209300,Lages,2013,934
4209300,Lages,2014,987
4209300,Lages,2015,1150
4209300,Lages,2016,1149
4209300,Lages,2017,1323
4209300,Lages,2018,1493
4209300,Lages,2019,1535
4209300,Lages,2020,1624
4209300,Lages,2021,1545
4209300,Lages,2022,1605
4209300,Lages,2023,1572
4209300,Lages,2024,1533
4209409,Laguna,2013,665
4209409,Laguna,2014,688
4209409,Laguna,2015,873
4209409,Laguna,2016,894
4209409,Laguna,2017,1023
4209409,Laguna,2018,1255
4209409,Laguna,2019,1291
4209409,Laguna,2020,1346
4209409,Laguna,2021,1300
4209409,Laguna,2022,1398
4209409,Laguna,2023,1486
4209409,Laguna,2024,1522
4209458,Lajeado Grande,2013,433
4209458,Lajeado Grande,2014,431
4209458,Lajeado Grande,2015,519
4209458,Lajeado Grande,2016,551
4209458,Lajeado Grande,2017,573
4209458,Lajeado Grande,2018,607
4209458,Lajeado Grande,2019,749
4209458,Lajeado Grande,2020,761
4209458,Lajeado Grande,2021,767
4209458,Lajeado Grande,2022,808
4209458,Lajeado Grande,2023,817
4209458,Lajeado Grande,2024,874
4209508,Laurentino,2013,532
4209508,Laurentino,2014,623
4209508,Laurentino,2015,778
4209508,Laurentino,2016,763
4209508,Laurentino,2017,755
4209508,Laurentino,2018,834
4209508,Laurentino,2019,879
4209508,Laurentino,2020,880
4209508,Laurentino,2021,1000
4209508,Laurentino,2022,1127
4209508,Laurentino,2023,1197
4209508,Laurentino,2024,947
4209607,Lauro Müller,2013,473
4209607,Lauro Müller,2014,589
4209607,Lauro Müller,2015,617
4209607,Lauro Müller,2016,638
4209607,Lauro Müller,2017,771
4209607,Lauro Müller,2018,868
4209607,Lauro Müller,2019,957
4209607,Lauro Müller,2020,983
4209607,Lauro Müller,2021,899
4209607,Lauro Müller,2022,922
4209607,Lauro Müller,2023,1127
4209607,Lauro Müller,2024,1116
4209706,Lebon Régis,2013,650
4209706,Lebon Régis,2014,758
4209706,Lebon Régis,2015,696
4209706,Lebon Régis,2016,704
4209706,Lebon Régis,2017,831
4209706,Lebon Régis,2018,1016
4209706,Lebon Régis,2019,929
4209706,Lebon Régis,2020,843
4209706,Lebon Régis,2021,939
4209706,Lebon Régis,2022,992
4209706,Lebon Régis,2023,933
4209706,Lebon Régis,2024,1041
4209805,Leoberto Leal,2013,604
4209805,Leoberto Leal,2014,715
4209805,Leoberto Leal,2015,690
4209805,Leoberto Leal,2016,751
4209805,Leoberto Leal,2017,833
4209805,Leoberto Leal,2018,795
4209805,Leoberto Leal,2019,806
4209805,Leoberto Leal,2020,868
4209805,Leoberto Leal,2021,902
4209805,Leoberto Leal,2022,879
4209805,Leoberto Leal,2023,986
4209805,Leoberto Leal,2024,1007
4209854,Lindóia do Sul,2013,673
4209854,Lindóia do Sul,2014,632
4209854,Lindóia do Sul,2015,773
4209854,Lindóia do Sul,2016,731
4209854,Lindóia do Sul,2017,948
4209854,Lindóia do Sul,2018,916
4209854,Lindóia do Sul,2019,939
4209854,Lindóia do Sul,2020,1022
4209854,Lindóia do Sul,2021,1032
4209854,Lindóia do Sul,2022,1144
4209854,Lindóia do Sul,2023,1119
4209854,Lindóia do Sul,2024,1109
4209904,Lontras,2013,589
4209904,Lontras,2014,726
4209904,Lontras,2015,803
4209904,Lontras,2016,827
4209904,Lontras,2017,848
4209904,Lontras,2018,805
4209904,Lontras,2019,814
4209904,Lontras,2020,861
4209904,Lontras,2021,940
4209904,Lontras,2022,881
4209904,Lontras,2023,972
4209904,Lontras,2024,1070
4210001,Luiz Alves,2013,616
4210001,Luiz Alves,2014,637
4210001,Luiz Alves,2015,831
4210001,Luiz Alves,2016,847
4210001,Luiz Alves,2017,1121
4210001,Luiz Alves,2018,1238
4210001,Luiz Alves,2019,1186
4210001,Luiz Alves,2020,1238
4210001,Luiz Alves,2021,1348
4210001,Luiz Alves,2022,1446
4210001,Luiz Alves,2023,1436
4210001,Luiz Alves,2024,1471
4210035,Luzerna,2013,598
4210035,Luzerna,2014,715
4210035,Luzerna,2015,894
4210035,Luzerna,2016,894
4210035,Luzerna,2017,1042
4210035,Luzerna,2018,1065
4210035,Luzerna,2019,1148
4210035,Luzerna,2020,1168
4210035,Luzerna,2021,1099
4210035,Luzerna,2022,1127
4210035,Luzerna,2023,1165
4210035,Luzerna,2024,1102
4210050,Macieira,2013,417
4210050,Macieira,2014,474
4210050,Macieira,2015,592
4210050,Macieira,2016,590
4210050,Macieira,2017,613
4210050,Macieira,2018,657
4210050,Macieira,2019,678
4210050,Macieira,2020,737
4210050,Macieira,2021,877
4210050,Macieira,2022,911
4210050,Macieira,2023,893
4210050,Macieira,2024,976
4210100,Mafra,2013,613
4210100,Mafra,2014,0
4210100,Mafra,2015,516
4210100,Mafra,2016,572
4210100,Mafra,2017,1199
4210100,Mafra,2018,1247
4210100,Mafra,2019,1268
4210100,Mafra,2020,889
4210100,Mafra,2021,1332
4210100,Mafra,2022,1472
4210100,Mafra,2023,1393
4210100,Mafra,2024,1282
4210209,Major Gercino,2013,482
4210209,Major Gercino,2014,614
4210209,Major Gercino,2015,579
4210209,Major Gercino,2016,634
4210209,Major Gercino,2017,684
4210209,Major Gercino,2018,735
4210209,Major Gercino,2019,850
4210209,Major Gercino,2020,800
4210209,Major Gercino,2021,811
4210209,Major Gercino,2022,940
4210209,Major Gercino,2023,0
4210209,Major Gercino,2024,945
4210308,Major Vieira,2013,588
4210308,Major Vieira,2014,638
4210308,Major Vieira,2015,688
4210308,Major Vieira,2016,654
4210308,Major Vieira,2017,846
4210308,Major Vieira,2018,867
4210308,Major Vieira,2019,898
4210308,Major Vieira,2020,894
4210308,Major Vieira,2021,1003
4210308,Major Vieira,2022,848
4210308,Major Vieira,2023,1007
4210308,Major Vieira,2024,1231
4210407,Maracajá,2013,588
4210407,Maracajá,2014,0
4210407,Maracajá,2015,717
4210407,Maracajá,2016,769
4210407,Maracajá,2017,937
4210407,Maracajá,2018,964
4210407,Maracajá,2019,1046
4210407,Maracajá,2020,1070
4210407,Maracajá,2021,1028
4210407,Maracajá,2022,1008
4210407,Maracajá,2023,1043
4210407,Maracajá,2024,1104
4210506,Maravilha,2013,767
4210506,Maravilha,2014,878
4210506,Maravilha,2015,940
4210506,Maravilha,2016,965
4210506,Maravilha,2017,1126
4210506,Maravilha,2018,1151
4210506,Maravilha,2019,1153
4210506,Maravilha,2020,1277
4210506,Maravilha,2021,1322
4210506,Maravilha,2022,1337
4210506,Maravilha,2023,1412
4210506,Maravilha,2024,1430
4210555,Marema,2013,407
4210555,Marema,2014,471
4210555,Marema,2015,525
4210555,Marema,2016,508
4210555,Marema,2017,549
4210555,Marema,2018,573
4210555,Marema,2019,598
4210555,Marema,2020,608
4210555,Marema,2021,640
4210555,Marema,2022,745
4210555,Marema,2023,679
4210555,Marema,2024,731
4210605,Massaranduba,2013,671
4210605,Massaranduba,2014,742
4210605,Massaranduba,2015,826
4210605,Massaranduba,2016,874
4210605,Massaranduba,2017,958
4210605,Massaranduba,2018,1016
4210605,Massaranduba,2019,1142
4210605,Massaranduba,2020,1135
4210605,Massaranduba,2021,1167
4210605,Massaranduba,2022,1202
4210605,Massaranduba,2023,1332
4210605,Massaranduba,2024,1312
4210704,Matos Costa,2013,630
4210704,Matos Costa,2014,669
4210704,Matos Costa,2015,712
4210704,Matos Costa,2016,689
4210704,Matos Costa,2017,713
4210704,Matos Costa,2018,919
4210704,Matos Costa,2019,831
4210704,Matos Costa,2020,909
4210704,Matos Costa,2021,841
4210704,Matos Costa,2022,969
4210704,Matos Costa,2023,924
4210704,Matos Costa,2024,927
4210803,Meleiro,2013,419
4210803,Meleiro,2014,400
4210803,Meleiro,2015,550
4210803,Meleiro,2016,577
4210803,Meleiro,2017,590
4210803,Meleiro,2018,545
4210803,Meleiro,2019,507
4210803,Meleiro,2020,526
4210803,Meleiro,2021,547
4210803,Meleiro,2022,544
4210803,Meleiro,2023,549
4210803,Meleiro,2024,612
4210852,Mirim Doce,2013,599
4210852,Mirim Doce,2014,566
4210852,Mirim Doce,2015,593
4210852,Mirim Doce,2016,678
4210852,Mirim Doce,2017,669
4210852,Mirim Doce,2018,651
4210852,Mirim Doce,2019,719
4210852,Mirim Doce,2020,821
4210852,Mirim Doce,2021,840
4210852,Mirim Doce,2022,889
4210852,Mirim Doce,2023,882
4210852,Mirim Doce,2024,991
4210902,Modelo,2013,517
4210902,Modelo,2014,530
4210902,Modelo,2015,634
4210902,Modelo,2016,701
4210902,Modelo,2017,735
4210902,Modelo,2018,770
4210902,Modelo,2019,748
4210902,Modelo,2020,802
4210902,Modelo,2021,912
4210902,Modelo,2022,946
4210902,Modelo,2023,919
4210902,Modelo,2024,924
4211009,Mondaí,2013,620
4211009,Mondaí,2014,547
4211009,Mondaí,2015,718
4211009,Mondaí,2016,674
4211009,Mondaí,2017,783
4211009,Mondaí,2018,751
4211009,Mondaí,2019,787
4211009,Mondaí,2020,769
4211009,Mondaí,2021,830
4211009,Mondaí,2022,818
4211009,Mondaí,2023,918
4211009,Mondaí,2024,1082
4211058,Monte Carlo,2013,519
4211058,Monte Carlo,2014,583
4211058,Monte Carlo,2015,656
4211058,Monte Carlo,2016,686
4211058,Monte Carlo,2017,921
4211058,Monte Carlo,2018,883
4211058,Monte Carlo,2019,806
4211058,Monte Carlo,2020,862
4211058,Monte Carlo,2021,983
4211058,Monte Carlo,2022,1031
4211058,Monte Carlo,2023,1076
4211058,Monte Carlo,2024,1218
4211108,Monte Castelo,2013,605
4211108,Monte Castelo,2014,606
4211108,Monte Castelo,2015,637
4211108,Monte Castelo,2016,631
4211108,Monte Castelo,2017,768
4211108,Monte Castelo,2018,813
4211108,Monte Castelo,2019,923
4211108,Monte Castelo,2020,853
4211108,Monte Castelo,2021,830
4211108,Monte Castelo,2022,870
4211108,Monte Castelo,2023,900
4211108,Monte Castelo,2024,879
4211207,Morro da Fumaça,2013,538
4211207,Morro da Fumaça,2014,0
4211207,Morro da Fumaça,2015,641
4211207,Morro da Fumaça,2016,708
4211207,Morro da Fumaça,2017,763
4211207,Morro da Fumaça,2018,922
4211207,Morro da Fumaça,2019,940
4211207,Morro da Fumaça,2020,1026
4211207,Morro da Fumaça,2021,971
4211207,Morro da Fumaça,2022,1001
4211207,Morro da Fumaça,2023,978
4211207,Morro da Fumaça,2024,1032
4211256,Morro Grande,2013,447
4211256,Morro Grande,2014,373
4211256,Morro Grande,2015,538
4211256,Morro Grande,2016,570
4211256,Morro Grande,2017,663
4211256,Morro Grande,2018,683
4211256,Morro Grande,2019,684
4211256,Morro Grande,2020,705
4211256,Morro Grande,2021,678
4211256,Morro Grande,2022,696
4211256,Morro Grande,2023,724
4211256,Morro Grande,2024,850
4211306,Navegantes,2013,941
4211306,Navegantes,2014,1061
4211306,Navegantes,2015,1135
4211306,Navegantes,2016,1154
4211306,Navegantes,2017,1421
4211306,Navegantes,2018,1536
4211306,Navegantes,2019,1535
4211306,Navegantes,2020,1550
4211306,Navegantes,2021,1486
4211306,Navegantes,2022,1592
4211306,Navegantes,2023,1710
4211306,Navegantes,2024,1668
4211405,Nova Erechim,2013,443
4211405,Nova Erechim,2014,575
4211405,Nova Erechim,2015,619
4211405,Nova Erechim,2016,627
4211405,Nova Erechim,2017,648
4211405,Nova Erechim,2018,708
4211405,Nova Erechim,2019,744
4211405,Nova Erechim,2020,849
4211405,Nova Erechim,2021,910
4211405,Nova Erechim,2022,975
4211405,Nova Erechim,2023,976
4211405,Nova Erechim,2024,907
4211454,Nova Itaberaba,2013,408
4211454,Nova Itaberaba,2014,463
4211454,Nova Itaberaba,2015,537
4211454,Nova Itaberaba,2016,546
4211454,Nova Itaberaba,2017,555
4211454,Nova Itaberaba,2018,598
4211454,Nova Itaberaba,2019,647
4211454,Nova Itaberaba,2020,650
4211454,Nova Itaberaba,2021,775
4211454,Nova Itaberaba,2022,787
4211454,Nova Itaberaba,2023,859
4211454,Nova Itaberaba,2024,941
4211504,Nova Trento,2013,676
4211504,Nova Trento,2014,615
4211504,Nova Trento,2015,849
4211504,Nova Trento,2016,931
4211504,Nova Trento,2017,951
4211504,Nova Trento,2018,999
4211504,Nova Trento,2019,1015
4211504,Nova Trento,2020,1035
4211504,Nova Trento,2021,1007
4211504,Nova Trento,2022,1124
4211504,Nova Trento,2023,1248
4211504,Nova Trento,2024,1209
4211603,Nova Veneza,2013,424
4211603,Nova Veneza,2014,422
4211603,Nova Veneza,2015,556
4211603,Nova Veneza,2016,580
4211603,Nova Veneza,2017,632
4211603,Nova Veneza,2018,659
4211603,Nova Veneza,2019,608
4211603,Nova Veneza,2020,638
4211603,Nova Veneza,2021,663
4211603,Nova Veneza,2022,648
4211603,Nova Veneza,2023,862
4211603,Nova Veneza,2024,903
4211652,Novo Horizonte,2013,498
4211652,Novo Horizonte,2014,586
4211652,Novo Horizonte,2015,645
4211652,Novo Horizonte,2016,621
4211652,Novo Horizonte,2017,730
4211652,Novo Horizonte,2018,760
4211652,Novo Horizonte,2019,832
4211652,Novo Horizonte,2020,826
4211652,Novo Horizonte,2021,788
4211652,Novo Horizonte,2022,790
4211652,Novo Horizonte,2023,902
4211652,Novo Horizonte,2024,1017
4211702,Orleans,2013,552
4211702,Orleans,2014,0
4211702,Orleans,2015,716
4211702,Orleans,2016,789
4211702,Orleans,2017,944
4211702,Orleans,2018,829
4211702,Orleans,2019,875
4211702,Orleans,2020,842
4211702,Orleans,2021,927
4211702,Orleans,2022,887
4211702,Orleans,2023,861
4211702,Orleans,2024,930
4211751,Otacílio Costa,2013,790
4211751,Otacílio Costa,2014,925
4211751,Otacílio Costa,2015,947
4211751,Otacílio Costa,2016,1046
4211751,Otacílio Costa,2017,1365
4211751,Otacílio Costa,2018,1308
4211751,Otacílio Costa,2019,1368
4211751,Otacílio Costa,2020,1349
4211751,Otacílio Costa,2021,1317
4211751,Otacílio Costa,2022,1403
4211751,Otacílio Costa,2023,1392
4211751,Otacílio Costa,2024,1522
4211801,Ouro,2013,645
4211801,Ouro,2014,764
4211801,Ouro,2015,830
4211801,Ouro,2016,801
4211801,Ouro,2017,910
4211801,Ouro,2018,973
4211801,Ouro,2019,1013
4211801,Ouro,2020,915
4211801,Ouro,2021,916
4211801,Ouro,2022,1028
4211801,Ouro,2023,1112
4211801,Ouro,2024,1130
4211850,Ouro Verde,2013,416
4211850,Ouro Verde,2014,557
4211850,Ouro Verde,2015,548
4211850,Ouro Verde,2016,575
4211850,Ouro Verde,2017,628
4211850,Ouro Verde,2018,745
4211850,Ouro Verde,2019,800
4211850,Ouro Verde,2020,755
4211850,Ouro Verde,2021,669
4211850,Ouro Verde,2022,738
4211850,Ouro Verde,2023,804
4211850,Ouro Verde,2024,750
4211876,Paial,2013,509
4211876,Paial,2014,540
4211876,Paial,2015,633
4211876,Paial,2016,646
4211876,Paial,2017,750
4211876,Paial,2018,773
4211876,Paial,2019,791
4211876,Paial,2020,846
4211876,Paial,2021,870
4211876,Paial,2022,915
4211876,Paial,2023,927
4211876,Paial,2024,972
4211892,Painel,2013,497
4211892,Painel,2014,0
4211892,Painel,2015,614
4211892,Painel,2016,637
4211892,Painel,2017,768
4211892,Painel,2018,807
4211892,Painel,2019,795
4211892,Painel,2020,797
4211892,Painel,2021,837
4211892,Painel,2022,1021
4211892,Painel,2023,897
4211892,Painel,2024,937
4211900,Palhoça,2013,866
4211900,Palhoça,2014,883
4211900,Palhoça,2015,1146
4211900,Palhoça,2016,1166
4211900,Palhoça,2017,1380
4211900,Palhoça,2018,1310
4211900,Palhoça,2019,1185
4211900,Palhoça,2020,1457
4211900,Palhoça,2021,1447
4211900,Palhoça,2022,1390
4211900,Palhoça,2023,1464
4211900,Palhoça,2024,1604
4212007,Palma Sola,2013,513
4212007,Palma Sola,2014,598
4212007,Palma Sola,2015,628
4212007,Palma Sola,2016,734
4212007,Palma Sola,2017,690
4212007,Palma Sola,2018,1062
4212007,Palma Sola,2019,1080
4212007,Palma Sola,2020,1069
4212007,Palma Sola,2021,985
4212007,Palma Sola,2022,1078
4212007,Palma Sola,2023,1267
4212007,Palma Sola,2024,1240
4212056,Palmeira,2013,499
4212056,Palmeira,2014,589
4212056,Palmeira,2015,663
4212056,Palmeira,2016,669
4212056,Palmeira,2017,909
4212056,Palmeira,2018,930
4212056,Palmeira,2019,807
4212056,Palmeira,2020,882
4212056,Palmeira,2021,937
4212056,Palmeira,2022,969
4212056,Palmeira,2023,1096
4212056,Palmeira,2024,1179
4212106,Palmitos,2013,589
4212106,Palmitos,2014,537
4212106,Palmitos,2015,729
4212106,Palmitos,2016,739
4212106,Palmitos,2017,884
4212106,Palmitos,2018,864
4212106,Palmitos,2019,948
4212106,Palmitos,2020,1027
4212106,Palmitos,2021,963
4212106,Palmitos,2022,864
4212106,Palmitos,2023,1003
4212106,Palmitos,2024,1049
4212205,Papanduva,2013,703
4212205,Papanduva,2014,875
4212205,Papanduva,2015,895
4212205,Papanduva,2016,964
4212205,Papanduva,2017,1213
4212205,Papanduva,2018,1256
4212205,Papanduva,2019,1290
4212205,Papanduva,2020,1208
4212205,Papanduva,2021,1127
4212205,Papanduva,2022,1007
4212205,Papanduva,2023,1241
4212205,Papanduva,2024,1311
4212239,Paraíso,2013,520
4212239,Paraíso,2014,582
4212239,Paraíso,2015,633
4212239,Paraíso,2016,651
4212239,Paraíso,2017,685
4212239,Paraíso,2018,765
4212239,Paraíso,2019,830
4212239,Paraíso,2020,912
4212239,Paraíso,2021,866
4212239,Paraíso,2022,905
4212239,Paraíso,2023,934
4212239,Paraíso,2024,942
4212254,Passo de Torres,2013,479
4212254,Passo de Torres,2014,619
4212254,Passo de Torres,2015,654
4212254,Passo de Torres,2016,657
4212254,Passo de Torres,2017,728
4212254,Passo de Torres,2018,829
4212254,Passo de Torres,2019,874
4212254,Passo de Torres,2020,894
4212254,Passo de Torres,2021,888
4212254,Passo de Torres,2022,942
4212254,Passo de Torres,2023,1019
4212254,Passo de Torres,2024,1150
4212270,Passos Maia,2013,411
4212270,Passos Maia,2014,490
4212270,Passos Maia,2015,572
4212270,Passos Maia,2016,561
4212270,Passos Maia,2017,576
4212270,Passos Maia,2018,631
4212270,Passos Maia,2019,663
4212270,Passos Maia,2020,572
4212270,Passos Maia,2021,708
4212270,Passos Maia,2022,714
4212270,Passos Maia,2023,876
4212270,Passos Maia,2024,945
4212304,Paulo Lopes,2013,561
4212304,Paulo Lopes,2014,588
4212304,Paulo Lopes,2015,666
4212304,Paulo Lopes,2016,688
4212304,Paulo Lopes,2017,856
4212304,Paulo Lopes,2018,871
4212304,Paulo Lopes,2019,961
4212304,Paulo Lopes,2020,992
4212304,Paulo Lopes,2021,978
4212304,Paulo Lopes,2022,1086
4212304,Paulo Lopes,2023,1168
4212304,Paulo Lopes,2024,1177
4212403,Pedras Grandes,2013,404
4212403,Pedras Grandes,2014,505
4212403,Pedras Grandes,2015,503
4212403,Pedras Grandes,2016,492
4212403,Pedras Grandes,2017,515
4212403,Pedras Grandes,2018,551
4212403,Pedras Grandes,2019,603
4212403,Pedras Grandes,2020,663
4212403,Pedras Grandes,2021,729
4212403,Pedras Grandes,2022,812
4212403,Pedras Grandes,2023,916
4212403,Pedras Grandes,2024,951
4212502,Penha,2013,729
4212502,Penha,2014,300
4212502,Penha,2015,825
4212502,Penha,2016,854
4212502,Penha,2017,1151
4212502,Penha,2018,1174
4212502,Penha,2019,1307
4212502,Penha,2020,845
4212502,Penha,2021,1009
4212502,Penha,2022,1349
4212502,Penha,2023,1447
4212502,Penha,2024,1464
4212601,Peritiba,2013,689
4212601,Peritiba,2014,732
4212601,Peritiba,2015,830
4212601,Peritiba,2016,851
4212601,Peritiba,2017,1085
4212601,Peritiba,2018,1175
4212601,Peritiba,2019,1137
4212601,Peritiba,2020,1108
4212601,Peritiba,2021,1156
4212601,Peritiba,2022,1282
4212601,Peritiba,2023,1323
4212601,Peritiba,2024,1282
4212650,Pescaria Brava,2013,343
4212650,Pescaria Brava,2014,545
4212650,Pescaria Brava,2015,658
4212650,Pescaria Brava,2016,625
4212650,Pescaria Brava,2017,818
4212650,Pescaria Brava,2018,970
4212650,Pescaria Brava,2019,1002
4212650,Pescaria Brava,2020,1059
4212650,Pescaria Brava,2021,1142
4212650,Pescaria Brava,2022,1036
4212650,Pescaria Brava,2023,1130
4212650,Pescaria Brava,2024,1143
4212700,Petrolândia,2013,419
4212700,Petrolândia,2014,0
4212700,Petrolândia,2015,524
4212700,Petrolândia,2016,551
4212700,Petrolândia,2017,614
4212700,Petrolândia,2018,700
4212700,Petrolândia,2019,748
4212700,Petrolândia,2020,788
4212700,Petrolândia,2021,760
4212700,Petrolândia,2022,825
4212700,Petrolândia,2023,871
4212700,Petrolândia,2024,847
4212809,Balneário Piçarras,2013,939
4212809,Balneário Piçarras,2014,0
4212809,Balneário Piçarras,2015,1153
4212809,Balneário Piçarras,2016,1188
4212809,Balneário Piçarras,2017,1402
4212809,Balneário Piçarras,2018,1521
4212809,Balneário Piçarras,2019,1601
4212809,Balneário Piçarras,2020,1563
4212809,Balneário Piçarras,2021,1526
4212809,Balneário Piçarras,2022,1672
4212809,Balneário Piçarras,2023,1708
4212809,Balneário Piçarras,2024,1771
4212908,Pinhalzinho,2013,681
4212908,Pinhalzinho,2014,727
4212908,Pinhalzinho,2015,848
4212908,Pinhalzinho,2016,902
4212908,Pinhalzinho,2017,961
4212908,Pinhalzinho,2018,1052
4212908,Pinhalzinho,2019,1189
4212908,Pinhalzinho,2020,1303
4212908,Pinhalzinho,2021,1340
4212908,Pinhalzinho,2022,1369
4212908,Pinhalzinho,2023,1390
4212908,Pinhalzinho,2024,1416
4213005,Pinheiro Preto,2013,501
4213005,Pinheiro Preto,2014,560
4213005,Pinheiro Preto,2015,662
4213005,Pinheiro Preto,2016,744
4213005,Pinheiro Preto,2017,824
4213005,Pinheiro Preto,2018,850
4213005,Pinheiro Preto,2019,880
4213005,Pinheiro Preto,2020,888
4213005,Pinheiro Preto,2021,852
4213005,Pinheiro Preto,2022,1007
4213005,Pinheiro Preto,2023,974
4213005,Pinheiro Preto,2024,1051
4213104,Piratuba,2013,605
4213104,Piratuba,2014,717
4213104,Piratuba,2015,706
4213104,Piratuba,2016,712
4213104,Piratuba,2017,857
4213104,Piratuba,2018,984
4213104,Piratuba,2019,972
4213104,Piratuba,2020,1048
4213104,Piratuba,2021,1058
4213104,Piratuba,2022,1046
4213104,Piratuba,2023,1094
4213104,Piratuba,2024,1151
4213153,Planalto Alegre,2013,501
4213153,Planalto Alegre,2014,576
4213153,Planalto Alegre,2015,582
4213153,Planalto Alegre,2016,598
4213153,Planalto Alegre,2017,552
4213153,Planalto Alegre,2018,721
4213153,Planalto Alegre,2019,803
4213153,Planalto Alegre,2020,777
4213153,Planalto Alegre,2021,832
4213153,Planalto Alegre,2022,906
4213153,Planalto Alegre,2023,981
4213153,Planalto Alegre,2024,996
4213203,Pomerode,2013,809
4213203,Pomerode,2014,963
4213203,Pomerode,2015,1076
4213203,Pomerode,2016,1028
4213203,Pomerode,2017,1367
4213203,Pomerode,2018,1244
4213203,Pomerode,2019,1373
4213203,Pomerode,2020,1444
4213203,Pomerode,2021,1447
4213203,Pomerode,2022,1488
4213203,Pomerode,2023,1519
4213203,Pomerode,2024,1498
4213302,Ponte Alta,2013,533
4213302,Ponte Alta,2014,537
4213302,Ponte Alta,2015,615
4213302,Ponte Alta,2016,621
4213302,Ponte Alta,2017,744
4213302,Ponte Alta,2018,906
4213302,Ponte Alta,2019,932
4213302,Ponte Alta,2020,990
4213302,Ponte Alta,2021,876
4213302,Ponte Alta,2022,1018
4213302,Ponte Alta,2023,1096
4213302,Ponte Alta,2024,1128
4213351,Ponte Alta do Norte,2013,625
4213351,Ponte Alta do Norte,2014,587
4213351,Ponte Alta do Norte,2015,656
4213351,Ponte Alta do Norte,2016,692
4213351,Ponte Alta do Norte,2017,684
4213351,Ponte Alta do Norte,2018,795
4213351,Ponte Alta do Norte,2019,875
4213351,Ponte Alta do Norte,2020,829
4213351,Ponte Alta do Norte,2021,887
4213351,Ponte Alta do Norte,2022,879
4213351,Ponte Alta do Norte,2023,845
4213351,Ponte Alta do Norte,2024,1013
4213401,Ponte Serrada,2013,383
4213401,Ponte Serrada,2014,410
4213401,Ponte Serrada,2015,517
4213401,Ponte Serrada,2016,567
4213401,Ponte Serrada,2017,638
4213401,Ponte Serrada,2018,724
4213401,Ponte Serrada,2019,813
4213401,Ponte Serrada,2020,812
4213401,Ponte Serrada,2021,835
4213401,Ponte Serrada,2022,936
4213401,Ponte Serrada,2023,1030
4213401,Ponte Serrada,2024,989
4213500,Porto Belo,2013,944
4213500,Porto Belo,2014,1101
4213500,Porto Belo,2015,1094
4213500,Porto Belo,2016,1090
4213500,Porto Belo,2017,1355
4213500,Porto Belo,2018,1527
4213500,Porto Belo,2019,1547
4213500,Porto Belo,2020,1642
4213500,Porto Belo,2021,1680
4213500,Porto Belo,2022,1661
4213500,Porto Belo,2023,1733
4213500,Porto Belo,2024,1705
4213609,Porto União,2013,786
4213609,Porto União,2014,900
4213609,Porto União,2015,912
4213609,Porto União,2016,813
4213609,Porto União,2017,1228
4213609,Porto União,2018,1103
4213609,Porto União,2019,1116
4213609,Porto União,2020,1127
4213609,Porto União,2021,1188
4213609,Porto União,2022,1126
4213609,Porto União,2023,1183
4213609,Porto União,2024,1306
4213708,Pouso Redondo,2013,526
4213708,Pouso Redondo,2014,680
4213708,Pouso Redondo,2015,779
4213708,Pouso Redondo,2016,784
4213708,Pouso Redondo,2017,826
4213708,Pouso Redondo,2018,809
4213708,Pouso Redondo,2019,922
4213708,Pouso Redondo,2020,921
4213708,Pouso Redondo,2021,883
4213708,Pouso Redondo,2022,1007
4213708,Pouso Redondo,2023,1031
4213708,Pouso Redondo,2024,1090
4213807,Praia Grande,2013,476
4213807,Praia Grande,2014,0
4213807,Praia Grande,2015,640
4213807,Praia Grande,2016,739
4213807,Praia Grande,2017,833
4213807,Praia Grande,2018,897
4213807,Praia Grande,2019,905
4213807,Praia Grande,2020,947
4213807,Praia Grande,2021,902
4213807,Praia Grande,2022,962
4213807,Praia Grande,2023,1032
4213807,Praia Grande,2024,1083
4213906,Presidente Castello Branco,2013,541
4213906,Presidente Castello Branco,2014,693
4213906,Presidente Castello Branco,2015,696
4213906,Presidente Castello Branco,2016,714
4213906,Presidente Castello Branco,2017,878
4213906,Presidente Castello Branco,2018,1037
4213906,Presidente Castello Branco,2019,903
4213906,Presidente Castello Branco,2020,949
4213906,Presidente Castello Branco,2021,952
4213906,Presidente Castello Branco,2022,963
4213906,Presidente Castello Branco,2023,1068
4213906,Presidente Castello Branco,2024,1010
4214003,Presidente Getúlio,2013,615
4214003,Presidente Getúlio,2014,589
4214003,Presidente Getúlio,2015,694
4214003,Presidente Getúlio,2016,695
4214003,Presidente Getúlio,2017,921
4214003,Presidente Getúlio,2018,961
4214003,Presidente Getúlio,2019,1031
4214003,Presidente Getúlio,2020,1027
4214003,Presidente Getúlio,2021,1118
4214003,Presidente Getúlio,2022,1172
4214003,Presidente Getúlio,2023,1161
4214003,Presidente Getúlio,2024,1189
4214102,Presidente Nereu,2013,356
4214102,Presidente Nereu,2014,0
4214102,Presidente Nereu,2015,547
4214102,Presidente Nereu,2016,524
4214102,Presidente Nereu,2017,605
4214102,Presidente Nereu,2018,677
4214102,Presidente Nereu,2019,717
4214102,Presidente Nereu,2020,638
4214102,Presidente Nereu,2021,660
4214102,Presidente Nereu,2022,743
4214102,Presidente Nereu,2023,697
4214102,Presidente Nereu,2024,695
4214151,Princesa,2013,578
4214151,Princesa,2014,0
4214151,Princesa,2015,693
4214151,Princesa,2016,700
4214151,Princesa,2017,625
4214151,Princesa,2018,881
4214151,Princesa,2019,1007
4214151,Princesa,2020,960
4214151,Princesa,2021,938
4214151,Princesa,2022,957
4214151,Princesa,2023,950
4214151,Princesa,2024,1057
4214201,Quilombo,2013,639
4214201,Quilombo,2014,762
4214201,Quilombo,2015,805
4214201,Quilombo,2016,842
4214201,Quilombo,2017,965
4214201,Quilombo,2018,1071
4214201,Quilombo,2019,1107
4214201,Quilombo,2020,1095
4214201,Quilombo,2021,1045
4214201,Quilombo,2022,5016
4214201,Quilombo,2023,1178
4214201,Quilombo,2024,1278
4214300,Rancho Queimado,2013,572
4214300,Rancho Queimado,2014,747
4214300,Rancho Queimado,2015,703
4214300,Rancho Queimado,2016,770
4214300,Rancho Queimado,2017,924
4214300,Rancho Queimado,2018,939
4214300,Rancho Queimado,2019,1089
4214300,Rancho Queimado,2020,1133
4214300,Rancho Queimado,2021,1286
4214300,Rancho Queimado,2022,1161
4214300,Rancho Queimado,2023,1282
4214300,Rancho Queimado,2024,1264
4214409,Rio das Antas,2013,546
4214409,Rio das Antas,2014,673
4214409,Rio das Antas,2015,742
4214409,Rio das Antas,2016,795
4214409,Rio das Antas,2017,836
4214409,Rio das Antas,2018,905
4214409,Rio das Antas,2019,959
4214409,Rio das Antas,2020,978
4214409,Rio das Antas,2021,994
4214409,Rio das Antas,2022,1019
4214409,Rio das Antas,2023,999
4214409,Rio das Antas,2024,1034
4214508,Rio do Campo,2013,704
4214508,Rio do Campo,2014,846
4214508,Rio do Campo,2015,908
4214508,Rio do Campo,2016,947
4214508,Rio do Campo,2017,1148
4214508,Rio do Campo,2018,1136
4214508,Rio do Campo,2019,1106
4214508,Rio do Campo,2020,1112
4214508,Rio do Campo,2021,1195
4214508,Rio do Campo,2022,1239
4214508,Rio do Campo,2023,1206
4214508,Rio do Campo,2024,1318
4214607,Rio do Oeste,2013,420
4214607,Rio do Oeste,2014,499
4214607,Rio do Oeste,2015,540
4214607,Rio do Oeste,2016,546
4214607,Rio do Oeste,2017,571
4214607,Rio do Oeste,2018,595
4214607,Rio do Oeste,2019,683
4214607,Rio do Oeste,2020,596
4214607,Rio do Oeste,2021,587
4214607,Rio do Oeste,2022,588
4214607,Rio do Oeste,2023,731
4214607,Rio do Oeste,2024,939
4214706,Rio dos Cedros,2013,614
4214706,Rio dos Cedros,2014,714
4214706,Rio dos Cedros,2015,769
4214706,Rio dos Cedros,2016,807
4214706,Rio dos Cedros,2017,916
4214706,Rio dos Cedros,2018,986
4214706,Rio dos Cedros,2019,1016
4214706,Rio dos Cedros,2020,1043
4214706,Rio dos Cedros,2021,1017
4214706,Rio dos Cedros,2022,989
4214706,Rio dos Cedros,2023,1009
4214706,Rio dos Cedros,2024,1044
4214805,Rio do Sul,2013,581
4214805,Rio do Sul,2014,972
4214805,Rio do Sul,2015,1159
4214805,Rio do Sul,2016,1106
4214805,Rio do Sul,2017,1253
4214805,Rio do Sul,2018,1275
4214805,Rio do Sul,2019,1220
4214805,Rio do Sul,2020,1291
4214805,Rio do Sul,2021,1214
4214805,Rio do Sul,2022,1211
4214805,Rio do Sul,2023,1209
4214805,Rio do Sul,2024,1264
4214904,Rio Fortuna,2013,465
4214904,Rio Fortuna,2014,572
4214904,Rio Fortuna,2015,672
4214904,Rio Fortuna,2016,634
4214904,Rio Fortuna,2017,720
4214904,Rio Fortuna,2018,723
4214904,Rio Fortuna,2019,693
4214904,Rio Fortuna,2020,757
4214904,Rio Fortuna,2021,722
4214904,Rio Fortuna,2022,607
4214904,Rio Fortuna,2023,760
4214904,Rio Fortuna,2024,785
4215000,Rio Negrinho,2013,820
4215000,Rio Negrinho,2014,993
4215000,Rio Negrinho,2015,1082
4215000,Rio Negrinho,2016,1191
4215000,Rio Negrinho,2017,1538
4215000,Rio Negrinho,2018,1648
4215000,Rio Negrinho,2019,1623
4215000,Rio Negrinho,2020,1697
4215000,Rio Negrinho,2021,1585
4215000,Rio Negrinho,2022,1613
4215000,Rio Negrinho,2023,1604
4215000,Rio Negrinho,2024,1644
4215059,Rio Rufino,2013,583
4215059,Rio Rufino,2014,719
4215059,Rio Rufino,2015,789
4215059,Rio Rufino,2016,724
4215059,Rio Rufino,2017,861
4215059,Rio Rufino,2018,856
4215059,Rio Rufino,2019,870
4215059,Rio Rufino,2020,862
4215059,Rio Rufino,2021,774
4215059,Rio Rufino,2022,874
4215059,Rio Rufino,2023,982
4215059,Rio Rufino,2024,986
4215075,Riqueza,2013,370
4215075,Riqueza,2014,303
4215075,Riqueza,2015,479
4215075,Riqueza,2016,519
4215075,Riqueza,2017,565
4215075,Riqueza,2018,618
4215075,Riqueza,2019,641
4215075,Riqueza,2020,673
4215075,Riqueza,2021,738
4215075,Riqueza,2022,686
4215075,Riqueza,2023,862
4215075,Riqueza,2024,893
4215109,Rodeio,2013,612
4215109,Rodeio,2014,669
4215109,Rodeio,2015,741
4215109,Rodeio,2016,769
4215109,Rodeio,2017,875
4215109,Rodeio,2018,939
4215109,Rodeio,2019,941
4215109,Rodeio,2020,995
4215109,Rodeio,2021,1011
4215109,Rodeio,2022,1044
4215109,Rodeio,2023,1066
4215109,Rodeio,2024,1122
4215208,Romelândia,2013,423
4215208,Romelândia,2014,494
4215208,Romelândia,2015,625
4215208,Romelândia,2016,710
4215208,Romelândia,2017,792
4215208,Romelândia,2018,906
4215208,Romelândia,2019,976
4215208,Romelândia,2020,979
4215208,Romelândia,2021,999
4215208,Romelândia,2022,1084
4215208,Romelândia,2023,1125
4215208,Romelândia,2024,1141
4215307,Salete,2013,638
4215307,Salete,2014,707
4215307,Salete,2015,792
4215307,Salete,2016,830
4215307,Salete,2017,971
4215307,Salete,2018,990
4215307,Salete,2019,1055
4215307,Salete,2020,881
4215307,Salete,2021,937
4215307,Salete,2022,865
4215307,Salete,2023,752
4215307,Salete,2024,877
4215356,Saltinho,2013,411
4215356,Saltinho,2014,527
4215356,Saltinho,2015,552
4215356,Saltinho,2016,591
4215356,Saltinho,2017,687
4215356,Saltinho,2018,655
4215356,Saltinho,2019,663
4215356,Saltinho,2020,642
4215356,Saltinho,2021,731
4215356,Saltinho,2022,791
4215356,Saltinho,2023,908
4215356,Saltinho,2024,969
4215406,Salto Veloso,2013,498
4215406,Salto Veloso,2014,533
4215406,Salto Veloso,2015,397
4215406,Salto Veloso,2016,582
4215406,Salto Veloso,2017,591
4215406,Salto Veloso,2018,582
4215406,Salto Veloso,2019,593
4215406,Salto Veloso,2020,651
4215406,Salto Veloso,2021,782
4215406,Salto Veloso,2022,818
4215406,Salto Veloso,2023,865
4215406,Salto Veloso,2024,914
4215455,Sangão,2013,428
4215455,Sangão,2014,490
4215455,Sangão,2015,499
4215455,Sangão,2016,507
4215455,Sangão,2017,494
4215455,Sangão,2018,533
4215455,Sangão,2019,609
4215455,Sangão,2020,584
4215455,Sangão,2021,608
4215455,Sangão,2022,636
4215455,Sangão,2023,654
4215455,Sangão,2024,648
4215505,Santa Cecília,2013,500
4215505,Santa Cecília,2014,0
4215505,Santa Cecília,2015,649
4215505,Santa Cecília,2016,690
4215505,Santa Cecília,2017,764
4215505,Santa Cecília,2018,771
4215505,Santa Cecília,2019,852
4215505,Santa Cecília,2020,937
4215505,Santa Cecília,2021,1065
4215505,Santa Cecília,2022,1107
4215505,Santa Cecília,2023,1134
4215505,Santa Cecília,2024,1271
4215554,Santa Helena,2013,599
4215554,Santa Helena,2014,0
4215554,Santa Helena,2015,605
4215554,Santa Helena,2016,670
4215554,Santa Helena,2017,718
4215554,Santa Helena,2018,772
4215554,Santa Helena,2019,801
4215554,Santa Helena,2020,780
4215554,Santa Helena,2021,824
4215554,Santa Helena,2022,842
4215554,Santa Helena,2023,809
4215554,Santa Helena,2024,872
4215604,Santa Rosa de Lima,2013,483
4215604,Santa Rosa de Lima,2014,578
4215604,Santa Rosa de Lima,2015,615
4215604,Santa Rosa de Lima,2016,650
4215604,Santa Rosa de Lima,2017,657
4215604,Santa Rosa de Lima,2018,726
4215604,Santa Rosa de Lima,2019,744
4215604,Santa Rosa de Lima,2020,858
4215604,Santa Rosa de Lima,2021,877
4215604,Santa Rosa de Lima,2022,916
4215604,Santa Rosa de Lima,2023,931
4215604,Santa Rosa de Lima,2024,985
4215653,Santa Rosa do Sul,2013,499
4215653,Santa Rosa do Sul,2014,0
4215653,Santa Rosa do Sul,2015,675
4215653,Santa Rosa do Sul,2016,683
4215653,Santa Rosa do Sul,2017,900
4215653,Santa Rosa do Sul,2018,885
4215653,Santa Rosa do Sul,2019,678
4215653,Santa Rosa do Sul,2020,905
4215653,Santa Rosa do Sul,2021,968
4215653,Santa Rosa do Sul,2022,959
4215653,Santa Rosa do Sul,2023,1036
4215653,Santa Rosa do Sul,2024,1036
4215679,Santa Terezinha,2013,460
4215679,Santa Terezinha,2014,0
4215679,Santa Terezinha,2015,562
4215679,Santa Terezinha,2016,556
4215679,Santa Terezinha,2017,535
4215679,Santa Terezinha,2018,578
4215679,Santa Terezinha,2019,630
4215679,Santa Terezinha,2020,666
4215679,Santa Terezinha,2021,610
4215679,Santa Terezinha,2022,763
4215679,Santa Terezinha,2023,775
4215679,Santa Terezinha,2024,773
4215687,Santa Terezinha do Progresso,2013,450
4215687,Santa Terezinha do Progresso,2014,530
4215687,Santa Terezinha do Progresso,2015,582
4215687,Santa Terezinha do Progresso,2016,611
4215687,Santa Terezinha do Progresso,2017,669
4215687,Santa Terezinha do Progresso,2018,714
4215687,Santa Terezinha do Progresso,2019,800
4215687,Santa Terezinha do Progresso,2020,801
4215687,Santa Terezinha do Progresso,2021,787
4215687,Santa Terezinha do Progresso,2022,819
4215687,Santa Terezinha do Progresso,2023,856
4215687,Santa Terezinha do Progresso,2024,845
4215695,Santiago do Sul,2013,541
4215695,Santiago do Sul,2014,0
4215695,Santiago do Sul,2015,654
4215695,Santiago do Sul,2016,777
4215695,Santiago do Sul,2017,673
4215695,Santiago do Sul,2018,695
4215695,Santiago do Sul,2019,748
4215695,Santiago do Sul,2020,734
4215695,Santiago do Sul,2021,773
4215695,Santiago do Sul,2022,785
4215695,Santiago do Sul,2023,902
4215695,Santiago do Sul,2024,906
4215703,Santo Amaro da Imperatriz,2013,707
4215703,Santo Amaro da Imperatriz,2014,701
4215703,Santo Amaro da Imperatriz,2015,906
4215703,Santo Amaro da Imperatriz,2016,984
4215703,Santo Amaro da Imperatriz,2017,1025
4215703,Santo Amaro da Imperatriz,2018,1029
4215703,Santo Amaro da Imperatriz,2019,1102
4215703,Santo Amaro da Imperatriz,2020,948
4215703,Santo Amaro da Imperatriz,2021,1048
4215703,Santo Amaro da Imperatriz,2022,1129
4215703,Santo Amaro da Imperatriz,2023,1174
4215703,Santo Amaro da Imperatriz,2024,1167
4215752,São Bernardino,2013,452
4215752,São Bernardino,2014,564
4215752,São Bernardino,2015,586
4215752,São Bernardino,2016,597
4215752,São Bernardino,2017,668
4215752,São Bernardino,2018,763
4215752,São Bernardino,2019,718
4215752,São Bernardino,2020,711
4215752,São Bernardino,2021,768
4215752,São Bernardino,2022,771
4215752,São Bernardino,2023,807
4215752,São Bernardino,2024,874
4215802,São Bento do Sul,2013,993
4215802,São Bento do Sul,2014,1233
4215802,São Bento do Sul,2015,1327
4215802,São Bento do Sul,2016,1376
4215802,São Bento do Sul,2017,1746
4215802,São Bento do Sul,2018,1797
4215802,São Bento do Sul,2019,1803
4215802,São Bento do Sul,2020,1841
4215802,São Bento do Sul,2021,1828
4215802,São Bento do Sul,2022,1891
4215802,São Bento do Sul,2023,1925
4215802,São Bento do Sul,2024,1913
4215901,São Bonifácio,2013,571
4215901,São Bonifácio,2014,0
4215901,São Bonifácio,2015,596
4215901,São Bonifácio,2016,631
4215901,São Bonifácio,2017,677
4215901,São Bonifácio,2018,759
4215901,São Bonifácio,2019,859
4215901,São Bonifácio,2020,964
4215901,São Bonifácio,2021,816
4215901,São Bonifácio,2022,890
4215901,São Bonifácio,2023,743
4215901,São Bonifácio,2024,824
4216008,São Carlos,2013,579
4216008,São Carlos,2014,678
4216008,São Carlos,2015,649
4216008,São Carlos,2016,640
4216008,São Carlos,2017,741
4216008,São Carlos,2018,930
4216008,São Carlos,2019,1018
4216008,São Carlos,2020,1061
4216008,São Carlos,2021,1022
4216008,São Carlos,2022,1075
4216008,São Carlos,2023,1129
4216008,São Carlos,2024,1161
4216057,São Cristóvão do Sul,2013,552
4216057,São Cristóvão do Sul,2014,594
4216057,São Cristóvão do Sul,2015,632
4216057,São Cristóvão do Sul,2016,681
4216057,São Cristóvão do Sul,2017,742
4216057,São Cristóvão do Sul,2018,0
4216057,São Cristóvão do Sul,2019,729
4216057,São Cristóvão do Sul,2020,723
4216057,São Cristóvão do Sul,2021,827
4216057,São Cristóvão do Sul,2022,893
4216057,São Cristóvão do Sul,2023,891
4216057,São Cristóvão do Sul,2024,981
4216107,São Domingos,2013,407
4216107,São Domingos,2014,442
4216107,São Domingos,2015,564
4216107,São Domingos,2016,537
4216107,São Domingos,2017,627
4216107,São Domingos,2018,761
4216107,São Domingos,2019,811
4216107,São Domingos,2020,615
4216107,São Domingos,2021,800
4216107,São Domingos,2022,858
4216107,São Domingos,2023,840
4216107,São Domingos,2024,839
4216206,São Francisco do Sul,2013,928
4216206,São Francisco do Sul,2014,872
4216206,São Francisco do Sul,2015,1076
4216206,São Francisco do Sul,2016,1314
4216206,São Francisco do Sul,2017,1730
4216206,São Francisco do Sul,2018,1787
4216206,São Francisco do Sul,2019,1876
4216206,São Francisco do Sul,2020,1828
4216206,São Francisco do Sul,2021,1788
4216206,São Francisco do Sul,2022,1852
4216206,São Francisco do Sul,2023,1915
4216206,São Francisco do Sul,2024,1843
4216255,São João do Oeste,2013,592
4216255,São João do Oeste,2014,513
4216255,São João do Oeste,2015,642
4216255,São João do Oeste,2016,707
4216255,São João do Oeste,2017,754
4216255,São João do Oeste,2018,766
4216255,São João do Oeste,2019,724
4216255,São João do Oeste,2020,802
4216255,São João do Oeste,2021,848
4216255,São João do Oeste,2022,971
4216255,São João do Oeste,2023,1219
4216255,São João do Oeste,2024,1195
4216305,São João Batista,2013,797
4216305,São João Batista,2014,795
4216305,São João Batista,2015,981
4216305,São João Batista,2016,1010
4216305,São João Batista,2017,1216
4216305,São João Batista,2018,1239
4216305,São João Batista,2019,1290
4216305,São João Batista,2020,1261
4216305,São João Batista,2021,1296
4216305,São João Batista,2022,1396
4216305,São João Batista,2023,1438
4216305,São João Batista,2024,1419
4216354,São João do Itaperiú,2013,626
4216354,São João do Itaperiú,2014,682
4216354,São João do Itaperiú,2015,673
4216354,São João do Itaperiú,2016,681
4216354,São João do Itaperiú,2017,744
4216354,São João do Itaperiú,2018,812
4216354,São João do Itaperiú,2019,833
4216354,São João do Itaperiú,2020,986
4216354,São João do Itaperiú,2021,973
4216354,São João do Itaperiú,2022,1047
4216354,São João do Itaperiú,2023,1083
4216354,São João do Itaperiú,2024,1062
4216404,São João do Sul,2013,546
4216404,São João do Sul,2014,0
4216404,São João do Sul,2015,630
4216404,São João do Sul,2016,684
4216404,São João do Sul,2017,795
4216404,São João do Sul,2018,783
4216404,São João do Sul,2019,679
4216404,São João do Sul,2020,697
4216404,São João do Sul,2021,822
4216404,São João do Sul,2022,794
4216404,São João do Sul,2023,883
4216404,São João do Sul,2024,861
4216503,São Joaquim,2013,557
4216503,São Joaquim,2014,786
4216503,São Joaquim,2015,876
4216503,São Joaquim,2016,885
4216503,São Joaquim,2017,1099
4216503,São Joaquim,2018,1152
4216503,São Joaquim,2019,1163
4216503,São Joaquim,2020,1167
4216503,São Joaquim,2021,1174
4216503,São Joaquim,2022,1185
4216503,São Joaquim,2023,1222
4216503,São Joaquim,2024,1189
4216602,São José,2013,965
4216602,São José,2014,1143
4216602,São José,2015,1242
4216602,São José,2016,1219
4216602,São José,2017,1493
4216602,São José,2018,1511
4216602,São José,2019,1611
4216602,São José,2020,1687
4216602,São José,2021,1569
4216602,São José,2022,1798
4216602,São José,2023,1811
4216602,São José,2024,1863
4216701,São José do Cedro,2013,645
4216701,São José do Cedro,2014,662
4216701,São José do Cedro,2015,808
4216701,São José do Cedro,2016,796
4216701,São José do Cedro,2017,967
4216701,São José do Cedro,2018,1028
4216701,São José do Cedro,2019,1032
4216701,São José do Cedro,2020,1055
4216701,São José do Cedro,2021,1078
4216701,São José do Cedro,2022,1028
4216701,São José do Cedro,2023,1148
4216701,São José do Cedro,2024,1140
4216800,São José do Cerrito,2013,546
4216800,São José do Cerrito,2014,613
4216800,São José do Cerrito,2015,675
4216800,São José do Cerrito,2016,748
4216800,São José do Cerrito,2017,778
4216800,São José do Cerrito,2018,890
4216800,São José do Cerrito,2019,922
4216800,São José do Cerrito,2020,900
4216800,São José do Cerrito,2021,861
4216800,São José do Cerrito,2022,1053
4216800,São José do Cerrito,2023,1050
4216800,São José do Cerrito,2024,1089
4216909,São Lourenço do Oeste,2013,519
4216909,São Lourenço do Oeste,2014,534
4216909,São Lourenço do Oeste,2015,667
4216909,São Lourenço do Oeste,2016,738
4216909,São Lourenço do Oeste,2017,814
4216909,São Lourenço do Oeste,2018,897
4216909,São Lourenço do Oeste,2019,934
4216909,São Lourenço do Oeste,2020,1114
4216909,São Lourenço do Oeste,2021,1052
4216909,São Lourenço do Oeste,2022,1054
4216909,São Lourenço do Oeste,2023,1033
4216909,São Lourenço do Oeste,2024,1127
4217006,São Ludgero,2013,498
4217006,São Ludgero,2014,624
4217006,São Ludgero,2015,703
4217006,São Ludgero,2016,781
4217006,São Ludgero,2017,876
4217006,São Ludgero,2018,858
4217006,São Ludgero,2019,924
4217006,São Ludgero,2020,973
4217006,São Ludgero,2021,992
4217006,São Ludgero,2022,1085
4217006,São Ludgero,2023,1135
4217006,São Ludgero,2024,1190
4217105,São Martinho,2013,490
4217105,São Martinho,2014,624
4217105,São Martinho,2015,673
4217105,São Martinho,2016,722
4217105,São Martinho,2017,726
4217105,São Martinho,2018,875
4217105,São Martinho,2019,808
4217105,São Martinho,2020,835
4217105,São Martinho,2021,975
4217105,São Martinho,2022,1093
4217105,São Martinho,2023,1145
4217105,São Martinho,2024,1143
4217154,São Miguel da Boa Vista,2013,520
4217154,São Miguel da Boa Vista,2014,590
4217154,São Miguel da Boa Vista,2015,601
4217154,São Miguel da Boa Vista,2016,697
4217154,São Miguel da Boa Vista,2017,799
4217154,São Miguel da Boa Vista,2018,821
4217154,São Miguel da Boa Vista,2019,877
4217154,São Miguel da Boa Vista,2020,901
4217154,São Miguel da Boa Vista,2021,940
4217154,São Miguel da Boa Vista,2022,952
4217154,São Miguel da Boa Vista,2023,1023
4217154,São Miguel da Boa Vista,2024,1063
4217204,São Miguel do Oeste,2013,909
4217204,São Miguel do Oeste,2014,926
4217204,São Miguel do Oeste,2015,974
4217204,São Miguel do Oeste,2016,1073
4217204,São Miguel do Oeste,2017,1437
4217204,São Miguel do Oeste,2018,1344
4217204,São Miguel do Oeste,2019,1218
4217204,São Miguel do Oeste,2020,1292
4217204,São Miguel do Oeste,2021,1333
4217204,São Miguel do Oeste,2022,1404
4217204,São Miguel do Oeste,2023,1498
4217204,São Miguel do Oeste,2024,1454
4217253,São Pedro de Alcântara,2013,626
4217253,São Pedro de Alcântara,2014,0
4217253,São Pedro de Alcântara,2015,799
4217253,São Pedro de Alcântara,2016,809
4217253,São Pedro de Alcântara,2017,930
4217253,São Pedro de Alcântara,2018,921
4217253,São Pedro de Alcântara,2019,976
4217253,São Pedro de Alcântara,2020,1070
4217253,São Pedro de Alcântara,2021,1053
4217253,São Pedro de Alcântara,2022,1111
4217253,São Pedro de Alcântara,2023,1179
4217253,São Pedro de Alcântara,2024,1195
4217303,Saudades,2013,584
4217303,Saudades,2014,0
4217303,Saudades,2015,781
4217303,Saudades,2016,802
4217303,Saudades,2017,938
4217303,Saudades,2018,920
4217303,Saudades,2019,934
4217303,Saudades,2020,958
4217303,Saudades,2021,890
4217303,Saudades,2022,975
4217303,Saudades,2023,1046
4217303,Saudades,2024,1051
4217402,Schroeder,2013,560
4217402,Schroeder,2014,735
4217402,Schroeder,2015,726
4217402,Schroeder,2016,731
4217402,Schroeder,2017,782
4217402,Schroeder,2018,803
4217402,Schroeder,2019,849
4217402,Schroeder,2020,825
4217402,Schroeder,2021,875
4217402,Schroeder,2022,1055
4217402,Schroeder,2023,1112
4217402,Schroeder,2024,1182
4217501,Seara,2013,730
4217501,Seara,2014,926
4217501,Seara,2015,1017
4217501,Seara,2016,949
4217501,Seara,2017,1098
4217501,Seara,2018,1174
4217501,Seara,2019,1142
4217501,Seara,2020,1171
4217501,Seara,2021,1256
4217501,Seara,2022,1312
4217501,Seara,2023,1392
4217501,Seara,2024,1407
4217550,Serra Alta,2013,540
4217550,Serra Alta,2014,584
4217550,Serra Alta,2015,654
4217550,Serra Alta,2016,695
4217550,Serra Alta,2017,802
4217550,Serra Alta,2018,702
4217550,Serra Alta,2019,918
4217550,Serra Alta,2020,914
4217550,Serra Alta,2021,976
4217550,Serra Alta,2022,987
4217550,Serra Alta,2023,1054
4217550,Serra Alta,2024,1033
4217600,Siderópolis,2013,588
4217600,Siderópolis,2014,648
4217600,Siderópolis,2015,798
4217600,Siderópolis,2016,841
4217600,Siderópolis,2017,971
4217600,Siderópolis,2018,988
4217600,Siderópolis,2019,942
4217600,Siderópolis,2020,960
4217600,Siderópolis,2021,1075
4217600,Siderópolis,2022,1209
4217600,Siderópolis,2023,1275
4217600,Siderópolis,2024,1233
4217709,Sombrio,2013,676
4217709,Sombrio,2014,705
4217709,Sombrio,2015,887
4217709,Sombrio,2016,924
4217709,Sombrio,2017,1040
4217709,Sombrio,2018,1070
4217709,Sombrio,2019,1170
4217709,Sombrio,2020,1124
4217709,Sombrio,2021,1111
4217709,Sombrio,2022,1207
4217709,Sombrio,2023,1207
4217709,Sombrio,2024,1264
4217758,Sul Brasil,2013,475
4217758,Sul Brasil,2014,591
4217758,Sul Brasil,2015,583
4217758,Sul Brasil,2016,553
4217758,Sul Brasil,2017,692
4217758,Sul Brasil,2018,757
4217758,Sul Brasil,2019,810
4217758,Sul Brasil,2020,852
4217758,Sul Brasil,2021,876
4217758,Sul Brasil,2022,941
4217758,Sul Brasil,2023,1055
4217758,Sul Brasil,2024,1195
4217808,Taió,2013,674
4217808,Taió,2014,739
4217808,Taió,2015,905
4217808,Taió,2016,898
4217808,Taió,2017,1068
4217808,Taió,2018,1126
4217808,Taió,2019,1198
4217808,Taió,2020,1264
4217808,Taió,2021,1245
4217808,Taió,2022,1322
4217808,Taió,2023,1407
4217808,Taió,2024,1530
4217907,Tangará,2013,476
4217907,Tangará,2014,532
4217907,Tangará,2015,587
4217907,Tangará,2016,591
4217907,Tangará,2017,655
4217907,Tangará,2018,783
4217907,Tangará,2019,929
4217907,Tangará,2020,1028
4217907,Tangará,2021,1048
4217907,Tangará,2022,1103
4217907,Tangará,2023,1125
4217907,Tangará,2024,1144
4217956,Tigrinhos,2013,563
4217956,Tigrinhos,2014,711
4217956,Tigrinhos,2015,595
4217956,Tigrinhos,2016,648
4217956,Tigrinhos,2017,756
4217956,Tigrinhos,2018,796
4217956,Tigrinhos,2019,805
4217956,Tigrinhos,2020,786
4217956,Tigrinhos,2021,823
4217956,Tigrinhos,2022,805
4217956,Tigrinhos,2023,838
4217956,Tigrinhos,2024,788
4218004,Tijucas,2013,901
4218004,Tijucas,2014,995
4218004,Tijucas,2015,1041
4218004,Tijucas,2016,1127
4218004,Tijucas,2017,1420
4218004,Tijucas,2018,1466
4218004,Tijucas,2019,1574
4218004,Tijucas,2020,1614
4218004,Tijucas,2021,1520
4218004,Tijucas,2022,1588
4218004,Tijucas,2023,1637
4218004,Tijucas,2024,1717
4218103,Timbé do Sul,2013,547
4218103,Timbé do Sul,2014,0
4218103,Timbé do Sul,2015,614
4218103,Timbé do Sul,2016,620
4218103,Timbé do Sul,2017,721
4218103,Timbé do Sul,2018,728
4218103,Timbé do Sul,2019,855
4218103,Timbé do Sul,2020,844
4218103,Timbé do Sul,2021,864
4218103,Timbé do Sul,2022,880
4218103,Timbé do Sul,2023,934
4218103,Timbé do Sul,2024,904
4218202,Timbó,2013,992
4218202,Timbó,2014,1068
4218202,Timbó,2015,1089
4218202,Timbó,2016,1187
4218202,Timbó,2017,1408
4218202,Timbó,2018,1481
4218202,Timbó,2019,1549
4218202,Timbó,2020,1547
4218202,Timbó,2021,1544
4218202,Timbó,2022,1530
4218202,Timbó,2023,1602
4218202,Timbó,2024,1583
4218251,Timbó Grande,2013,640
4218251,Timbó Grande,2014,802
4218251,Timbó Grande,2015,735
4218251,Timbó Grande,2016,754
4218251,Timbó Grande,2017,916
4218251,Timbó Grande,2018,877
4218251,Timbó Grande,2019,811
4218251,Timbó Grande,2020,807
4218251,Timbó Grande,2021,751
4218251,Timbó Grande,2022,818
4218251,Timbó Grande,2023,905
4218251,Timbó Grande,2024,862
4218301,Três Barras,2013,665
4218301,Três Barras,2014,0
4218301,Três Barras,2015,835
4218301,Três Barras,2016,921
4218301,Três Barras,2017,1169
4218301,Três Barras,2018,1243
4218301,Três Barras,2019,1223
4218301,Três Barras,2020,1287
4218301,Três Barras,2021,1282
4218301,Três Barras,2022,1339
4218301,Três Barras,2023,1432
4218301,Três Barras,2024,1459
4218350,Treviso,2013,480
4218350,Treviso,2014,543
4218350,Treviso,2015,542
4218350,Treviso,2016,464
4218350,Treviso,2017,562
4218350,Treviso,2018,447
4218350,Treviso,2019,530
4218350,Treviso,2020,828
4218350,Treviso,2021,907
4218350,Treviso,2022,868
4218350,Treviso,2023,927
4218350,Treviso,2024,937
4218400,Treze de Maio,2013,390
4218400,Treze de Maio,2014,465
4218400,Treze de Maio,2015,516
4218400,Treze de Maio,2016,534
4218400,Treze de Maio,2017,628
4218400,Treze de Maio,2018,671
4218400,Treze de Maio,2019,681
4218400,Treze de Maio,2020,665
4218400,Treze de Maio,2021,617
4218400,Treze de Maio,2022,751
4218400,Treze de Maio,2023,817
4218400,Treze de Maio,2024,904
4218509,Treze Tílias,2013,40
4218509,Treze Tílias,2014,36
4218509,Treze Tílias,2015,707
4218509,Treze Tílias,2016,723
4218509,Treze Tílias,2017,974
4218509,Treze Tílias,2018,786
4218509,Treze Tílias,2019,983
4218509,Treze Tílias,2020,888
4218509,Treze Tílias,2021,948
4218509,Treze Tílias,2022,1067
4218509,Treze Tílias,2023,1101
4218509,Treze Tílias,2024,1124
4218608,Trombudo Central,2013,627
4218608,Trombudo Central,2014,814
4218608,Trombudo Central,2015,845
4218608,Trombudo Central,2016,846
4218608,Trombudo Central,2017,995
4218608,Trombudo Central,2018,915
4218608,Trombudo Central,2019,919
4218608,Trombudo Central,2020,949
4218608,Trombudo Central,2021,964
4218608,Trombudo Central,2022,1054
4218608,Trombudo Central,2023,1146
4218608,Trombudo Central,2024,1119
4218707,Tubarão,2013,871
4218707,Tubarão,2014,1009
4218707,Tubarão,2015,1118
4218707,Tubarão,2016,1099
4218707,Tubarão,2017,1408
4218707,Tubarão,2018,1450
4218707,Tubarão,2019,1551
4218707,Tubarão,2020,1592
4218707,Tubarão,2021,1579
4218707,Tubarão,2022,1581
4218707,Tubarão,2023,1668
4218707,Tubarão,2024,1735
4218756,Tunápolis,2013,549
4218756,Tunápolis,2014,0
4218756,Tunápolis,2015,693
4218756,Tunápolis,2016,736
4218756,Tunápolis,2017,820
4218756,Tunápolis,2018,898
4218756,Tunápolis,2019,938
4218756,Tunápolis,2020,963
4218756,Tunápolis,2021,985
4218756,Tunápolis,2022,1013
4218756,Tunápolis,2023,1086
4218756,Tunápolis,2024,1061
4218806,Turvo,2013,381
4218806,Turvo,2014,0
4218806,Turvo,2015,449
4218806,Turvo,2016,446
4218806,Turvo,2017,457
4218806,Turvo,2018,542
4218806,Turvo,2019,520
4218806,Turvo,2020,537
4218806,Turvo,2021,628
4218806,Turvo,2022,538
4218806,Turvo,2023,576
4218806,Turvo,2024,553
4218855,União do Oeste,2013,535
4218855,União do Oeste,2014,571
4218855,União do Oeste,2015,678
4218855,União do Oeste,2016,662
4218855,União do Oeste,2017,806
4218855,União do Oeste,2018,876
4218855,União do Oeste,2019,828
4218855,União do Oeste,2020,842
4218855,União do Oeste,2021,839
4218855,União do Oeste,2022,913
4218855,União do Oeste,2023,941
4218855,União do Oeste,2024,924
4218905,Urubici,2013,618
4218905,Urubici,2014,0
4218905,Urubici,2015,751
4218905,Urubici,2016,703
4218905,Urubici,2017,844
4218905,Urubici,2018,1014
4218905,Urubici,2019,970
4218905,Urubici,2020,1084
4218905,Urubici,2021,1039
4218905,Urubici,2022,1085
4218905,Urubici,2023,1189
4218905,Urubici,2024,1275
4218954,Urupema,2013,628
4218954,Urupema,2014,698
4218954,Urupema,2015,768
4218954,Urupema,2016,752
4218954,Urupema,2017,944
4218954,Urupema,2018,916
4218954,Urupema,2019,903
4218954,Urupema,2020,901
4218954,Urupema,2021,920
4218954,Urupema,2022,992
4218954,Urupema,2023,1030
4218954,Urupema,2024,967
4219002,Urussanga,2013,624
4219002,Urussanga,2014,608
4219002,Urussanga,2015,794
4219002,Urussanga,2016,817
4219002,Urussanga,2017,937
4219002,Urussanga,2018,951
4219002,Urussanga,2019,1062
4219002,Urussanga,2020,1075
4219002,Urussanga,2021,1073
4219002,Urussanga,2022,1100
4219002,Urussanga,2023,1202
4219002,Urussanga,2024,1118
4219101,Vargeão,2013,505
4219101,Vargeão,2014,555
4219101,Vargeão,2015,644
4219101,Vargeão,2016,659
4219101,Vargeão,2017,763
4219101,Vargeão,2018,709
4219101,Vargeão,2019,778
4219101,Vargeão,2020,765
4219101,Vargeão,2021,845
4219101,Vargeão,2022,884
4219101,Vargeão,2023,852
4219101,Vargeão,2024,901
4219150,Vargem,2013,587
4219150,Vargem,2014,688
4219150,Vargem,2015,760
4219150,Vargem,2016,651
4219150,Vargem,2017,841
4219150,Vargem,2018,891
4219150,Vargem,2019,851
4219150,Vargem,2020,890
4219150,Vargem,2021,797
4219150,Vargem,2022,747
4219150,Vargem,2023,781
4219150,Vargem,2024,0
4219176,Vargem Bonita,2013,434
4219176,Vargem Bonita,2014,526
4219176,Vargem Bonita,2015,560
4219176,Vargem Bonita,2016,576
4219176,Vargem Bonita,2017,667
4219176,Vargem Bonita,2018,614
4219176,Vargem Bonita,2019,615
4219176,Vargem Bonita,2020,674
4219176,Vargem Bonita,2021,708
4219176,Vargem Bonita,2022,721
4219176,Vargem Bonita,2023,739
4219176,Vargem Bonita,2024,716
4219200,Vidal Ramos,2013,516
4219200,Vidal Ramos,2014,0
4219200,Vidal Ramos,2015,643
4219200,Vidal Ramos,2016,604
4219200,Vidal Ramos,2017,701
4219200,Vidal Ramos,2018,753
4219200,Vidal Ramos,2019,759
4219200,Vidal Ramos,2020,720
4219200,Vidal Ramos,2021,838
4219200,Vidal Ramos,2022,935
4219200,Vidal Ramos,2023,844
4219200,Vidal Ramos,2024,851
4219309,Videira,2013,791
4219309,Videira,2014,937
4219309,Videira,2015,1016
4219309,Videira,2016,1018
4219309,Videira,2017,1235
4219309,Videira,2018,1290
4219309,Videira,2019,1469
4219309,Videira,2020,1403
4219309,Videira,2021,1428
4219309,Videira,2022,1511
4219309,Videira,2023,1543
4219309,Videira,2024,1584
4219358,Vitor Meireles,2013,592
4219358,Vitor Meireles,2014,677
4219358,Vitor Meireles,2015,769
4219358,Vitor Meireles,2016,763
4219358,Vitor Meireles,2017,689
4219358,Vitor Meireles,2018,928
4219358,Vitor Meireles,2019,952
4219358,Vitor Meireles,2020,937
4219358,Vitor Meireles,2021,960
4219358,Vitor Meireles,2022,971
4219358,Vitor Meireles,2023,1015
4219358,Vitor Meireles,2024,1049
4219408,Witmarsum,2013,547
4219408,Witmarsum,2014,608
4219408,Witmarsum,2015,671
4219408,Witmarsum,2016,659
4219408,Witmarsum,2017,788
4219408,Witmarsum,2018,794
4219408,Witmarsum,2019,753
4219408,Witmarsum,2020,723
4219408,Witmarsum,2021,760
4219408,Witmarsum,2022,691
4219408,Witmarsum,2023,766
4219408,Witmarsum,2024,862
4219507,Xanxerê,2013,555
4219507,Xanxerê,2014,0
4219507,Xanxerê,2015,744
4219507,Xanxerê,2016,718
4219507,Xanxerê,2017,1008
4219507,Xanxerê,2018,987
4219507,Xanxerê,2019,945
4219507,Xanxerê,2020,958
4219507,Xanxerê,2021,914
4219507,Xanxerê,2022,977
4219507,Xanxerê,2023,985
4219507,Xanxerê,2024,1048
4219606,Xavantina,2013,565
4219606,Xavantina,2014,573
4219606,Xavantina,2015,656
4219606,Xavantina,2016,643
4219606,Xavantina,2017,632
4219606,Xavantina,2018,741
4219606,Xavantina,2019,775
4219606,Xavantina,2020,808
4219606,Xavantina,2021,921
4219606,Xavantina,2022,906
4219606,Xavantina,2023,968
4219606,Xavantina,2024,1001
4219705,Xaxim,2013,638
4219705,Xaxim,2014,683
4219705,Xaxim,2015,799
4219705,Xaxim,2016,834
4219705,Xaxim,2017,1041
4219705,Xaxim,2018,864
4219705,Xaxim,2019,906
4219705,Xaxim,2020,949
4219705,Xaxim,2021,951
4219705,Xaxim,2022,931
4219705,Xaxim,2023,1035
4219705,Xaxim,2024,1038
4219853,Zortéa,2013,410
4219853,Zortéa,2014,0
4219853,Zortéa,2015,561
4219853,Zortéa,2016,575
4219853,Zortéa,2017,664
4219853,Zortéa,2018,753
4219853,Zortéa,2019,952
4219853,Zortéa,2020,958
4219853,Zortéa,2021,933
4219853,Zortéa,2022,1130
4219853,Zortéa,2023,1252
4219853,Zortéa,2024,1274
4220000,Balneário Rincão,2013,387
4220000,Balneário Rincão,2014,427
4220000,Balneário Rincão,2015,640
4220000,Balneário Rincão,2016,680
4220000,Balneário Rincão,2017,963
4220000,Balneário Rincão,2018,1008
4220000,Balneário Rincão,2019,1085
4220000,Balneário Rincão,2020,1112
4220000,Balneário Rincão,2021,1145
4220000,Balneário Rincão,2022,1161
4220000,Balneário Rincão,2023,1156
4220000,Balneário Rincão,2024,1231
